wv,Eu,Er,Ho,Tb,Sm,Dy,Tm
211.02,-1.03E-06,1.04E-05,-1.16E-05,-1.20E-05,-4.89E-05,-3.09E-06,5.48E-06
211.22,-2.77E-06,4.15E-06,-8.04E-06,-2.75E-06,-3.62E-05,-4.15E-06,4.14E-06
211.42,-3.19E-06,3.83E-06,-1.17E-05,-3.63E-07,-2.35E-05,-5.21E-06,4.30E-06
211.63,-1.92E-07,1.04E-06,-2.30E-05,-5.61E-06,-1.08E-05,-6.27E-06,6.59E-06
211.83,5.39E-06,2.98E-06,-2.03E-05,-5.84E-06,2.65E-06,-8.55E-06,3.86E-06
212.03,5.06E-06,-3.15E-07,-1.58E-05,1.22E-06,1.77E-05,-1.36E-05,2.07E-06
212.23,2.51E-06,-4.62E-06,-1.33E-05,6.14E-06,3.28E-05,-1.86E-05,2.23E-06
212.44,3.81E-06,-3.26E-06,-1.49E-05,8.57E-06,4.79E-05,-2.36E-05,3.38E-06
212.64,2.25E-07,-3.55E-06,-1.67E-05,7.74E-06,5.29E-05,-1.87E-05,4.60E-06
212.84,-5.91E-06,3.07E-06,-1.32E-05,9.03E-06,4.89E-05,-4.92E-06,5.64E-06
213.05,-2.98E-06,1.38E-06,-1.59E-05,-7.00E-07,4.49E-05,8.86E-06,1.22E-05
213.25,-3.48E-06,2.26E-06,-1.66E-05,-7.69E-07,4.10E-05,2.26E-05,1.48E-05
213.45,-1.14E-06,1.73E-06,-1.41E-05,3.18E-06,2.32E-05,1.60E-05,1.58E-05
213.65,-5.41E-06,7.26E-06,-8.59E-06,4.38E-06,9.47E-07,2.75E-06,1.40E-05
213.86,-9.53E-06,9.01E-06,-6.85E-06,4.55E-06,-2.13E-05,-1.05E-05,1.37E-05
214.06,-1.11E-05,1.46E-05,-7.40E-06,7.41E-06,-4.36E-05,-2.37E-05,1.50E-05
214.26,-9.48E-06,1.40E-05,-1.33E-05,8.28E-06,-6.06E-05,-1.33E-05,1.71E-05
214.47,-1.30E-05,1.05E-05,-1.50E-05,3.40E-06,-7.76E-05,-2.48E-06,1.67E-05
214.67,-1.03E-05,1.88E-05,-1.43E-05,-5.34E-06,-9.45E-05,8.38E-06,1.81E-05
214.87,-4.17E-06,1.05E-05,-2.20E-05,-1.80E-05,-9.89E-05,1.62E-05,1.89E-05
215.08,-5.96E-06,1.74E-05,-1.86E-05,-1.01E-05,-5.49E-05,1.22E-05,1.37E-05
215.28,-4.40E-06,1.08E-05,-1.52E-05,-1.41E-05,-1.09E-05,8.23E-06,5.94E-06
215.48,-8.45E-06,1.47E-05,-2.03E-05,-2.18E-05,3.31E-05,4.25E-06,7.97E-06
215.68,-1.60E-06,1.73E-05,-2.31E-05,-2.39E-05,5.05E-05,5.69E-06,1.12E-05
215.89,-2.76E-06,1.79E-05,-2.86E-05,-3.10E-05,3.33E-05,1.42E-05,1.03E-05
216.09,4.39E-06,1.64E-05,-3.09E-05,-3.71E-05,1.60E-05,2.27E-05,1.19E-05
216.29,5.54E-06,2.08E-05,-2.77E-05,-3.97E-05,-1.20E-06,3.11E-05,8.76E-06
216.5,7.03E-06,1.83E-05,-2.99E-05,-4.08E-05,-5.94E-06,3.77E-05,1.03E-05
216.7,8.89E-06,1.15E-05,-2.43E-05,-2.84E-05,-4.35E-06,4.33E-05,6.20E-06
216.9,1.14E-06,2.17E-05,-1.54E-05,-1.72E-05,-2.76E-06,4.88E-05,4.71E-06
217.11,4.54E-06,2.14E-05,-1.84E-05,-1.67E-05,-1.17E-06,5.44E-05,6.17E-06
217.31,4.45E-06,2.74E-05,-2.29E-05,-1.46E-05,1.11E-05,4.41E-05,1.13E-05
217.51,4.00E-06,1.52E-05,-2.09E-05,-1.51E-05,2.46E-05,3.19E-05,8.23E-06
217.72,-2.65E-06,1.05E-05,-1.57E-05,-1.00E-05,3.82E-05,1.97E-05,3.54E-06
217.92,1.41E-06,8.95E-06,-1.46E-05,-2.46E-06,4.82E-05,9.26E-06,6.71E-06
218.12,-3.52E-06,7.56E-06,-1.34E-05,-5.60E-06,3.42E-05,1.14E-05,6.79E-06
218.33,-3.50E-07,9.56E-06,-1.89E-05,-1.52E-05,2.01E-05,1.35E-05,3.39E-06
218.53,6.53E-06,8.86E-06,-1.67E-05,-1.03E-05,6.04E-06,1.56E-05,2.17E-06
218.73,4.14E-06,1.02E-05,-1.76E-05,-9.08E-06,8.88E-07,1.61E-05,5.11E-06
218.94,1.02E-05,4.55E-07,-2.05E-05,-1.50E-05,1.18E-05,1.38E-05,3.98E-06
219.14,1.33E-05,-7.10E-06,-2.36E-05,-1.48E-05,2.27E-05,1.14E-05,2.01E-06
219.34,1.10E-05,-5.91E-06,-1.96E-05,-1.35E-05,3.35E-05,8.98E-06,-9.66E-07
219.55,9.78E-06,-6.51E-06,-1.96E-05,-1.71E-05,3.83E-05,4.71E-06,5.24E-06
219.75,1.03E-05,-5.02E-06,-1.97E-05,-2.12E-05,3.88E-05,-8.72E-07,8.73E-06
219.95,4.30E-06,-5.27E-06,-1.68E-05,-2.61E-05,3.94E-05,-6.45E-06,2.17E-05
220.16,6.93E-06,-2.68E-06,-1.61E-05,-2.27E-05,3.99E-05,-1.20E-05,2.18E-05
220.36,1.05E-05,-4.78E-07,-1.45E-05,-1.77E-05,3.50E-05,-1.69E-05,2.92E-05
220.56,6.10E-06,1.71E-06,-1.24E-05,-1.90E-05,2.88E-05,-2.17E-05,2.73E-05
220.77,5.27E-06,3.04E-06,-1.13E-05,-1.69E-05,2.27E-05,-2.65E-05,2.43E-05
220.97,7.48E-06,1.01E-05,-1.82E-05,-1.73E-05,1.66E-05,-3.01E-05,2.79E-05
221.17,5.89E-06,1.11E-05,-1.97E-05,-1.68E-05,9.95E-06,-1.49E-05,2.91E-05
221.38,4.25E-06,8.30E-06,-2.54E-05,-2.96E-05,3.30E-06,2.32E-07,2.96E-05
221.58,8.10E-06,1.52E-05,-2.44E-05,-2.29E-05,-3.34E-06,1.54E-05,2.50E-05
221.78,7.12E-06,1.54E-05,-2.45E-05,-1.95E-05,-6.33E-06,2.29E-05,2.26E-05
221.99,7.09E-06,2.02E-05,-2.31E-05,-1.10E-05,-7.48E-07,1.25E-05,1.12E-05
222.19,2.99E-06,1.44E-05,-2.26E-05,-1.07E-05,4.83E-06,2.16E-06,6.49E-06
222.4,8.17E-07,8.28E-06,-2.56E-05,-1.85E-05,1.04E-05,-8.21E-06,1.91E-06
222.6,-6.25E-07,9.71E-06,-2.55E-05,-1.81E-05,-4.58E-06,-1.53E-05,2.72E-06
222.8,3.27E-06,6.94E-06,-2.64E-05,-2.06E-05,-3.73E-05,-1.95E-05,2.10E-06
223.01,1.09E-06,2.50E-06,-2.65E-05,-2.30E-05,-7.00E-05,-2.38E-05,3.38E-06
223.21,7.07E-07,1.06E-06,-2.20E-05,-2.29E-05,-0.00010271,-2.81E-05,3.62E-06
223.41,4.83E-06,6.58E-06,-2.07E-05,-1.28E-05,-8.19E-05,-3.21E-05,7.84E-06
223.62,4.36E-06,4.34E-06,-1.89E-05,-1.05E-05,-4.57E-05,-3.61E-05,6.24E-06
223.82,8.07E-06,3.38E-06,-2.00E-05,-1.13E-05,-9.52E-06,-4.01E-05,9.25E-06
224.03,1.34E-05,5.36E-07,-2.15E-05,-1.40E-05,2.56E-05,-4.36E-05,7.08E-06
224.23,1.07E-05,2.21E-06,-2.17E-05,-1.20E-05,2.16E-06,-1.96E-05,8.90E-06
224.43,8.93E-06,5.60E-06,-1.53E-05,6.37E-07,-2.13E-05,4.33E-06,1.17E-05
224.64,5.57E-06,9.83E-06,-1.51E-05,2.05E-06,-4.47E-05,2.83E-05,1.30E-05
224.84,2.37E-06,1.15E-05,-1.98E-05,-4.27E-06,-6.01E-05,4.10E-05,1.71E-05
225.04,-5.88E-07,1.07E-05,-1.02E-05,2.74E-06,-5.29E-05,2.18E-05,1.02E-05
225.25,-1.23E-06,-2.68E-05,-1.06E-05,5.50E-06,-4.58E-05,2.68E-06,8.70E-06
225.45,-4.78E-06,-2.81E-05,-5.89E-06,8.64E-06,-3.86E-05,-1.65E-05,3.54E-06
225.66,-1.94E-06,-2.52E-05,-1.35E-05,4.78E-07,-4.18E-05,-2.16E-05,7.04E-06
225.86,-3.71E-06,-2.76E-05,-1.37E-05,-3.18E-06,-5.54E-05,-1.28E-05,3.36E-06
226.06,-9.59E-06,-3.42E-05,-1.05E-05,-8.32E-06,-6.90E-05,-4.00E-06,1.09E-06
226.27,-4.76E-06,-3.15E-05,-1.09E-05,-1.43E-05,-8.26E-05,4.79E-06,1.26E-06
226.47,2.17E-06,-3.84E-05,-1.93E-05,-2.59E-05,-5.95E-05,-1.96E-06,1.78E-06
226.68,6.73E-06,-4.46E-05,-2.92E-05,-3.36E-05,-2.41E-05,-1.40E-05,1.49E-06
226.88,1.15E-05,-3.78E-05,-2.69E-05,-2.89E-05,1.13E-05,-2.59E-05,5.71E-06
227.08,1.59E-05,-3.22E-05,-3.39E-05,-3.34E-05,4.68E-05,-3.79E-05,7.70E-06
227.29,1.40E-05,6.48E-06,-3.20E-05,-3.32E-05,3.56E-05,-3.09E-05,1.01E-05
227.49,2.20E-05,3.73E-06,-3.77E-05,-3.98E-05,2.42E-05,-2.37E-05,1.40E-05
227.7,2.04E-05,9.00E-07,-3.82E-05,-4.34E-05,1.27E-05,-1.65E-05,1.25E-05
227.9,1.96E-05,9.67E-06,-3.75E-05,-4.25E-05,2.78E-06,-6.77E-06,1.60E-05
228.11,2.27E-05,1.31E-05,-3.98E-05,-3.51E-05,-2.28E-06,1.08E-05,2.04E-05
228.31,2.05E-05,1.45E-05,-3.93E-05,-3.21E-05,-7.34E-06,2.84E-05,2.98E-05
228.51,1.65E-05,2.57E-05,-3.34E-05,-1.87E-05,-1.24E-05,4.60E-05,3.09E-05
228.72,2.51E-05,1.89E-05,-3.49E-05,-2.22E-05,-2.40E-05,4.74E-05,2.83E-05
228.92,2.33E-05,9.78E-06,-3.89E-05,-2.54E-05,-4.24E-05,3.20E-05,2.62E-05
229.13,1.96E-05,5.52E-06,-3.33E-05,-2.39E-05,-6.08E-05,1.65E-05,2.68E-05
229.33,2.12E-05,5.52E-06,-3.02E-05,-2.41E-05,-7.92E-05,1.06E-06,2.28E-05
229.53,1.59E-05,2.38E-06,-2.42E-05,-1.75E-05,-6.22E-05,-1.82E-06,2.17E-05
229.74,1.39E-05,5.20E-06,-2.02E-05,-6.80E-06,-3.26E-05,-2.20E-07,1.33E-05
229.94,1.28E-05,-6.68E-06,-1.89E-05,-6.95E-06,-2.96E-06,1.38E-06,9.64E-06
230.15,1.33E-05,-8.57E-07,-1.91E-05,-3.54E-06,2.66E-05,2.98E-06,9.03E-06
230.35,1.55E-05,-3.90E-06,-1.68E-05,6.41E-06,-7.00E-06,1.43E-05,2.64E-07
230.56,3.93E-06,-2.84E-07,-1.80E-05,-6.23E-07,-4.14E-05,2.58E-05,3.62E-06
230.76,-4.46E-06,8.09E-06,-8.92E-06,2.87E-06,-7.58E-05,3.73E-05,6.92E-06
230.96,-8.78E-06,5.85E-06,-3.64E-06,3.68E-06,-9.08E-05,4.31E-05,1.65E-06
231.17,-1.04E-05,7.53E-06,-2.32E-06,3.40E-06,-4.38E-05,3.08E-05,-2.04E-07
231.37,-1.14E-05,1.06E-05,-5.36E-06,1.86E-06,3.18E-06,1.85E-05,1.75E-06
231.58,-1.11E-05,1.23E-05,-5.75E-06,-3.24E-07,5.01E-05,6.23E-06,1.24E-06
231.78,-9.39E-06,1.52E-05,-4.88E-06,3.15E-06,6.90E-05,-5.12E-06,7.80E-06
231.99,-3.78E-06,1.67E-05,-6.55E-06,6.10E-06,5.89E-05,-1.55E-05,8.13E-06
232.19,-6.79E-06,1.13E-05,-7.13E-06,-4.05E-07,4.87E-05,-2.59E-05,4.04E-06
232.4,-9.79E-06,1.09E-05,-9.92E-06,-6.13E-06,3.86E-05,-3.64E-05,4.94E-06
232.6,-3.02E-06,-6.97E-07,-8.98E-06,-6.30E-06,4.00E-05,-2.82E-05,-5.78E-07
232.81,-3.14E-06,-5.39E-06,-9.29E-06,4.96E-06,4.53E-05,-1.38E-05,-4.76E-06
233.01,4.58E-06,-5.99E-06,-7.73E-06,1.17E-05,5.07E-05,5.96E-07,-2.35E-06
233.21,4.01E-06,-8.85E-06,-8.44E-06,1.19E-05,5.60E-05,1.50E-05,-2.58E-06
233.42,6.50E-06,-1.04E-05,-1.07E-05,3.87E-06,2.95E-05,2.84E-05,-1.85E-06
233.62,6.81E-06,-7.03E-06,-1.59E-05,7.83E-06,3.09E-06,4.17E-05,-3.12E-06
233.83,1.07E-05,-1.41E-05,-1.72E-05,2.23E-06,-2.34E-05,5.51E-05,-4.87E-06
234.03,6.62E-06,-1.50E-05,-1.44E-05,5.86E-06,-3.76E-05,6.42E-05,-6.18E-06
234.24,1.13E-05,-2.01E-05,-1.57E-05,7.26E-06,-1.68E-05,6.13E-05,-4.31E-06
234.44,1.58E-05,-2.13E-05,-1.62E-05,3.88E-06,4.04E-06,5.84E-05,-4.77E-06
234.65,1.76E-05,-1.81E-05,-1.92E-05,3.65E-06,2.49E-05,5.54E-05,-2.36E-07
234.85,1.74E-05,-1.01E-05,-3.03E-05,-1.32E-05,3.62E-05,4.79E-05,9.01E-06
235.06,1.44E-05,-8.49E-06,-3.43E-05,-2.28E-05,3.86E-05,3.62E-05,7.34E-06
235.26,1.82E-05,-8.80E-06,-3.51E-05,-2.01E-05,4.10E-05,2.44E-05,7.75E-06
235.47,1.37E-05,-3.65E-06,-3.43E-05,-1.62E-05,4.35E-05,1.27E-05,7.56E-06
235.67,1.43E-05,-1.64E-06,-2.92E-05,-1.65E-05,3.43E-05,6.28E-06,5.58E-06
235.88,7.46E-06,3.66E-06,-2.85E-05,-1.24E-05,2.17E-05,1.47E-06,4.73E-06
236.08,6.45E-06,8.41E-06,-3.08E-05,-1.90E-05,9.15E-06,-3.35E-06,6.56E-06
236.28,5.68E-06,9.49E-06,-3.13E-05,-2.49E-05,-2.58E-06,-7.29E-06,8.61E-06
236.49,4.75E-06,1.12E-05,-3.22E-05,-1.91E-05,1.03E-05,1.44E-05,9.36E-06
236.69,3.88E-06,4.17E-06,-2.79E-05,-1.73E-05,2.31E-05,3.60E-05,8.25E-07
236.9,4.43E-06,-2.08E-06,-1.63E-05,-5.88E-06,3.59E-05,5.77E-05,-4.58E-06
237.1,8.54E-07,-5.34E-06,-1.20E-05,3.58E-06,4.01E-05,7.38E-05,-4.84E-06
237.31,3.05E-06,-7.53E-06,-1.83E-05,2.78E-06,2.35E-05,7.65E-05,-2.07E-06
237.51,2.47E-06,-9.98E-06,-1.65E-05,6.81E-06,6.96E-06,7.91E-05,-2.17E-06
237.72,-5.58E-07,-8.82E-06,-1.44E-05,3.07E-06,-9.63E-06,8.18E-05,1.86E-06
237.92,2.36E-06,-8.89E-06,-1.61E-05,-7.92E-06,-1.46E-05,8.11E-05,6.74E-06
238.13,3.55E-06,-5.43E-06,-3.08E-05,-1.79E-05,-1.03E-05,7.76E-05,1.49E-05
238.33,2.91E-06,-7.17E-06,-3.35E-05,-1.84E-05,-6.06E-06,7.41E-05,1.29E-05
238.54,2.45E-06,-7.28E-06,-3.32E-05,-2.97E-05,-1.77E-06,7.06E-05,1.67E-05
238.74,1.07E-06,-1.15E-06,-4.16E-05,-3.77E-05,-1.52E-05,5.11E-05,2.67E-05
238.95,1.22E-05,2.72E-05,-4.17E-05,-3.54E-05,-3.26E-05,2.81E-05,2.77E-05
239.15,1.35E-05,3.16E-05,-4.23E-05,-3.97E-05,-5.00E-05,5.10E-06,2.73E-05
239.36,1.10E-05,3.38E-05,-3.46E-05,-4.03E-05,-6.52E-05,-1.65E-05,2.35E-05
239.56,1.50E-05,3.30E-05,-3.55E-05,-4.23E-05,-5.58E-05,-2.27E-05,2.21E-05
239.77,1.59E-05,3.12E-05,-3.54E-05,-3.70E-05,-4.65E-05,-2.88E-05,1.89E-05
239.97,1.41E-05,2.82E-05,-3.33E-05,-3.02E-05,-3.71E-05,-3.50E-05,1.40E-05
240.18,1.22E-05,2.52E-05,-1.79E-05,-1.69E-05,-3.44E-05,-3.81E-05,7.06E-06
240.38,8.25E-06,2.01E-05,-1.70E-05,-1.64E-05,-4.40E-05,-3.54E-05,5.68E-06
240.59,7.16E-06,1.51E-05,-1.50E-05,-8.12E-06,-5.36E-05,-3.27E-05,-2.28E-06
240.8,7.50E-06,7.44E-06,-7.39E-06,-1.88E-06,-6.33E-05,-3.00E-05,-8.25E-06
241,-4.91E-06,-1.69E-05,-5.00E-06,-3.54E-06,-6.01E-05,-3.36E-05,-9.35E-06
241.21,-3.23E-06,-2.01E-05,-1.37E-05,-1.53E-05,-4.88E-05,-4.11E-05,-5.21E-06
241.41,-2.08E-06,-1.98E-05,-1.50E-05,-1.10E-05,-3.76E-05,-4.86E-05,-1.36E-06
241.62,-5.93E-06,-1.25E-05,-1.69E-05,-1.13E-05,-2.63E-05,-5.61E-05,3.82E-06
241.82,-9.23E-06,-2.02E-05,-2.10E-05,-1.86E-05,-1.79E-05,-4.33E-05,4.91E-06
242.03,-7.64E-06,-2.10E-05,-1.78E-05,-1.40E-05,-9.86E-06,-2.77E-05,7.23E-06
242.23,-6.29E-06,-1.64E-05,-2.04E-05,-2.05E-05,-1.82E-06,-1.22E-05,9.66E-06
242.44,-4.87E-06,9.86E-07,-1.65E-05,-1.94E-05,4.84E-06,-1.49E-06,1.15E-05
242.64,-6.17E-06,4.96E-06,-1.77E-05,-2.33E-05,3.76E-06,-1.78E-05,1.24E-05
242.85,-4.88E-06,1.22E-05,-1.82E-05,-2.09E-05,2.69E-06,-3.42E-05,8.12E-05
243.05,-1.22E-05,9.76E-06,-1.70E-05,-1.80E-05,1.62E-06,-5.06E-05,7.87E-05
243.26,-1.01E-05,1.64E-05,-1.19E-05,-9.13E-06,5.42E-06,-5.08E-05,7.70E-05
243.46,-1.23E-05,2.02E-05,-8.78E-06,-5.34E-06,1.59E-05,-2.91E-05,7.38E-05
243.67,-5.19E-06,2.02E-05,-1.18E-05,-8.21E-06,2.63E-05,-7.38E-06,7.88E-05
243.88,8.99E-07,2.70E-05,-1.44E-05,-4.28E-06,3.68E-05,1.43E-05,8.25E-05
244.08,7.54E-07,2.36E-05,-1.59E-05,-6.87E-06,3.96E-05,1.77E-05,8.20E-05
244.29,1.23E-06,2.63E-05,-1.70E-05,-4.90E-06,3.91E-05,1.28E-05,8.05E-05
244.49,4.50E-06,1.92E-05,-2.06E-05,-8.90E-06,3.86E-05,7.99E-06,7.99E-05
244.7,2.06E-06,1.91E-05,-2.12E-05,-7.32E-06,3.80E-05,3.16E-06,8.21E-05
244.9,1.02E-06,1.89E-05,-1.89E-05,-6.43E-06,5.87E-05,1.28E-05,1.60E-05
245.11,7.21E-06,2.11E-05,-2.07E-05,-1.39E-05,8.02E-05,2.30E-05,1.77E-05
245.31,3.27E-06,1.90E-05,-2.20E-05,-1.99E-05,0.00010167,3.32E-05,1.87E-05
245.52,4.44E-06,2.20E-05,-2.67E-05,-2.60E-05,0.00011087,4.16E-05,1.06E-05
245.72,1.48E-06,1.46E-05,-2.47E-05,-2.55E-05,8.11E-05,4.40E-05,7.81E-06
245.93,-1.68E-06,8.24E-06,-1.88E-05,-2.94E-05,5.13E-05,4.64E-05,1.97E-06
246.14,4.97E-08,1.28E-05,-2.27E-05,-2.97E-05,2.15E-05,4.88E-05,3.00E-06
246.34,-1.34E-06,4.73E-06,-1.54E-05,-2.17E-05,5.34E-06,5.04E-05,-1.40E-06
246.55,-5.31E-06,4.51E-06,-1.13E-05,-1.07E-05,2.12E-06,5.12E-05,-1.91E-06
246.75,-1.47E-06,5.43E-06,-2.05E-05,-1.76E-05,-1.10E-06,5.20E-05,2.65E-08
246.96,-1.16E-06,-5.70E-07,-2.03E-05,-8.58E-06,-4.32E-06,5.28E-05,-4.60E-06
247.16,7.76E-07,-8.56E-06,-2.59E-05,-8.04E-06,-1.90E-05,5.58E-05,-6.17E-06
247.37,4.11E-06,-3.01E-05,-2.04E-05,1.22E-06,-3.67E-05,5.92E-05,-1.56E-05
247.58,3.13E-06,-3.39E-05,-1.99E-05,-7.26E-07,-5.45E-05,6.27E-05,-6.74E-06
247.78,2.29E-06,-3.79E-05,-1.50E-05,1.51E-06,-7.23E-05,6.52E-05,-1.53E-05
247.99,4.68E-06,-2.95E-05,-2.31E-05,-4.45E-06,-9.19E-05,5.25E-05,-8.34E-06
248.19,1.14E-06,-2.94E-05,-2.08E-05,-6.51E-06,-0.00011153,3.99E-05,-6.82E-06
248.4,1.10E-06,-2.65E-05,-3.01E-05,-1.45E-05,-0.00013115,2.73E-05,-1.01E-07
248.6,6.80E-06,-2.21E-05,-3.19E-05,-1.94E-05,-0.00013631,2.22E-05,3.50E-07
248.81,6.82E-06,-2.15E-05,-2.31E-05,-1.23E-05,-0.000114,3.16E-05,-3.42E-07
249.02,4.86E-06,-1.47E-05,-2.37E-05,-2.11E-05,-9.17E-05,4.11E-05,-6.12E-07
249.22,3.92E-06,-5.36E-06,-2.14E-05,-2.02E-05,-6.94E-05,5.05E-05,9.65E-07
249.43,6.34E-06,8.02E-06,-2.52E-05,-2.26E-05,-6.20E-05,4.46E-05,6.49E-06
249.63,8.56E-06,3.41E-06,-2.10E-05,-1.80E-05,-6.36E-05,2.96E-05,4.02E-06
249.84,6.48E-06,8.60E-06,-2.63E-05,-2.07E-05,-6.52E-05,1.45E-05,9.96E-06
250.05,6.72E-06,1.44E-06,-2.79E-05,-2.76E-05,-6.68E-05,-5.58E-07,6.38E-06
250.25,1.06E-05,6.45E-06,-2.85E-05,-1.91E-05,-5.90E-05,-1.44E-05,7.93E-06
250.46,1.48E-05,4.10E-06,-2.22E-05,-1.45E-05,-5.01E-05,-2.81E-05,4.86E-06
250.66,1.10E-05,-1.10E-06,-2.40E-05,-1.67E-05,-4.12E-05,-4.18E-05,6.07E-06
250.87,9.09E-06,-1.15E-06,-2.37E-05,-1.78E-05,-3.18E-05,-5.35E-05,8.59E-06
251.08,1.33E-05,-2.70E-06,-2.41E-05,-2.55E-05,-1.96E-05,-5.65E-05,9.41E-06
251.28,1.46E-05,-4.45E-06,-2.48E-05,-2.63E-05,-7.54E-06,-5.95E-05,1.30E-05
251.49,6.07E-06,2.86E-06,-2.85E-05,-2.62E-05,4.56E-06,-6.24E-05,1.86E-05
251.69,6.08E-07,5.24E-06,-3.21E-05,-2.79E-05,2.23E-05,-5.10E-05,2.05E-05
251.9,2.15E-06,7.69E-06,-3.11E-05,-2.84E-05,4.66E-05,-2.33E-05,2.36E-05
252.11,1.54E-06,8.37E-06,-2.65E-05,-1.85E-05,7.08E-05,4.40E-06,2.00E-05
252.31,-5.18E-06,4.17E-06,-2.26E-05,-1.90E-05,9.50E-05,3.21E-05,1.79E-05
252.52,-8.36E-06,2.56E-06,-2.53E-05,-2.34E-05,8.99E-05,3.60E-05,1.63E-05
252.73,-7.50E-06,1.40E-06,-2.48E-05,-1.95E-05,7.51E-05,3.19E-05,1.53E-05
252.93,-5.02E-06,1.21E-06,-2.24E-05,-1.79E-05,6.03E-05,2.79E-05,1.24E-05
253.14,-5.68E-06,5.06E-06,-2.48E-05,-1.24E-05,4.65E-05,2.40E-05,1.70E-05
253.34,-1.07E-05,9.08E-07,-2.11E-05,-1.10E-05,5.88E-05,2.29E-05,1.33E-05
253.55,-8.52E-06,3.91E-06,-1.54E-05,-9.99E-06,7.12E-05,2.18E-05,9.00E-06
253.76,-6.03E-06,3.93E-06,-1.22E-05,-1.08E-05,8.36E-05,2.07E-05,8.95E-06
253.96,-7.64E-06,-7.40E-07,-7.38E-06,-5.57E-06,8.80E-05,2.76E-05,2.83E-06
254.17,-7.68E-06,2.72E-06,-1.77E-06,1.29E-06,7.56E-05,5.10E-05,5.27E-06
254.38,-3.28E-06,1.03E-05,-3.65E-06,2.16E-06,6.32E-05,7.44E-05,5.85E-06
254.58,-2.57E-06,9.91E-06,-1.51E-07,2.40E-06,5.08E-05,9.79E-05,4.26E-06
254.79,-7.41E-07,1.10E-05,-3.24E-06,-5.40E-06,4.67E-05,8.43E-05,7.80E-06
254.99,4.96E-06,5.73E-06,-5.38E-06,-5.13E-06,4.77E-05,4.72E-05,4.51E-06
255.2,1.72E-06,5.51E-07,-7.67E-06,-2.53E-06,4.88E-05,9.98E-06,2.51E-06
255.41,8.57E-06,5.59E-06,-9.82E-06,-5.01E-06,4.99E-05,-2.72E-05,-7.10E-06
255.61,9.39E-06,3.43E-06,-6.20E-06,-5.51E-06,4.47E-05,-6.08E-06,-7.15E-06
255.82,1.14E-05,3.05E-06,-5.24E-06,-4.37E-06,3.87E-05,2.17E-05,-4.44E-06
256.03,8.12E-06,6.45E-06,-6.80E-06,-8.61E-06,3.28E-05,4.94E-05,-2.32E-06
256.23,1.04E-05,1.08E-05,8.93E-06,-6.72E-06,2.40E-05,7.17E-05,-6.40E-05
256.44,1.24E-05,9.80E-06,6.21E-06,-1.90E-05,2.40E-06,7.04E-05,-6.18E-05
256.65,1.06E-05,1.25E-05,7.70E-06,-1.40E-05,-1.92E-05,6.91E-05,-5.66E-05
256.85,9.92E-06,8.66E-06,1.63E-05,-8.22E-06,-4.07E-05,6.77E-05,-6.39E-05
257.06,1.24E-06,1.20E-05,1.69E-05,-1.19E-05,-4.18E-05,5.89E-05,-6.32E-05
257.27,4.67E-06,1.47E-05,1.99E-05,-1.34E-05,-2.05E-05,4.19E-05,-6.31E-05
257.47,4.76E-06,1.53E-05,2.03E-05,-1.15E-05,7.71E-07,2.49E-05,-5.23E-05
257.68,4.15E-06,7.12E-06,1.49E-05,-2.21E-05,2.21E-05,7.93E-06,-6.51E-05
257.88,3.45E-06,1.26E-05,1.19E-05,-2.65E-05,4.40E-06,9.81E-06,-6.68E-05
258.09,6.33E-06,1.11E-05,2.56E-06,-3.36E-05,-2.50E-05,1.74E-05,-6.66E-05
258.3,6.59E-06,1.12E-05,-1.51E-05,-3.63E-05,-5.44E-05,2.49E-05,-5.87E-06
258.5,7.18E-06,7.36E-06,-1.12E-05,-3.48E-05,-8.14E-05,3.15E-05,-7.76E-06
258.71,1.13E-05,4.50E-06,-1.68E-05,-4.21E-05,-7.23E-05,2.31E-05,-9.88E-06
258.92,9.44E-06,1.30E-05,-2.13E-05,-3.83E-05,-6.31E-05,1.48E-05,-6.62E-06
259.12,1.21E-05,1.34E-05,-2.09E-05,-3.10E-05,-5.39E-05,6.39E-06,-5.62E-06
259.33,1.15E-05,9.70E-06,-2.57E-05,-3.63E-05,-4.90E-05,-4.38E-07,-4.21E-06
259.54,7.64E-06,5.30E-07,-3.20E-05,-3.55E-05,-5.17E-05,-4.49E-06,-3.80E-06
259.74,3.94E-06,7.08E-06,-3.03E-05,-2.54E-05,-5.44E-05,-8.53E-06,2.15E-05
259.95,5.50E-06,6.21E-06,-3.15E-05,-2.13E-05,-5.71E-05,-1.26E-05,2.46E-05
260.16,3.76E-06,8.38E-06,-2.84E-05,-1.74E-05,-4.45E-05,-1.44E-05,2.26E-05
260.37,3.71E-06,4.99E-06,-3.11E-05,-2.04E-05,-2.37E-05,-1.49E-05,2.49E-05
260.57,3.24E-06,8.53E-06,-3.15E-05,-1.85E-05,-2.92E-06,-1.54E-05,2.30E-05
260.78,-5.07E-06,1.27E-05,-2.75E-05,-1.59E-05,1.79E-05,-1.60E-05,2.28E-05
260.99,-7.18E-06,3.41E-06,-2.85E-05,-2.51E-05,2.00E-05,-9.36E-06,2.22E-05
261.19,-5.40E-06,5.95E-06,-2.96E-05,-2.85E-05,2.11E-05,-2.34E-06,2.24E-05
261.4,-7.91E-06,7.29E-06,-1.82E-05,-1.77E-05,2.22E-05,4.68E-06,1.92E-05
261.61,-7.31E-06,1.59E-05,-1.43E-05,-1.99E-05,2.24E-05,9.02E-06,1.98E-05
261.81,-1.87E-06,2.10E-05,-1.94E-05,-2.19E-05,2.00E-05,4.96E-06,9.70E-06
262.02,-2.35E-06,2.03E-05,-1.46E-05,-1.87E-05,1.75E-05,9.13E-07,7.35E-06
262.23,-2.87E-06,1.66E-05,-4.39E-06,-1.04E-05,1.51E-05,-3.14E-06,5.37E-06
262.43,-9.66E-06,9.19E-06,-6.58E-06,-1.18E-05,7.13E-06,4.65E-06,6.13E-06
262.64,-1.25E-05,3.65E-06,-9.99E-06,-1.60E-05,-5.57E-06,2.25E-05,7.26E-06
262.85,-8.55E-06,1.18E-07,-1.30E-05,-8.55E-06,-1.83E-05,4.03E-05,3.80E-06
263.05,-5.81E-06,7.72E-06,-8.32E-06,-5.89E-07,-3.10E-05,5.81E-05,5.76E-06
263.26,-5.25E-06,4.54E-06,-7.44E-06,1.85E-07,-5.30E-05,6.26E-05,4.83E-06
263.47,-5.36E-06,-1.42E-06,-9.22E-06,-6.06E-06,-7.68E-05,6.45E-05,1.17E-06
263.68,-3.97E-06,-6.15E-06,-5.61E-06,-3.49E-08,-0.00010055,6.64E-05,-2.54E-06
263.88,-5.92E-06,-8.89E-06,-2.37E-06,4.40E-06,-0.00011633,6.59E-05,-8.50E-07
264.09,-5.23E-06,-8.39E-06,-6.81E-06,-1.76E-06,-8.31E-05,5.07E-05,-3.09E-06
264.3,-5.52E-06,-1.44E-05,-1.07E-05,-2.70E-06,-4.98E-05,3.56E-05,-2.04E-06
264.5,4.03E-07,-1.21E-05,-9.39E-06,-3.86E-06,-1.66E-05,2.05E-05,-6.86E-07
264.71,-7.29E-08,-6.37E-06,-8.82E-06,-6.15E-06,-7.48E-07,1.36E-05,-6.62E-07
264.92,-1.81E-06,-1.06E-08,-2.83E-06,-5.61E-06,-6.97E-06,1.71E-05,9.36E-07
265.13,-3.82E-06,5.45E-07,-9.16E-07,-9.99E-06,-1.32E-05,2.06E-05,-4.06E-06
265.33,-6.90E-06,1.38E-06,-4.20E-06,-1.07E-05,-1.94E-05,2.41E-05,-4.43E-07
265.54,-1.06E-06,3.38E-06,-6.39E-06,-8.01E-06,-2.26E-05,2.04E-05,2.00E-06
265.75,-3.85E-06,6.94E-06,-6.19E-06,-1.27E-05,-2.48E-05,1.41E-05,-7.75E-06
265.95,1.61E-06,3.41E-06,-9.69E-06,-1.45E-05,-2.69E-05,7.93E-06,-9.96E-06
266.16,2.40E-06,5.63E-06,-1.24E-05,-1.55E-05,-2.78E-05,1.53E-06,-1.21E-05
266.37,8.95E-06,1.62E-05,-1.59E-05,-2.14E-05,-3.77E-06,-8.21E-06,-7.66E-06
266.58,1.21E-05,2.27E-05,-1.36E-05,-1.86E-05,2.03E-05,-1.79E-05,-1.01E-05
266.78,1.36E-05,2.04E-05,-1.39E-05,-1.04E-05,4.44E-05,-2.77E-05,-8.60E-06
266.99,1.62E-05,1.36E-05,-1.87E-05,-1.63E-05,4.63E-05,-3.38E-05,-1.01E-05
267.2,1.81E-05,7.27E-06,-2.34E-05,-1.25E-05,7.28E-06,-3.33E-05,-1.71E-05
267.41,1.94E-05,9.40E-06,-1.84E-05,-1.06E-05,-3.17E-05,-3.27E-05,-8.46E-06
267.61,1.37E-05,1.55E-05,-2.14E-05,-1.49E-05,-7.07E-05,-3.22E-05,-4.89E-06
267.82,1.55E-05,1.16E-05,-2.37E-05,-1.48E-05,-4.48E-05,-3.84E-05,5.40E-06
268.03,1.06E-05,1.06E-05,-2.00E-05,-1.49E-05,1.48E-05,-4.82E-05,4.00E-06
268.24,1.05E-05,8.68E-06,-1.76E-05,-9.89E-06,7.43E-05,-5.79E-05,7.23E-06
268.44,8.42E-06,1.12E-05,-1.41E-05,-7.66E-06,0.00013392,-6.77E-05,1.37E-06
268.65,4.37E-06,9.10E-06,-1.22E-05,-4.14E-06,9.81E-05,-7.09E-05,1.17E-07
268.86,3.55E-06,5.68E-06,-1.07E-05,-9.56E-06,5.88E-05,-7.39E-05,-3.51E-06
269.07,1.95E-06,8.24E-06,-1.22E-05,-1.42E-05,1.96E-05,-7.68E-05,3.18E-08
269.27,6.17E-06,1.50E-05,-2.05E-05,-2.05E-05,-7.89E-06,-6.89E-05,1.45E-05
269.48,2.29E-06,1.26E-05,-1.57E-05,-1.72E-05,-3.83E-06,-3.18E-05,3.81E-06
269.69,5.07E-06,8.01E-06,-1.29E-05,-1.24E-05,2.37E-07,5.36E-06,1.81E-06
269.9,5.43E-06,9.18E-06,-1.19E-05,-7.69E-06,4.30E-06,4.25E-05,1.13E-06
270.1,1.88E-06,1.68E-05,-9.78E-06,-5.62E-06,1.33E-05,5.69E-05,1.74E-07
270.31,-2.80E-06,1.49E-05,-7.52E-07,-8.72E-06,2.57E-05,5.50E-05,-1.51E-06
270.52,8.57E-07,4.50E-06,-5.53E-06,-1.18E-05,3.82E-05,5.31E-05,4.93E-07
270.73,3.45E-06,6.75E-07,-1.35E-05,-2.03E-05,5.07E-05,5.12E-05,4.41E-06
270.93,4.70E-06,-2.68E-07,-9.77E-06,-1.22E-05,4.31E-05,4.81E-05,4.06E-06
271.14,2.94E-06,-3.35E-06,-4.92E-06,-4.06E-06,3.30E-05,4.48E-05,3.49E-06
271.35,-3.68E-07,-7.19E-06,1.30E-06,-1.64E-06,2.30E-05,4.16E-05,-6.66E-07
271.56,1.71E-06,-3.78E-06,-6.33E-06,-4.79E-06,1.62E-05,4.03E-05,1.51E-06
271.76,5.69E-06,-5.02E-07,-1.30E-05,-1.58E-05,2.19E-05,4.68E-05,3.08E-06
271.97,5.85E-06,5.00E-06,-1.28E-05,-1.89E-05,2.75E-05,5.33E-05,7.15E-06
272.18,7.43E-06,-1.50E-06,-8.76E-06,-1.94E-05,3.32E-05,5.98E-05,5.40E-06
272.39,1.32E-05,-5.12E-07,-1.83E-05,-2.18E-05,1.78E-05,5.53E-05,7.53E-06
272.59,8.00E-06,6.40E-06,-1.50E-05,-1.76E-05,-1.74E-05,4.04E-05,1.02E-05
272.8,5.35E-06,6.83E-06,-1.16E-05,-1.31E-05,-5.27E-05,2.55E-05,4.60E-06
273.01,5.30E-06,5.19E-06,-1.06E-05,-1.12E-05,-8.80E-05,1.06E-05,6.15E-06
273.22,1.30E-05,7.54E-06,-1.30E-05,-1.14E-05,-8.23E-05,1.88E-05,1.52E-05
273.43,1.37E-05,1.25E-05,-1.04E-05,-6.84E-06,-6.82E-05,3.18E-05,1.53E-05
273.63,1.40E-05,4.06E-06,-9.75E-06,-6.34E-06,-5.41E-05,4.48E-05,1.54E-05
273.84,1.28E-05,2.55E-06,-9.98E-06,-8.05E-06,-4.12E-05,5.35E-05,1.63E-05
274.05,1.01E-05,-4.41E-06,-7.08E-06,-6.35E-06,-3.55E-05,3.58E-05,1.11E-05
274.26,1.34E-05,-4.23E-06,-1.02E-05,-8.87E-06,-2.98E-05,1.82E-05,1.51E-05
274.47,8.73E-06,-1.13E-05,-8.92E-06,-7.65E-06,-2.41E-05,5.53E-07,1.44E-05
274.67,9.61E-06,-9.76E-06,-8.46E-06,-9.79E-06,-1.68E-05,-1.39E-05,1.34E-05
274.88,8.62E-06,-5.52E-06,-6.31E-06,-6.66E-06,-7.54E-06,-2.44E-05,1.54E-05
275.09,7.85E-06,-3.82E-06,-1.25E-05,-1.37E-05,1.69E-06,-3.50E-05,1.72E-05
275.3,4.36E-06,-5.44E-06,-1.52E-05,-2.37E-05,1.09E-05,-4.56E-05,6.36E-06
275.51,1.55E-06,-9.58E-06,-1.19E-05,-2.57E-05,9.00E-06,-3.60E-05,7.69E-06
275.71,-7.78E-07,-6.93E-06,-1.73E-05,-2.82E-05,3.84E-06,-2.05E-05,7.40E-06
275.92,-3.94E-06,-7.93E-06,-1.25E-05,-1.65E-05,-1.32E-06,-5.05E-06,7.55E-06
276.13,-2.86E-06,-3.81E-06,-1.71E-05,-2.15E-05,-4.09E-06,9.70E-06,1.14E-05
276.34,-5.02E-06,-1.82E-06,-1.66E-05,-2.16E-05,1.66E-05,1.73E-05,1.27E-05
276.55,-7.06E-06,1.88E-06,-1.40E-05,-1.58E-05,3.72E-05,2.49E-05,1.23E-05
276.75,-8.24E-06,2.72E-07,-1.28E-05,-1.25E-05,5.78E-05,3.25E-05,1.17E-05
276.96,-4.41E-06,-5.42E-06,-1.40E-05,-1.43E-05,6.66E-05,2.74E-05,1.36E-05
277.17,-4.67E-06,-7.08E-06,-1.12E-05,-1.56E-05,5.85E-05,4.02E-06,1.10E-05
277.38,-5.04E-06,-4.02E-06,-9.04E-06,-9.25E-06,5.03E-05,-1.93E-05,1.36E-05
277.59,-7.74E-06,-1.43E-05,-9.68E-06,-1.07E-05,4.22E-05,-4.27E-05,6.54E-06
277.79,-6.66E-06,-1.15E-05,-2.13E-06,-1.07E-05,5.47E-05,-3.07E-05,4.41E-06
278,-8.06E-06,-1.04E-05,-5.99E-06,-1.79E-05,7.48E-05,-5.72E-06,5.37E-06
278.21,-7.61E-06,-9.28E-06,-6.03E-06,-1.82E-05,9.49E-05,1.93E-05,6.22E-06
278.42,-8.74E-06,-1.17E-05,-4.70E-06,-1.45E-05,0.00011252,4.30E-05,2.00E-06
278.63,-6.70E-06,-6.55E-06,-3.73E-06,-1.90E-05,8.40E-05,4.33E-05,4.87E-06
278.84,-9.75E-06,-2.61E-06,-2.34E-06,-1.24E-05,5.54E-05,4.36E-05,3.45E-06
279.04,-1.02E-05,-3.46E-06,-2.34E-07,-9.92E-06,2.69E-05,4.38E-05,3.71E-06
279.25,-1.05E-05,3.95E-06,-2.45E-06,-7.82E-06,9.91E-06,4.25E-05,3.03E-06
279.46,-8.10E-06,-2.77E-06,-4.33E-06,-4.70E-06,1.24E-05,3.84E-05,4.29E-06
279.67,-6.29E-06,1.54E-05,-7.60E-06,-4.98E-06,1.48E-05,3.43E-05,1.49E-05
279.88,-1.02E-06,1.94E-05,-7.90E-06,-6.53E-06,1.73E-05,3.02E-05,1.72E-05
280.09,-6.99E-08,2.17E-05,-3.37E-06,-3.23E-06,2.33E-05,4.28E-05,1.05E-05
280.29,-5.93E-07,1.84E-05,-6.12E-06,-1.65E-06,3.09E-05,6.27E-05,7.12E-06
280.5,3.79E-06,2.27E-05,-1.47E-05,-1.09E-05,3.85E-05,8.25E-05,1.13E-05
280.71,2.42E-06,1.71E-05,-1.88E-05,-1.16E-05,4.55E-05,0.00010182,9.77E-06
280.92,4.67E-06,1.83E-05,-2.24E-05,-1.44E-05,1.96E-05,9.31E-05,1.24E-05
281.13,4.71E-06,2.43E-05,-2.90E-05,-2.31E-05,-6.23E-06,8.44E-05,1.14E-05
281.34,7.28E-06,2.07E-05,-3.25E-05,-2.83E-05,-3.21E-05,7.57E-05,1.70E-05
281.54,3.40E-06,2.19E-05,-2.91E-05,-2.87E-05,-4.57E-05,6.56E-05,1.37E-05
281.75,4.63E-06,9.52E-06,-2.73E-05,-2.67E-05,-3.62E-05,5.28E-05,8.17E-06
281.96,-8.84E-07,5.23E-06,-2.63E-05,-2.56E-05,-2.67E-05,4.00E-05,3.14E-06
282.17,-1.36E-06,7.19E-06,-2.88E-05,-2.54E-05,-1.71E-05,2.72E-05,9.12E-06
282.38,-1.27E-06,8.70E-06,-2.12E-05,-1.95E-05,-1.75E-05,1.48E-05,1.02E-05
282.59,-2.13E-06,1.03E-05,-2.04E-05,-1.56E-05,-2.26E-05,2.52E-06,8.96E-06
282.8,2.25E-06,1.44E-05,-2.33E-05,-1.55E-05,-2.78E-05,-9.73E-06,1.10E-05
283,6.41E-06,7.96E-06,-1.98E-05,-2.04E-05,-3.30E-05,-2.20E-05,7.12E-06
283.21,2.66E-06,8.97E-06,-1.70E-05,-1.98E-05,-4.63E-05,-3.21E-05,6.82E-06
283.42,-3.45E-06,3.94E-06,-1.26E-05,-1.83E-05,-5.97E-05,-4.21E-05,3.01E-06
283.63,-1.00E-06,1.12E-05,-1.66E-05,-2.26E-05,-7.30E-05,-5.22E-05,1.15E-05
283.84,1.89E-06,2.10E-05,-1.80E-05,-2.39E-05,-7.95E-05,-5.37E-05,1.25E-05
284.05,5.12E-06,2.23E-05,-2.08E-05,-2.35E-05,-7.19E-05,-3.73E-05,1.46E-05
284.26,7.47E-06,1.77E-05,-1.74E-05,-2.25E-05,-6.43E-05,-2.10E-05,1.35E-05
284.46,7.21E-06,1.65E-05,-1.70E-05,-2.81E-05,-5.66E-05,-4.62E-06,1.10E-05
284.67,8.72E-06,1.04E-05,-1.37E-05,-2.48E-05,-4.94E-05,-2.75E-06,1.24E-05
284.88,8.44E-06,4.31E-06,-8.65E-06,-2.04E-05,-4.23E-05,-8.48E-06,9.04E-06
285.09,7.49E-06,-1.97E-06,-1.40E-05,-2.37E-05,-3.52E-05,-1.42E-05,8.97E-06
285.3,6.69E-06,-3.14E-06,-9.08E-06,-1.71E-05,-2.81E-05,-1.99E-05,7.45E-06
285.51,1.14E-05,1.54E-07,-1.43E-05,-1.82E-05,-2.56E-05,-2.16E-05,1.12E-05
285.72,1.11E-05,-5.11E-06,-1.00E-05,-1.28E-05,-2.31E-05,-2.32E-05,5.42E-06
285.93,1.03E-05,-8.19E-06,-1.02E-05,-1.48E-05,-2.07E-05,-2.49E-05,5.96E-06
286.13,5.68E-06,-1.16E-05,-7.19E-06,-1.68E-05,-1.03E-05,-2.17E-05,2.12E-06
286.34,3.03E-06,-9.61E-06,-3.78E-06,-1.44E-05,1.69E-05,-8.04E-06,1.58E-07
286.55,2.41E-06,-9.26E-06,-5.84E-06,-1.13E-05,4.42E-05,5.59E-06,2.39E-06
286.76,3.00E-06,-5.11E-06,-8.76E-06,-1.36E-05,7.15E-05,1.92E-05,1.10E-06
286.97,2.88E-06,-4.13E-06,-7.92E-06,-1.27E-05,5.48E-05,9.64E-06,1.96E-06
287.18,2.53E-06,-2.90E-06,-4.49E-06,-1.06E-05,1.44E-05,-1.24E-05,1.03E-07
287.39,2.72E-06,-5.87E-06,-5.03E-06,-8.81E-06,-2.60E-05,-3.45E-05,1.62E-07
287.6,2.27E-06,-3.53E-06,-1.54E-06,-1.08E-05,-6.63E-05,-5.66E-05,-7.93E-06
287.81,4.64E-07,-4.73E-06,-1.25E-06,-1.18E-05,-6.40E-05,-3.53E-05,-1.05E-05
288.01,-3.15E-06,-3.13E-06,-4.64E-06,-8.92E-06,-6.10E-05,-1.32E-05,-8.50E-06
288.22,3.59E-06,4.40E-06,-9.63E-06,-1.16E-05,-5.80E-05,8.92E-06,-1.80E-06
288.43,5.83E-07,-2.22E-06,-1.06E-05,-9.98E-06,-5.84E-05,2.95E-05,-6.08E-06
288.64,2.79E-07,-1.84E-06,-1.10E-05,-9.22E-06,-6.61E-05,4.70E-05,-3.58E-06
288.85,-3.31E-06,1.70E-06,-7.26E-06,-1.25E-05,-7.37E-05,6.45E-05,-2.16E-06
289.06,-6.93E-06,3.91E-06,-6.17E-06,-1.86E-05,-8.13E-05,8.19E-05,-1.62E-06
289.27,-3.67E-06,1.59E-06,-1.18E-05,-2.65E-05,-7.97E-05,7.91E-05,2.89E-07
289.48,-3.93E-06,7.28E-06,-1.40E-05,-2.84E-05,-7.32E-05,6.54E-05,3.95E-06
289.69,-3.84E-06,6.55E-06,-9.31E-06,-1.63E-05,-6.66E-05,5.18E-05,9.86E-06
289.9,-4.09E-07,4.80E-06,-1.05E-05,-1.92E-05,-6.01E-05,3.81E-05,8.64E-06
290.1,4.51E-06,3.31E-06,-1.16E-05,-2.36E-05,-4.24E-05,4.96E-05,1.05E-05
290.31,1.23E-06,-3.41E-06,-1.10E-05,-1.66E-05,-2.47E-05,6.14E-05,8.73E-06
290.52,6.42E-06,7.20E-07,-1.27E-05,-1.79E-05,-6.94E-06,7.31E-05,-7.50E-05
290.73,3.92E-06,-3.76E-06,-1.29E-05,-1.59E-05,3.75E-06,7.39E-05,-7.93E-05
290.94,4.49E-06,-1.68E-05,-1.29E-05,-8.19E-06,-7.45E-08,5.24E-05,-8.20E-05
291.15,6.96E-06,-1.46E-05,-1.84E-05,-7.41E-06,-3.90E-06,3.08E-05,-7.99E-05
291.36,2.20E-06,-1.00E-05,-1.31E-05,2.19E-06,-7.72E-06,9.21E-06,-8.13E-05
291.57,4.56E-06,-1.40E-05,-2.07E-05,-5.87E-06,-1.85E-05,1.09E-05,-8.23E-05
291.78,-9.44E-07,-2.24E-05,-2.08E-05,-7.55E-06,-3.27E-05,2.43E-05,-8.88E-05
291.99,-3.11E-06,-1.80E-05,-2.10E-05,-3.15E-06,-4.69E-05,3.77E-05,-8.57E-05
292.2,-8.22E-06,-1.94E-05,-1.88E-05,-4.13E-06,-6.10E-05,5.09E-05,-9.10E-05
292.41,-1.07E-05,-1.62E-05,-1.63E-05,-4.57E-06,-5.85E-05,2.55E-05,-9.29E-05
292.62,-1.55E-05,-1.28E-05,-1.29E-05,-2.77E-06,-5.61E-05,3.78E-08,-2.72E-06
292.83,-1.03E-05,-4.99E-06,-1.07E-05,-3.10E-06,-5.36E-05,-2.54E-05,2.01E-06
293.03,-9.74E-06,5.83E-06,-1.73E-05,-8.96E-06,-4.90E-05,-4.02E-05,2.13E-06
293.24,-9.81E-06,3.07E-06,-1.45E-05,-7.68E-06,-4.02E-05,-3.50E-05,-2.14E-06
293.45,-9.16E-06,1.11E-06,-1.50E-05,-1.27E-05,-3.15E-05,-2.98E-05,-2.41E-07
293.66,-1.15E-05,2.65E-06,-7.56E-06,2.97E-05,-2.27E-05,-2.46E-05,-2.42E-05
293.87,-7.95E-06,1.15E-05,-9.90E-06,2.89E-05,-1.89E-05,-2.15E-05,-1.78E-05
294.08,-8.48E-06,4.40E-06,-1.17E-05,2.25E-05,-1.72E-05,-1.93E-05,-1.73E-05
294.29,-8.11E-06,7.53E-06,-8.98E-06,2.24E-05,-1.56E-05,-1.71E-05,-1.81E-05
294.5,-4.63E-06,1.16E-05,-8.46E-06,2.28E-05,-1.39E-05,-1.50E-05,-1.70E-05
294.71,-1.38E-06,1.32E-05,-1.56E-05,2.23E-05,-1.17E-05,-1.47E-05,-1.60E-05
294.92,-4.10E-07,5.41E-06,-1.67E-05,2.14E-05,-9.56E-06,-1.44E-05,-1.78E-05
295.13,-4.00E-06,-4.56E-07,-8.32E-06,2.93E-05,-7.37E-06,-1.42E-05,-2.06E-05
295.34,-4.11E-06,1.22E-06,-1.11E-05,2.95E-05,2.39E-06,-1.59E-05,-1.41E-05
295.55,-2.63E-06,9.66E-06,-1.57E-05,3.53E-05,2.48E-05,-2.11E-05,-9.55E-06
295.76,-1.15E-06,5.65E-06,-1.72E-05,1.94E-06,4.73E-05,-2.63E-05,1.29E-05
295.97,-1.43E-06,5.85E-06,-1.99E-05,7.06E-07,6.97E-05,-3.15E-05,1.36E-05
296.18,5.14E-07,1.29E-05,-2.04E-05,5.30E-06,4.71E-05,-2.14E-05,1.18E-05
296.39,-1.27E-06,9.38E-06,-2.14E-05,1.27E-05,6.86E-06,-5.25E-06,3.25E-06
296.6,-6.46E-08,7.78E-07,-2.45E-05,5.95E-06,-3.34E-05,1.09E-05,1.16E-06
296.81,5.46E-06,-5.98E-07,-2.49E-05,-3.58E-06,-6.93E-05,2.64E-05,-4.37E-07
297.02,7.80E-07,1.09E-06,-2.66E-05,-6.12E-06,-4.24E-05,3.33E-05,-2.98E-06
297.22,4.79E-06,4.09E-06,-2.73E-05,-1.43E-05,-1.56E-05,4.01E-05,-1.90E-07
297.43,4.36E-06,-6.09E-07,-2.40E-05,-1.67E-05,1.12E-05,4.70E-05,-3.33E-06
297.64,4.55E-06,-6.97E-06,-2.03E-05,-1.91E-05,1.69E-05,5.31E-05,-7.06E-06
297.85,7.11E-05,-1.94E-06,-2.39E-05,-2.75E-05,-7.78E-06,5.83E-05,7.88E-05
298.06,7.01E-05,-9.43E-07,-2.11E-05,-2.91E-05,-3.24E-05,6.35E-05,7.50E-05
298.27,6.99E-05,-3.13E-06,-2.24E-05,-3.43E-05,-5.71E-05,6.87E-05,7.54E-05
298.48,7.30E-05,-1.61E-06,-2.16E-05,-3.73E-05,-5.55E-05,6.42E-05,8.53E-05
298.69,7.22E-05,6.07E-06,-1.81E-05,-2.77E-05,-4.57E-05,5.65E-05,8.83E-05
298.9,6.31E-05,-5.14E-07,-1.35E-05,-2.25E-05,-3.58E-05,4.88E-05,8.36E-05
299.11,6.54E-05,7.34E-06,-1.10E-05,-1.92E-05,-2.55E-05,4.08E-05,8.60E-05
299.32,6.36E-05,4.39E-06,-1.47E-05,-1.64E-05,-1.18E-05,2.99E-05,7.38E-05
299.53,5.99E-05,7.31E-06,-1.30E-05,-9.56E-06,1.88E-06,1.89E-05,7.19E-05
299.74,6.13E-05,1.14E-05,-1.15E-05,-2.90E-06,1.56E-05,7.94E-06,7.63E-05
299.95,-5.06E-06,8.31E-06,-3.03E-06,5.81E-06,2.83E-05,4.13E-06,-1.21E-05
300.16,-1.96E-06,1.06E-05,-2.96E-06,8.04E-06,3.98E-05,8.79E-06,-1.01E-05
300.37,-1.71E-06,1.57E-05,1.16E-06,1.16E-05,5.13E-05,1.35E-05,-1.19E-05
300.58,-5.69E-07,1.46E-05,2.21E-06,1.06E-05,6.28E-05,1.81E-05,-1.28E-05
300.79,-4.03E-06,1.04E-05,1.71E-06,4.56E-06,4.99E-05,1.28E-05,-1.53E-05
301,7.23E-07,1.45E-05,4.10E-07,5.09E-06,3.13E-05,5.12E-06,-1.10E-05
301.21,-1.27E-06,1.13E-05,-4.18E-06,3.47E-06,1.26E-05,-2.56E-06,-1.21E-05
301.42,-4.50E-07,1.81E-05,-4.72E-06,2.10E-06,-2.91E-06,-9.04E-06,3.52E-06
301.63,-5.44E-07,1.89E-05,-6.99E-06,-1.19E-06,-2.36E-06,-9.32E-06,3.19E-06
301.84,-1.25E-06,1.43E-05,-1.06E-05,-8.05E-06,-1.82E-06,-9.59E-06,9.45E-07
302.05,-1.44E-07,1.59E-05,-1.16E-05,-5.29E-06,-1.27E-06,-9.87E-06,3.00E-06
302.26,-2.12E-07,1.26E-05,-9.91E-06,-4.75E-06,2.24E-06,-8.46E-07,2.27E-06
302.47,-5.68E-07,1.20E-05,-1.65E-05,-9.18E-06,8.55E-06,1.70E-05,8.33E-06
302.68,-1.63E-06,1.81E-05,-1.94E-05,-3.93E-06,1.49E-05,3.48E-05,2.29E-05
302.89,9.62E-07,1.52E-05,-1.96E-05,-2.73E-06,2.12E-05,5.26E-05,2.47E-05
303.1,-6.81E-08,1.67E-05,-1.98E-05,1.09E-06,2.03E-05,3.55E-05,2.32E-05
303.31,3.50E-06,1.78E-05,-2.04E-05,-5.06E-06,1.84E-05,1.30E-05,2.41E-05
303.52,4.75E-07,1.68E-05,-1.52E-05,9.93E-07,1.65E-05,-9.51E-06,2.07E-05
303.73,-1.52E-06,1.61E-05,-1.30E-05,2.68E-06,1.06E-05,-2.40E-05,2.09E-05
303.94,-3.52E-06,1.79E-05,-1.14E-05,2.05E-06,-9.15E-06,-1.06E-05,1.70E-05
304.15,-4.66E-07,1.57E-05,-1.35E-05,-5.19E-06,-2.89E-05,2.88E-06,1.92E-05
304.36,-1.57E-06,1.81E-05,-1.44E-05,-8.18E-06,-4.87E-05,1.63E-05,2.16E-05
304.57,-1.41E-06,1.63E-05,-7.58E-06,-1.17E-06,-5.67E-05,1.63E-05,1.59E-05
304.78,5.75E-07,1.45E-05,-1.08E-05,-7.45E-06,-5.61E-05,6.41E-06,6.05E-06
304.99,-9.34E-07,1.45E-05,-1.37E-05,-5.21E-06,-5.56E-05,-3.48E-06,5.04E-06
305.2,1.30E-07,1.63E-05,-1.47E-05,-4.42E-06,-5.50E-05,-1.34E-05,6.34E-06
305.41,-2.50E-06,1.48E-05,-1.10E-05,-1.94E-06,-6.14E-05,-2.45E-06,6.26E-06
305.62,1.29E-06,1.41E-05,-1.25E-05,1.57E-07,-6.83E-05,9.91E-06,8.27E-06
305.84,1.43E-05,1.11E-05,-1.35E-05,1.51E-06,-7.51E-05,2.23E-05,8.05E-06
306.05,1.17E-05,8.13E-06,-1.01E-05,5.00E-06,-7.34E-05,2.63E-05,1.56E-05
306.26,8.92E-06,9.39E-06,-1.36E-05,7.28E-06,-5.09E-05,1.00E-05,1.56E-05
306.47,1.01E-05,1.17E-05,-1.25E-05,6.84E-06,-2.84E-05,-6.16E-06,1.51E-05
306.68,8.84E-06,1.37E-05,-1.59E-05,2.80E-06,-5.84E-06,-2.24E-05,1.62E-05
306.89,6.89E-06,1.17E-05,-1.02E-05,8.66E-06,-1.23E-05,-1.37E-05,-1.99E-05
307.1,9.26E-06,1.26E-05,-8.72E-06,6.22E-06,-3.43E-05,8.31E-06,-1.39E-05
307.31,8.60E-06,2.22E-05,-9.69E-06,1.21E-06,-5.63E-05,3.03E-05,-9.77E-06
307.52,1.33E-05,2.49E-05,-1.43E-05,2.22E-06,-7.78E-05,5.18E-05,-8.62E-06
307.73,1.38E-05,1.73E-05,-1.82E-05,-1.16E-05,-5.77E-05,3.67E-05,-1.12E-05
307.94,3.74E-06,1.61E-05,-1.60E-05,-1.14E-05,-3.76E-05,2.16E-05,-1.15E-05
308.15,6.48E-06,2.38E-05,-2.19E-05,-1.77E-05,-1.76E-05,6.48E-06,-1.63E-05
308.36,1.05E-06,2.41E-05,-1.71E-05,-1.41E-05,2.18E-08,-3.10E-06,-1.81E-05
308.57,2.51E-06,1.77E-05,-1.79E-05,-1.52E-05,1.35E-05,-3.38E-06,-2.07E-05
308.78,-1.09E-06,1.17E-05,-1.21E-05,-9.88E-06,2.70E-05,-3.65E-06,-2.48E-05
308.99,-1.02E-06,9.95E-06,-1.66E-05,-1.96E-05,4.04E-05,-3.93E-06,6.15E-06
309.2,-2.49E-06,4.96E-06,-1.70E-05,-1.97E-05,2.18E-05,8.52E-06,-8.54E-07
309.41,-5.51E-06,-1.03E-05,-1.22E-05,-1.86E-05,-8.46E-06,2.56E-05,-7.04E-06
309.62,-1.28E-05,-2.23E-05,-7.63E-06,-2.11E-05,-3.87E-05,4.26E-05,-9.05E-06
309.83,-1.52E-05,-1.85E-05,-1.74E-06,-1.24E-05,-6.35E-05,5.57E-05,-8.08E-06
310.05,-1.40E-05,-1.78E-05,-4.86E-06,-1.46E-05,-3.79E-05,3.26E-05,-8.06E-06
310.26,-1.47E-05,-2.09E-05,-1.72E-06,-7.50E-06,-1.24E-05,9.54E-06,-7.81E-06
310.47,-1.25E-05,-1.67E-05,-4.34E-06,-1.13E-05,1.32E-05,-1.36E-05,1.17E-05
310.68,-1.57E-05,-1.47E-05,-3.21E-06,-7.02E-06,2.09E-05,-2.46E-05,1.41E-05
310.89,-1.17E-05,-1.01E-05,-4.54E-06,-5.10E-06,7.70E-06,-2.16E-05,1.94E-05
311.1,-1.12E-05,-1.27E-05,3.46E-06,1.83E-06,-5.50E-06,-1.86E-05,1.85E-05
311.31,-1.19E-05,-6.76E-06,2.81E-06,-3.29E-06,-1.87E-05,-1.55E-05,1.98E-05
311.52,-9.09E-06,-3.37E-06,-4.80E-06,-7.20E-06,-1.92E-05,-2.73E-05,2.62E-05
311.73,-8.66E-06,1.43E-06,-4.62E-06,-6.85E-06,-1.70E-05,-4.21E-05,2.48E-05
311.94,-8.87E-06,1.66E-06,-8.83E-06,-7.28E-06,-1.48E-05,-5.70E-05,2.57E-05
312.15,-8.72E-06,8.33E-06,-8.54E-06,-1.15E-05,-1.23E-05,-6.58E-05,2.84E-05
312.36,-1.09E-05,2.06E-06,-6.28E-06,-1.26E-05,-8.41E-06,-4.90E-05,2.61E-05
312.57,-9.80E-06,-6.25E-06,-1.08E-05,-2.03E-05,-4.55E-06,-3.22E-05,6.65E-06
312.79,-9.09E-06,-4.34E-06,-1.84E-05,-2.65E-05,-6.99E-07,-1.54E-05,1.35E-05
313,-1.09E-05,-3.79E-06,-2.23E-05,-3.43E-05,2.08E-06,-4.00E-06,1.34E-05
313.21,-1.42E-05,-4.17E-06,-2.20E-05,-3.26E-05,4.00E-06,3.16E-06,1.46E-05
313.42,-1.46E-05,-3.45E-06,-2.06E-05,-2.54E-05,5.93E-06,1.03E-05,1.88E-05
313.63,-1.84E-05,-1.46E-06,-1.51E-05,-2.01E-05,7.86E-06,1.75E-05,1.44E-05
313.84,-1.64E-05,5.68E-07,-1.54E-05,-1.85E-05,-1.09E-05,1.39E-05,1.21E-05
314.05,-1.54E-05,-2.75E-07,-1.84E-05,-2.19E-05,-3.13E-05,9.51E-06,9.54E-06
314.26,-1.63E-05,4.10E-06,-1.73E-05,-2.23E-05,-5.17E-05,5.10E-06,9.38E-06
314.47,-1.95E-05,7.36E-06,-1.84E-05,-2.39E-05,-5.99E-05,1.18E-06,6.74E-06
314.68,-1.62E-05,1.29E-05,-1.72E-05,-2.18E-05,-3.92E-05,-1.57E-06,5.26E-06
314.89,-1.38E-05,6.75E-06,-1.73E-05,-2.75E-05,-1.86E-05,-4.32E-06,-1.24E-06
315.11,-1.41E-05,5.34E-06,-1.25E-05,-3.07E-05,2.09E-06,-7.08E-06,-9.37E-07
315.32,-7.76E-06,4.17E-06,-1.75E-05,-3.66E-05,1.76E-05,-1.58E-06,-6.87E-07
315.53,-7.50E-06,5.71E-06,-1.57E-05,-3.52E-05,3.06E-05,8.06E-06,-6.42E-06
315.74,-4.14E-06,7.02E-06,-2.23E-05,-3.97E-05,4.35E-05,1.77E-05,2.58E-06
315.95,-3.22E-06,1.10E-05,-2.30E-05,-3.91E-05,5.58E-05,2.76E-05,8.77E-06
316.16,-6.34E-06,8.96E-06,-1.50E-05,-3.48E-05,4.91E-05,4.47E-05,8.53E-06
316.37,-3.35E-06,5.48E-07,-1.93E-05,-4.03E-05,4.25E-05,6.18E-05,9.77E-06
316.58,2.29E-06,7.04E-06,-1.62E-05,-3.29E-05,3.59E-05,7.89E-05,1.75E-05
316.79,1.01E-07,7.08E-06,-1.21E-05,-2.74E-05,4.28E-05,7.72E-05,2.01E-05
317.01,-3.77E-06,2.31E-06,-6.35E-06,-2.33E-05,6.93E-05,4.82E-05,1.68E-05
317.22,-5.63E-06,5.59E-06,-6.75E-06,-1.71E-05,9.57E-05,1.93E-05,1.89E-05
317.43,-7.78E-06,1.18E-05,-8.87E-06,-9.51E-06,0.00012221,-9.67E-06,2.24E-05
317.64,-4.29E-06,8.17E-06,-8.36E-06,-1.41E-05,0.00011464,-8.89E-06,2.49E-05
317.85,-6.82E-06,1.39E-07,-1.25E-07,-5.73E-06,9.75E-05,2.09E-07,1.24E-05
318.06,-9.71E-06,-1.80E-06,1.65E-06,-4.58E-06,8.04E-05,9.31E-06,9.02E-06
318.27,-5.70E-06,8.72E-07,-4.86E-06,-7.58E-06,6.78E-05,1.76E-05,1.08E-05
318.48,-9.16E-06,-4.40E-06,-1.75E-06,1.85E-06,7.91E-05,2.15E-05,7.15E-06
318.7,-1.26E-05,-5.65E-06,-3.66E-06,-4.33E-06,9.04E-05,2.53E-05,4.51E-06
318.91,-1.73E-05,-5.66E-06,-1.88E-06,-9.11E-06,0.00010168,2.92E-05,2.71E-06
319.12,-1.58E-05,5.53E-06,-1.84E-06,-6.69E-06,9.75E-05,2.66E-05,4.32E-06
319.33,-1.45E-05,5.93E-06,-3.48E-06,-1.66E-06,7.96E-05,1.83E-05,9.81E-08
319.54,-1.40E-05,3.81E-07,-1.87E-06,-6.05E-06,6.16E-05,1.01E-05,-1.20E-06
319.75,-2.21E-05,2.29E-06,-1.38E-06,-9.44E-06,4.37E-05,1.78E-06,-3.69E-06
319.96,-1.86E-05,6.67E-06,-5.92E-06,-9.18E-06,3.00E-05,1.55E-05,1.68E-06
320.17,-6.33E-06,1.47E-05,-2.45E-06,-8.99E-06,1.68E-05,3.15E-05,6.57E-06
320.39,-4.27E-06,1.55E-05,1.02E-07,-5.74E-06,3.51E-06,4.75E-05,-5.08E-06
320.6,3.52E-06,2.45E-05,1.69E-06,-1.13E-05,-4.75E-06,6.05E-05,-3.26E-06
320.81,7.50E-06,1.72E-05,-1.07E-06,-1.13E-05,-3.37E-07,6.57E-05,-3.35E-06
321.02,9.11E-06,1.28E-05,3.13E-06,1.75E-07,4.08E-06,7.10E-05,-4.90E-06
321.23,1.43E-05,5.28E-06,-3.52E-06,2.45E-06,8.50E-06,7.62E-05,-2.88E-06
321.44,1.63E-05,-1.87E-06,-4.11E-06,-8.94E-06,1.00E-05,7.11E-05,-1.40E-06
321.66,1.57E-05,-5.66E-06,-2.23E-06,-7.84E-06,1.00E-05,6.06E-05,-2.47E-06
321.87,2.19E-05,-8.70E-06,-5.68E-06,-8.21E-06,1.00E-05,5.01E-05,2.20E-07
322.08,2.24E-05,-1.68E-05,-4.49E-06,-1.41E-05,9.92E-06,3.99E-05,-3.01E-06
322.29,1.48E-05,-2.83E-05,-1.10E-05,-1.82E-05,7.71E-06,3.74E-05,-5.55E-06
322.5,9.69E-06,-2.64E-05,-1.01E-05,-2.09E-05,5.50E-06,3.49E-05,6.72E-06
322.71,8.46E-06,-2.54E-05,-1.25E-05,-1.62E-05,3.29E-06,3.24E-05,7.87E-06
322.92,7.86E-06,-2.33E-05,-1.15E-05,-1.71E-05,8.12E-06,3.00E-05,6.33E-06
323.14,1.11E-05,-2.03E-05,-1.73E-05,-2.69E-05,2.28E-05,2.75E-05,8.75E-06
323.35,6.03E-06,-1.67E-05,-1.76E-05,-3.23E-05,3.74E-05,2.50E-05,1.16E-05
323.56,6.45E-06,-8.59E-06,-2.19E-05,-3.46E-05,5.20E-05,2.25E-05,1.55E-05
323.77,4.76E-06,-1.33E-06,-2.26E-05,-3.26E-05,3.58E-05,1.87E-05,1.37E-05
323.98,2.99E-06,9.55E-06,-2.07E-05,-2.69E-05,1.18E-05,1.45E-05,1.46E-05
324.19,4.48E-06,2.33E-05,-2.22E-05,-2.47E-05,-1.23E-05,1.04E-05,2.01E-05
324.41,2.61E-06,2.14E-05,-2.64E-05,-2.67E-05,-3.20E-05,8.29E-06,1.98E-05
324.62,3.78E-06,1.51E-05,-2.61E-05,-2.30E-05,-3.20E-05,1.55E-05,1.95E-05
324.83,2.12E-06,8.78E-06,-2.58E-05,-2.29E-05,-3.20E-05,2.27E-05,1.80E-05
325.04,6.97E-06,9.89E-06,-2.84E-05,-2.19E-05,-3.20E-05,2.99E-05,1.79E-05
325.25,5.06E-06,8.02E-06,-2.26E-05,-1.90E-05,-3.81E-05,3.36E-05,3.20E-05
325.46,3.69E-05,-7.09E-05,-2.08E-05,-5.22E-05,-4.88E-05,3.47E-05,1.20E-05
325.68,3.54E-05,-7.53E-05,-1.75E-05,-4.08E-05,-5.96E-05,3.58E-05,8.35E-06
325.89,4.01E-05,-7.33E-05,-2.10E-05,-3.93E-05,-7.04E-05,3.69E-05,1.19E-05
326.1,4.10E-05,-8.22E-05,-1.95E-05,-3.59E-05,-4.64E-05,4.17E-05,1.03E-05
326.31,4.13E-05,-8.60E-05,-2.37E-05,-4.52E-05,-2.04E-05,4.67E-05,6.31E-06
326.52,4.29E-05,-8.41E-05,-1.65E-05,-3.51E-05,5.59E-06,5.17E-05,5.51E-06
326.74,4.56E-05,-7.87E-05,-1.80E-05,-3.62E-05,2.77E-05,5.38E-05,7.63E-06
326.95,4.53E-05,-7.95E-05,-2.00E-05,-4.00E-05,4.18E-05,5.02E-05,1.92E-05
327.16,4.02E-05,-8.71E-05,-2.06E-05,-4.08E-05,5.59E-05,4.66E-05,1.75E-05
327.37,4.32E-05,-8.71E-05,-2.71E-05,-3.92E-05,7.00E-05,4.30E-05,4.43E-06
327.58,1.44E-05,-4.19E-07,-2.12E-05,7.72E-08,7.42E-05,4.04E-05,1.99E-05
327.8,1.10E-05,-2.21E-06,-2.11E-05,-3.27E-06,7.45E-05,3.82E-05,1.83E-05
328.01,5.51E-06,-3.43E-06,-1.92E-05,-1.45E-05,7.48E-05,3.60E-05,1.68E-05
328.22,2.60E-06,-4.05E-06,-1.98E-05,-2.07E-05,7.39E-05,3.36E-05,1.49E-05
328.43,-3.76E-06,-9.49E-06,-9.44E-06,-8.17E-06,6.28E-05,3.00E-05,1.25E-05
328.64,-5.57E-06,-1.18E-05,-1.02E-05,-1.63E-05,5.17E-05,2.64E-05,1.41E-05
328.86,-7.34E-06,-1.17E-05,-1.09E-05,-1.76E-05,4.07E-05,2.28E-05,1.37E-05
329.07,-9.65E-06,-4.22E-06,-1.06E-05,-1.77E-05,3.22E-05,1.90E-05,5.07E-06
329.28,-1.35E-05,5.91E-06,-6.94E-06,-1.92E-05,2.63E-05,1.48E-05,9.27E-06
329.49,-1.22E-05,1.30E-05,-5.19E-06,-1.75E-05,2.05E-05,1.07E-05,8.30E-06
329.7,-8.66E-06,8.51E-06,-1.36E-05,-2.63E-05,1.47E-05,6.51E-06,1.19E-05
329.92,-3.64E-06,1.28E-05,-1.33E-05,-2.60E-05,4.76E-06,8.95E-07,1.51E-05
330.13,-3.92E-06,1.17E-05,-1.16E-05,-2.10E-05,-5.76E-06,-4.92E-06,1.60E-05
330.34,-3.61E-06,1.52E-05,-1.18E-05,-1.99E-05,-1.63E-05,-1.07E-05,1.67E-05
330.55,4.55E-08,1.73E-05,-1.75E-05,-2.88E-05,-1.68E-05,-1.20E-05,1.75E-05
330.76,2.15E-06,2.02E-05,-1.99E-05,-2.12E-05,1.04E-05,-6.11E-07,1.84E-05
330.98,2.44E-06,2.45E-05,-1.86E-05,-1.93E-05,3.75E-05,1.07E-05,1.95E-05
331.19,5.04E-06,2.63E-05,-1.74E-05,-1.76E-05,6.47E-05,2.21E-05,2.03E-05
331.4,6.44E-06,2.25E-05,-1.39E-05,-1.31E-05,5.56E-05,3.06E-05,1.64E-05
331.61,4.59E-06,1.60E-05,-1.45E-05,-1.59E-05,2.76E-05,3.75E-05,1.09E-05
331.83,8.01E-07,1.23E-05,-1.09E-05,-9.68E-06,-3.60E-07,4.44E-05,7.29E-06
332.04,-2.85E-06,1.20E-05,-7.35E-06,-7.59E-06,-2.67E-05,5.12E-05,5.22E-06
332.25,-2.62E-06,9.23E-06,-8.26E-06,-5.66E-06,-2.00E-05,5.54E-05,-3.88E-06
332.46,-4.44E-06,8.50E-07,-6.84E-06,1.95E-06,-1.34E-05,5.95E-05,-5.52E-06
332.68,-4.49E-06,-6.50E-07,-3.51E-06,6.45E-06,-6.72E-06,6.37E-05,-5.01E-06
332.89,-4.97E-06,8.24E-07,-3.26E-06,5.62E-06,-8.13E-06,5.90E-05,-7.48E-06
333.1,-5.38E-06,-9.21E-06,-5.03E-06,-8.97E-07,-1.98E-05,4.32E-05,-1.14E-05
333.31,-3.44E-06,-1.77E-05,-3.67E-06,-1.38E-07,-3.14E-05,2.74E-05,-1.99E-05
333.52,4.22E-06,-2.17E-05,-1.23E-05,-8.16E-06,-4.31E-05,1.16E-05,-1.74E-05
333.74,2.03E-06,-1.40E-05,-1.46E-05,-9.05E-06,-2.42E-05,8.54E-06,-9.38E-06
333.95,8.41E-07,-1.58E-05,-1.16E-05,-5.33E-06,7.56E-07,7.98E-06,-1.09E-05
334.16,6.60E-06,-1.40E-05,-1.49E-05,-7.51E-06,2.57E-05,7.43E-06,-1.04E-05
334.37,1.08E-05,-8.66E-06,-1.77E-05,-1.09E-05,4.81E-05,1.07E-05,5.86E-06
334.59,1.49E-05,5.84E-06,-2.60E-05,-1.60E-05,6.17E-05,2.67E-05,1.19E-05
334.8,1.48E-05,1.54E-05,-2.62E-05,-1.78E-05,7.53E-05,4.28E-05,1.20E-05
335.01,1.75E-05,1.05E-05,-2.21E-05,-2.41E-05,8.89E-05,5.89E-05,1.02E-05
335.22,1.76E-05,1.00E-05,-1.84E-05,-1.70E-05,8.55E-05,5.45E-05,7.12E-06
335.44,1.51E-05,7.90E-06,-2.27E-05,-1.88E-05,7.19E-05,3.75E-05,1.41E-05
335.65,8.33E-06,9.12E-06,-2.04E-05,-2.13E-05,5.84E-05,2.06E-05,1.39E-05
335.86,6.25E-06,6.43E-06,-1.66E-05,-1.88E-05,4.53E-05,4.18E-06,1.16E-05
336.07,4.18E-06,8.89E-06,-1.49E-05,-1.81E-05,6.14E-05,1.39E-05,4.55E-06
336.29,1.17E-06,4.42E-06,-1.66E-05,-2.26E-05,7.75E-05,2.36E-05,3.07E-06
336.5,-2.19E-06,2.43E-06,-1.59E-05,-2.47E-05,9.36E-05,3.33E-05,-2.68E-06
336.71,-2.67E-06,-4.28E-06,-1.08E-05,-3.30E-05,9.29E-05,3.67E-05,-3.58E-06
336.92,-9.18E-07,-1.29E-05,-2.13E-05,-3.45E-05,6.84E-05,3.11E-05,9.41E-06
337.14,-3.78E-06,-3.59E-06,-2.56E-05,-3.62E-05,4.40E-05,2.56E-05,1.29E-05
337.35,-5.44E-06,2.76E-06,-2.88E-05,-4.22E-05,1.96E-05,2.00E-05,1.94E-05
337.56,-5.85E-06,5.78E-06,-2.52E-05,-3.55E-05,3.26E-05,1.90E-05,1.62E-05
337.78,-5.98E-06,1.15E-05,-2.06E-05,-2.76E-05,5.43E-05,1.90E-05,1.62E-05
337.99,-6.55E-06,3.41E-06,-2.24E-05,-2.84E-05,7.59E-05,1.90E-05,1.43E-05
338.2,-3.27E-06,6.49E-06,-2.47E-05,-3.63E-05,9.23E-05,1.94E-05,2.19E-05
338.41,-5.80E-06,7.97E-06,-2.31E-05,-3.04E-05,8.90E-05,2.14E-05,2.26E-05
338.63,-5.73E-06,9.64E-06,-2.64E-05,-2.70E-05,8.56E-05,2.33E-05,6.22E-05
338.84,-5.62E-06,4.12E-06,-2.80E-05,-1.59E-05,8.23E-05,2.52E-05,6.10E-05
339.05,-8.61E-06,7.76E-06,-1.59E-05,-1.57E-05,6.47E-05,2.02E-05,4.82E-05
339.26,-1.00E-05,3.56E-06,-1.70E-05,-1.04E-05,3.80E-05,1.08E-05,4.80E-05
339.48,-1.04E-05,-1.25E-06,-1.34E-05,-9.15E-06,1.14E-05,1.34E-06,4.67E-05
339.69,-1.03E-05,-6.80E-06,-1.58E-05,-1.86E-05,-1.50E-05,-7.76E-06,4.42E-05
339.9,-1.26E-05,-1.32E-05,-1.52E-05,-1.48E-05,-1.25E-05,1.31E-05,4.27E-05
340.12,-8.18E-06,-1.57E-05,-1.27E-05,-1.00E-05,-9.97E-06,3.39E-05,5.07E-05
340.33,-9.35E-06,-2.59E-05,-1.13E-05,1.75E-06,-7.47E-06,5.48E-05,4.79E-05
340.54,-7.97E-06,-2.43E-05,-9.18E-06,1.74E-06,-1.08E-05,6.24E-05,5.29E-05
340.75,-7.94E-06,-3.03E-05,-3.66E-06,9.14E-06,-2.25E-05,5.13E-05,1.01E-05
340.97,-8.38E-06,-2.76E-05,6.39E-07,5.27E-06,-3.42E-05,4.02E-05,7.01E-06
341.18,-6.17E-06,-2.44E-05,-3.85E-06,5.66E-06,-4.58E-05,2.91E-05,8.68E-06
341.39,-9.00E-06,-2.74E-05,-3.65E-07,7.61E-06,-1.88E-05,2.00E-05,5.41E-06
341.61,-5.47E-06,-2.23E-05,-3.01E-06,1.02E-05,1.71E-05,1.14E-05,2.64E-06
341.82,-7.47E-06,-1.67E-05,-6.36E-07,1.45E-05,5.30E-05,2.74E-06,2.35E-06
342.03,-4.89E-06,-1.02E-05,-5.84E-06,1.20E-05,6.96E-05,-3.51E-06,6.21E-06
342.25,-1.06E-05,-2.35E-06,-7.76E-06,9.37E-06,1.76E-05,-1.29E-06,-1.30E-06
342.46,-1.08E-05,-1.78E-06,-7.35E-06,6.47E-06,-3.44E-05,9.36E-07,1.31E-06
342.67,-1.06E-05,-6.33E-06,-7.24E-06,1.61E-06,-8.64E-05,3.16E-06,-5.75E-06
342.88,-1.02E-05,-8.74E-09,-7.38E-06,-7.88E-06,-8.30E-05,1.27E-05,-4.90E-06
343.1,-1.16E-05,3.03E-06,-7.79E-06,-1.10E-05,-4.60E-05,2.66E-05,-4.65E-06
343.31,-1.63E-05,-7.69E-07,-5.06E-06,-6.45E-06,-8.96E-06,4.05E-05,-7.16E-06
343.52,-1.46E-05,4.90E-07,-7.77E-06,-9.16E-06,2.73E-05,5.37E-05,-5.61E-06
343.74,-1.56E-05,-7.50E-07,-6.51E-06,-1.20E-05,3.87E-05,4.34E-05,-6.50E-06
343.95,-1.64E-05,-1.29E-07,-7.47E-06,-1.76E-05,5.01E-05,3.31E-05,-4.30E-06
344.16,-1.48E-05,-4.10E-06,-4.09E-06,-1.49E-05,6.15E-05,2.28E-05,-8.23E-06
344.38,-9.66E-06,7.53E-07,-4.56E-06,-1.34E-05,5.89E-05,2.16E-05,-6.76E-06
344.59,-1.26E-05,6.37E-06,-5.59E-06,-1.36E-05,3.81E-05,3.22E-05,-1.03E-05
344.8,-1.12E-05,1.06E-05,-9.54E-06,-8.21E-06,1.72E-05,4.27E-05,-7.81E-06
345.02,-8.41E-06,9.85E-06,-1.23E-05,-1.33E-05,-3.69E-06,5.33E-05,-5.43E-06
345.23,-6.00E-06,7.82E-06,-1.27E-05,-1.21E-05,3.33E-05,3.74E-05,-4.64E-06
345.44,-6.26E-06,2.72E-06,-9.25E-06,-1.14E-05,8.12E-05,1.66E-05,-7.34E-06
345.66,-1.72E-06,3.77E-06,-6.64E-06,-7.37E-06,0.00012905,-4.33E-06,-2.66E-05
345.87,-3.41E-06,4.75E-06,-7.18E-06,-7.20E-06,0.00015736,-1.42E-05,-2.32E-05
346.08,1.10E-06,1.37E-06,-8.95E-06,-1.45E-06,0.00012673,9.22E-06,-2.30E-05
346.3,-3.28E-07,1.48E-06,-7.26E-06,-3.51E-06,9.61E-05,3.26E-05,-2.19E-05
346.51,2.05E-07,-8.11E-06,-2.46E-06,-7.11E-06,6.55E-05,5.60E-05,-2.36E-05
346.72,2.99E-06,-4.48E-07,-2.86E-06,-6.00E-06,6.77E-05,5.48E-05,6.34E-06
346.94,6.00E-06,-5.91E-06,-4.51E-06,-1.19E-05,8.69E-05,4.09E-05,-5.71E-06
347.15,1.87E-06,-2.02E-05,8.58E-07,2.20E-06,0.00010609,2.70E-05,-1.41E-05
347.36,1.21E-06,-2.04E-05,-4.05E-06,1.59E-06,0.00012339,1.38E-05,-1.21E-05
347.58,4.41E-06,-1.72E-05,-7.30E-06,-1.21E-06,0.00011448,1.13E-05,-1.02E-05
347.79,2.16E-06,-1.51E-05,-1.45E-05,-8.78E-06,0.00010556,8.81E-06,1.35E-05
348,1.46E-06,-1.96E-05,-1.52E-05,-6.30E-06,9.66E-05,6.31E-06,1.44E-05
348.22,-1.08E-06,-1.38E-05,-1.70E-05,-8.63E-06,9.05E-05,6.73E-06,1.84E-05
348.43,1.38E-06,-1.10E-05,-2.36E-05,-1.20E-05,8.75E-05,1.04E-05,1.96E-05
348.64,-2.00E-06,-3.28E-06,-2.54E-05,-9.90E-06,8.44E-05,1.40E-05,1.91E-05
348.86,-1.70E-06,-6.90E-06,-2.73E-05,-1.34E-05,8.13E-05,1.76E-05,-7.01E-06
349.07,-3.38E-06,-3.25E-07,-3.16E-05,-1.41E-05,6.91E-05,4.84E-06,1.07E-05
349.28,9.02E-08,1.21E-05,-3.51E-05,-2.08E-05,5.57E-05,-9.93E-06,1.82E-05
349.5,8.17E-07,1.43E-05,-3.62E-05,-2.68E-05,4.23E-05,-2.47E-05,2.26E-05
349.71,-1.53E-07,1.73E-05,-3.50E-05,-2.56E-05,3.06E-05,-3.07E-05,2.31E-05
349.92,-1.77E-06,2.08E-05,-2.98E-05,-1.91E-05,2.28E-05,-1.65E-05,1.76E-05
350.14,-3.69E-06,2.46E-05,-2.72E-05,-2.00E-05,1.50E-05,-2.25E-06,1.49E-05
350.35,-6.39E-06,2.26E-05,-2.66E-05,-2.23E-05,7.21E-06,1.20E-05,1.19E-05
350.57,-4.46E-06,2.44E-05,-2.47E-05,-2.10E-05,9.00E-06,3.64E-05,1.25E-05
350.78,6.70E-07,2.93E-05,-2.95E-05,-2.68E-05,1.46E-05,6.48E-05,1.85E-05
350.99,-4.14E-07,2.47E-05,-2.49E-05,-2.04E-05,2.02E-05,9.33E-05,1.80E-05
351.21,1.23E-06,2.45E-05,-1.83E-05,-1.50E-05,2.47E-05,0.00011741,1.09E-05
351.42,-4.33E-06,2.33E-05,-1.79E-05,-1.37E-05,2.22E-05,0.00011295,1.34E-05
351.63,-1.82E-06,2.31E-05,-1.13E-05,-2.85E-06,1.97E-05,0.00010849,9.43E-06
351.85,-3.86E-07,2.07E-05,-1.32E-05,-3.43E-06,1.71E-05,0.00010402,1.24E-05
352.06,1.16E-06,1.41E-05,-1.23E-05,-5.00E-06,3.00E-05,0.00010535,1.35E-05
352.27,5.04E-06,1.07E-05,-1.08E-05,-5.07E-06,5.57E-05,0.00011149,1.16E-05
352.49,5.48E-06,1.08E-05,-7.45E-06,-2.46E-06,8.14E-05,0.00011763,9.78E-06
352.7,2.70E-06,5.42E-06,-3.45E-06,-2.31E-06,0.00010704,0.00012377,5.87E-06
352.92,6.35E-07,-1.44E-06,-2.52E-07,4.50E-06,0.00012116,0.00010842,2.68E-06
353.13,-3.95E-06,-1.18E-06,-2.35E-06,2.16E-06,0.00013484,9.22E-05,2.83E-06
353.34,-7.18E-06,-4.45E-06,-1.30E-06,2.50E-06,0.00014852,7.60E-05,2.46E-06
353.56,-7.79E-06,-5.98E-07,6.14E-07,3.60E-08,0.00015117,6.72E-05,-1.55E-06
353.77,-1.18E-05,9.26E-07,2.69E-06,9.24E-08,0.00013581,7.02E-05,-2.34E-06
353.98,-1.15E-05,3.62E-06,8.32E-07,-1.57E-06,0.00012046,7.33E-05,-1.37E-06
354.2,-1.13E-05,6.96E-06,6.37E-07,-1.22E-06,0.0001051,7.64E-05,-1.96E-06
354.41,-1.13E-05,1.09E-05,-5.69E-06,-6.76E-07,9.11E-05,6.25E-05,1.18E-06
354.63,-1.06E-05,1.76E-06,-7.17E-06,2.66E-06,7.74E-05,4.44E-05,5.22E-06
354.84,-8.03E-06,1.84E-06,-8.95E-06,3.39E-06,6.37E-05,2.62E-05,7.21E-06
355.05,-1.23E-05,2.24E-06,-7.95E-06,-4.56E-07,5.76E-05,1.47E-05,5.80E-06
355.27,-7.25E-06,-2.96E-06,-8.40E-06,-1.01E-05,7.88E-05,2.70E-05,5.06E-06
355.48,-7.44E-06,-2.25E-06,-9.65E-06,-1.48E-05,0.00010006,3.92E-05,6.53E-06
355.7,-2.31E-06,-3.66E-06,-1.11E-05,-5.28E-06,0.00012129,5.15E-05,6.94E-06
355.91,-1.16E-06,-6.98E-06,-1.65E-05,-6.33E-06,0.00010374,5.37E-05,6.73E-06
356.12,-2.64E-06,-7.96E-06,-1.03E-05,-4.25E-06,6.41E-05,5.01E-05,9.85E-07
356.34,-3.83E-06,-9.27E-06,-8.54E-06,-5.31E-06,2.44E-05,4.64E-05,3.54E-06
356.55,-1.85E-06,-8.69E-06,-7.34E-06,-7.80E-06,-1.28E-05,4.32E-05,4.06E-06
356.77,6.60E-07,-2.45E-06,-1.44E-05,-1.81E-05,-8.57E-06,4.71E-05,4.02E-06
356.98,-1.09E-06,2.44E-06,-1.59E-05,-2.05E-05,-4.37E-06,5.11E-05,5.14E-06
357.19,3.39E-06,1.69E-06,-2.02E-05,-1.98E-05,-1.82E-07,5.50E-05,5.49E-06
357.41,5.15E-06,6.69E-06,-1.93E-05,-1.29E-05,1.04E-05,5.37E-05,9.50E-06
357.62,1.67E-06,3.98E-06,-1.85E-05,-1.01E-05,2.81E-05,4.67E-05,8.22E-06
357.84,-7.04E-07,4.12E-06,-2.02E-05,-2.14E-05,4.57E-05,3.97E-05,1.08E-05
358.05,-1.79E-06,4.90E-06,-1.64E-05,-1.98E-05,6.33E-05,3.27E-05,1.08E-05
358.27,-2.28E-06,2.36E-06,-1.89E-05,-1.97E-05,6.40E-05,4.94E-05,1.11E-05
358.48,-4.36E-06,1.12E-06,-1.78E-05,-2.06E-05,6.29E-05,6.87E-05,6.37E-06
358.69,-9.23E-06,-2.49E-06,-1.74E-05,-1.66E-05,6.18E-05,8.80E-05,9.23E-06
358.91,-1.31E-05,5.82E-06,-9.96E-06,-1.13E-05,6.27E-05,9.44E-05,6.08E-06
359.12,-1.92E-05,8.97E-06,-6.92E-06,-1.03E-05,6.80E-05,7.39E-05,6.24E-06
359.34,-2.01E-05,9.32E-06,-4.75E-06,-1.12E-05,7.34E-05,5.35E-05,6.91E-06
359.55,-2.50E-05,1.51E-05,-4.71E-06,-9.05E-06,7.87E-05,3.31E-05,7.83E-06
359.76,-1.67E-05,1.85E-05,-1.76E-06,-8.56E-06,6.41E-05,3.56E-05,9.07E-06
359.98,-1.23E-05,9.40E-06,-2.50E-06,-8.27E-06,4.28E-05,4.56E-05,5.06E-06
360.19,-1.28E-05,4.29E-06,-6.98E-06,-1.69E-05,2.15E-05,5.57E-05,5.59E-06
360.41,-1.07E-05,1.32E-06,-9.40E-06,-2.12E-05,9.73E-06,6.47E-05,6.67E-06
360.62,-1.08E-05,-3.75E-06,-1.30E-05,-2.18E-05,4.25E-05,6.89E-05,9.33E-06
360.84,-1.04E-05,1.75E-06,-1.25E-05,-2.18E-05,7.52E-05,7.31E-05,8.73E-06
361.05,-5.44E-06,3.51E-07,-1.02E-05,-1.88E-05,0.00010795,7.73E-05,1.05E-05
361.26,1.29E-06,-6.75E-06,-1.44E-05,-1.65E-05,0.00012167,7.97E-05,-2.25E-06
361.48,4.21E-07,-1.38E-05,-1.76E-05,-1.58E-05,0.00012279,8.08E-05,-4.49E-06
361.69,2.63E-06,-1.80E-05,-1.67E-05,-2.13E-05,0.00012391,8.19E-05,-2.00E-05
361.91,-1.73E-06,-1.77E-05,-1.82E-05,-2.52E-05,0.00012441,8.31E-05,-1.97E-05
362.12,-3.64E-07,-3.45E-06,-1.73E-05,-1.96E-05,0.00010369,8.65E-05,-1.77E-05
362.34,-5.75E-07,3.87E-06,-2.29E-05,-1.61E-05,8.30E-05,8.98E-05,-1.32E-05
362.55,-4.28E-06,4.31E-06,-2.12E-05,-1.53E-05,6.23E-05,9.32E-05,-1.39E-05
362.77,-3.28E-06,1.19E-05,-1.80E-05,-1.55E-05,5.94E-05,9.51E-05,-1.58E-05
362.98,5.08E-07,2.67E-06,-1.32E-05,-1.14E-05,7.79E-05,9.54E-05,-1.92E-05
363.19,-1.78E-06,1.75E-06,-1.27E-05,-1.54E-05,9.64E-05,9.57E-05,-1.84E-05
363.41,-7.19E-06,-6.33E-07,-6.79E-06,-1.71E-05,0.00011488,9.60E-05,-7.48E-06
363.62,-1.28E-05,1.34E-06,-3.97E-06,-2.14E-05,0.0001227,8.91E-05,-3.22E-06
363.84,-1.36E-05,2.23E-06,-2.96E-06,-2.02E-05,0.00012914,8.12E-05,1.07E-05
364.05,-1.48E-05,-4.21E-06,-3.73E-07,-1.45E-05,0.00013559,7.34E-05,9.01E-06
364.27,-1.86E-05,-1.58E-05,-7.32E-06,-2.20E-05,0.00014203,6.63E-05,1.08E-05
364.48,-1.39E-05,-1.69E-05,-4.87E-06,-2.25E-05,0.00014847,6.10E-05,7.17E-06
364.7,-7.63E-06,-1.03E-05,-1.15E-05,-2.60E-05,0.00015492,5.57E-05,1.54E-05
364.91,-6.52E-06,-9.95E-06,-1.46E-05,-2.89E-05,0.00016136,5.04E-05,1.95E-05
365.13,-9.01E-06,-2.02E-06,-1.64E-05,-3.42E-05,0.00013771,6.17E-05,2.07E-05
365.34,-1.41E-05,-7.20E-06,-1.96E-05,-3.76E-05,0.0001038,7.88E-05,1.67E-05
365.56,-7.21E-06,-3.63E-06,-2.78E-05,-4.32E-05,6.99E-05,9.59E-05,1.91E-05
365.77,-2.17E-06,-1.85E-06,-2.61E-05,-4.06E-05,4.93E-05,0.00010821,1.60E-05
365.98,3.60E-06,-2.14E-06,-2.94E-05,-3.67E-05,9.05E-05,9.81E-05,1.68E-05
366.2,4.10E-06,5.99E-08,-3.38E-05,-3.86E-05,0.00013171,8.80E-05,1.95E-05
366.41,2.96E-06,1.72E-06,-2.65E-05,-3.28E-05,0.00017292,7.79E-05,1.88E-05
366.63,-1.77E-06,1.84E-06,-1.80E-05,-2.60E-05,0.00017224,7.55E-05,1.89E-05
366.84,-3.21E-06,1.48E-06,-1.24E-05,-1.98E-05,0.00014477,7.81E-05,1.27E-05
367.06,-3.97E-06,1.22E-06,-1.51E-05,-1.90E-05,0.00011729,8.06E-05,1.44E-05
367.27,-1.90E-06,-2.59E-06,-1.49E-05,-1.87E-05,9.20E-05,8.29E-05,1.26E-05
367.49,3.21E-06,6.60E-07,-1.81E-05,-1.33E-05,0.00011498,7.98E-05,1.72E-05
367.7,2.27E-06,-9.40E-07,-1.92E-05,-1.17E-05,0.00013798,7.67E-05,2.21E-05
367.92,3.48E-06,-6.62E-07,-1.72E-05,-1.16E-05,0.00016098,7.36E-05,2.13E-05
368.13,-1.20E-06,7.29E-07,-2.79E-05,-2.55E-05,0.00016081,7.64E-05,2.63E-05
368.35,-2.65E-06,2.57E-06,-2.51E-05,-2.78E-05,0.00013529,8.57E-05,2.63E-05
368.56,-1.25E-06,1.13E-05,-3.13E-05,-3.53E-05,0.00010976,9.49E-05,3.06E-05
368.78,-1.04E-06,9.94E-06,-3.51E-05,-3.76E-05,8.42E-05,0.00010419,2.65E-05
368.99,-2.43E-06,1.04E-05,-3.71E-05,-3.77E-05,6.61E-05,0.00010654,3.14E-05
369.21,-6.93E-07,5.99E-06,-3.23E-05,-3.10E-05,4.87E-05,0.00010822,2.79E-05
369.42,-1.36E-06,1.35E-05,-3.53E-05,-3.34E-05,3.13E-05,0.0001099,3.20E-05
369.64,-1.47E-06,5.06E-06,-2.69E-05,-2.91E-05,2.63E-05,0.00011002,2.57E-05
369.85,-3.70E-06,5.97E-06,-2.36E-05,-2.82E-05,4.42E-05,0.00010722,2.27E-05
370.07,-1.66E-06,9.17E-06,-3.04E-05,-3.35E-05,6.22E-05,0.00010441,2.63E-05
370.28,-1.44E-06,5.84E-06,-2.29E-05,-2.55E-05,8.01E-05,0.0001016,2.01E-05
370.5,-2.24E-06,6.15E-06,-2.35E-05,-2.22E-05,8.47E-05,0.00010034,1.95E-05
370.71,-6.57E-06,-3.49E-06,-1.45E-05,-1.26E-05,8.55E-05,9.95E-05,1.34E-05
370.93,-9.46E-06,-5.76E-06,-1.02E-05,-1.53E-05,8.63E-05,9.87E-05,1.59E-05
371.14,-1.18E-05,-3.31E-06,-5.79E-06,-1.32E-05,8.79E-05,9.73E-05,1.21E-05
371.36,-8.94E-06,1.83E-06,-1.33E-05,-2.39E-05,9.18E-05,9.42E-05,5.50E-06
371.57,-1.11E-05,-1.20E-07,-1.52E-05,-2.75E-05,9.57E-05,9.11E-05,3.31E-06
371.79,-1.24E-05,1.02E-05,-2.03E-05,-3.13E-05,9.97E-05,8.80E-05,9.22E-06
372,-1.29E-05,1.14E-05,-1.87E-05,-2.60E-05,0.00011364,8.63E-05,9.26E-06
372.22,-1.62E-05,1.38E-05,-1.56E-05,-1.81E-05,0.00013273,8.51E-05,7.49E-06
372.43,-2.11E-05,1.72E-05,-1.06E-05,-1.58E-05,0.00015183,8.40E-05,6.04E-06
372.65,-1.75E-05,1.75E-05,-1.42E-05,-2.44E-05,0.00016937,8.33E-05,4.91E-06
372.86,-1.47E-05,1.78E-05,-1.36E-05,-2.50E-05,0.00017302,8.64E-05,4.00E-06
373.08,-7.85E-06,2.36E-05,-1.80E-05,-2.62E-05,0.00017667,8.95E-05,7.80E-06
373.29,-5.13E-06,1.39E-05,-1.73E-05,-2.75E-05,0.00018032,9.26E-05,6.51E-06
373.51,-1.04E-05,1.29E-05,-1.20E-05,-1.96E-05,0.00018474,0.00010191,1.50E-05
373.72,-1.38E-05,1.20E-05,-7.86E-06,-1.26E-05,0.00018979,0.00011652,1.49E-05
373.94,-1.12E-05,9.73E-06,-6.02E-06,-1.12E-05,0.00019485,0.00013114,1.44E-05
374.15,-9.72E-06,1.16E-05,-3.07E-06,-1.17E-05,0.00019991,0.00014575,1.19E-05
374.37,-7.73E-06,4.46E-06,3.94E-07,-8.21E-06,0.00017928,0.00013495,1.07E-05
374.58,-3.77E-06,2.15E-06,1.22E-06,-5.07E-06,0.0001582,0.00012371,9.62E-06
374.8,-4.49E-06,3.50E-06,-2.49E-06,-5.02E-06,0.00013712,0.00011246,1.29E-05
375.02,-5.48E-06,2.15E-06,-2.54E-06,-1.30E-06,0.0001293,0.00010672,1.61E-05
375.23,-8.79E-06,-5.53E-06,1.43E-06,4.76E-06,0.00013942,0.0001084,9.20E-06
375.45,-6.89E-06,4.84E-06,-1.33E-06,9.36E-06,0.00014954,0.00011009,1.28E-05
375.66,-6.20E-06,5.92E-06,2.68E-06,1.14E-05,0.00015966,0.00011178,1.17E-05
375.88,-3.15E-06,6.40E-06,2.09E-06,1.19E-05,0.00014172,0.00010077,1.08E-05
376.09,-4.70E-06,1.28E-05,2.76E-06,1.31E-05,0.0001195,8.78E-05,9.26E-06
376.31,-2.78E-06,1.61E-05,-4.18E-06,1.86E-06,9.73E-05,7.49E-05,1.21E-05
376.52,-1.54E-06,2.34E-05,-7.82E-06,2.90E-06,8.36E-05,7.11E-05,1.47E-05
376.74,1.85E-07,3.16E-05,-6.39E-06,5.47E-06,8.86E-05,8.74E-05,1.61E-05
376.95,7.58E-07,4.29E-05,-8.69E-07,1.60E-05,9.37E-05,0.00010371,1.41E-05
377.17,3.90E-06,5.38E-05,-2.58E-07,1.64E-05,9.88E-05,0.00012003,1.42E-05
377.39,6.99E-06,6.72E-05,-2.39E-06,2.40E-05,9.77E-05,0.00011165,1.87E-05
377.6,2.32E-06,7.37E-05,1.77E-06,2.39E-05,9.46E-05,9.53E-05,1.69E-05
377.82,1.10E-06,8.55E-05,-3.20E-06,2.39E-05,9.15E-05,7.90E-05,2.04E-05
378.03,2.44E-06,8.26E-05,-7.43E-06,2.45E-05,9.28E-05,6.84E-05,2.30E-05
378.25,2.69E-06,8.48E-05,-8.51E-06,3.00E-05,0.00011133,8.05E-05,2.53E-05
378.46,-1.77E-07,8.92E-05,-3.84E-06,4.53E-05,0.0001299,9.26E-05,2.15E-05
378.68,-2.89E-06,9.39E-05,-1.47E-06,5.21E-05,0.00014847,0.00010475,2.05E-05
378.89,8.54E-07,9.48E-05,-5.36E-06,5.46E-05,0.0001634,0.00010845,2.42E-05
379.11,-4.13E-06,8.32E-05,-3.50E-06,6.54E-05,0.00017634,0.00010761,2.42E-05
379.33,-5.34E-06,8.67E-05,-3.89E-06,7.32E-05,0.00018929,0.00010676,2.60E-05
379.54,-5.46E-06,8.54E-05,-6.11E-06,7.51E-05,0.00019997,0.00010762,2.73E-05
379.76,-4.55E-06,8.00E-05,-1.20E-05,8.36E-05,0.00018927,0.00012451,2.90E-05
379.97,-1.14E-06,7.61E-05,-1.02E-05,9.28E-05,0.00017857,0.00014141,2.83E-05
380.19,-2.73E-07,8.61E-05,-8.31E-06,0.00010923,0.00016787,0.0001583,3.11E-05
380.4,1.33E-06,8.01E-05,-6.89E-06,0.00011894,0.00016484,0.00016171,2.97E-05
380.62,2.41E-06,7.66E-05,-5.90E-06,0.00012851,0.00016822,0.00015382,3.05E-05
380.83,3.89E-06,8.01E-05,-6.44E-06,0.00012874,0.00017159,0.00014594,3.14E-05
381.05,-1.85E-06,8.10E-05,-5.87E-06,0.00013686,0.00017497,0.00013805,3.09E-05
381.27,3.92E-06,8.88E-05,-1.17E-05,0.00013585,0.00018311,0.00013576,3.65E-05
381.48,4.51E-06,9.29E-05,-1.03E-05,0.00013905,0.00019128,0.00013351,3.36E-05
381.7,-3.61E-07,9.29E-05,-1.49E-05,0.00013415,0.00019945,0.00013125,3.32E-05
381.91,4.51E-06,9.22E-05,-1.72E-05,0.0001273,0.00019239,0.00011839,3.50E-05
382.13,-1.99E-07,8.52E-05,-1.41E-05,0.0001267,0.00016618,9.22E-05,3.09E-05
382.35,2.33E-06,8.78E-05,-1.01E-05,0.00012619,0.00013998,6.60E-05,2.61E-05
382.56,1.72E-06,1.00E-04,-1.20E-05,0.00012215,0.00011378,3.98E-05,3.09E-05
382.78,2.39E-07,0.0001049,-1.16E-05,0.00011494,0.00011704,5.99E-05,3.60E-05
382.99,1.29E-06,9.83E-05,-1.20E-05,0.00011386,0.00012381,8.56E-05,3.46E-05
383.21,1.67E-06,9.78E-05,-8.79E-06,0.0001078,0.00013057,0.00011121,3.32E-05
383.42,-1.98E-06,9.88E-05,-2.69E-07,0.00010184,0.00013597,0.00012975,2.79E-05
383.64,-3.70E-06,9.04E-05,-1.08E-05,8.71E-05,0.00013879,0.00013483,3.50E-05
383.86,-4.17E-07,8.26E-05,-7.16E-06,7.11E-05,0.00014161,0.0001399,3.59E-05
384.07,-9.02E-06,7.39E-05,2.10E-06,7.18E-05,0.00014443,0.00014498,3.15E-05
384.29,-6.03E-06,7.39E-05,-2.44E-06,6.32E-05,0.00013105,0.0001325,3.49E-05
384.5,-1.17E-05,6.11E-05,-9.44E-07,5.08E-05,0.00011357,0.00011558,3.72E-05
384.72,-1.26E-05,4.16E-05,-1.28E-05,3.29E-05,9.61E-05,9.87E-05,3.88E-05
384.94,-9.29E-06,4.08E-05,-1.22E-05,3.56E-05,8.72E-05,9.12E-05,4.05E-05
385.15,-1.26E-05,3.50E-05,-1.05E-05,2.63E-05,0.00010382,0.00011212,4.45E-05
385.37,-1.27E-05,3.36E-05,-1.16E-05,2.16E-05,0.00012046,0.00013299,5.03E-05
385.58,-9.90E-06,2.36E-05,-1.27E-05,2.31E-05,0.0001371,0.00015386,5.18E-05
385.8,-1.10E-05,1.99E-05,-6.83E-07,2.94E-05,0.00014538,0.00016438,4.63E-05
386.02,-8.48E-06,2.98E-05,5.12E-06,4.62E-05,0.00015018,0.00017058,4.82E-05
386.23,-3.97E-06,4.90E-06,5.57E-06,4.60E-05,0.00015497,0.00017679,5.16E-05
386.45,-4.38E-06,4.95E-06,1.60E-05,4.60E-05,0.00015637,0.00017887,5.42E-05
386.66,-3.34E-07,7.90E-06,1.42E-05,4.24E-05,0.00014,0.0001594,5.59E-05
386.88,2.48E-06,1.49E-05,2.90E-05,5.31E-05,0.00012364,0.00013994,5.53E-05
387.1,1.29E-06,5.93E-06,3.30E-05,4.81E-05,0.00010727,0.00012046,5.38E-05
387.31,-1.36E-06,9.30E-06,3.62E-05,5.24E-05,0.00010587,0.00011491,5.15E-05
387.53,-1.77E-06,-1.16E-06,3.86E-05,4.85E-05,0.00011377,0.00011802,4.73E-05
387.75,-1.71E-06,2.79E-06,3.77E-05,4.65E-05,0.00012168,0.00012112,5.09E-05
387.96,-8.82E-07,-1.43E-06,4.04E-05,3.94E-05,0.00013051,0.00012448,4.93E-05
388.18,-3.84E-06,-1.39E-05,4.15E-05,3.03E-05,0.00015112,0.00013097,4.83E-05
388.39,-1.15E-06,1.33E-05,4.06E-05,1.92E-05,0.00017173,0.00013746,4.84E-05
388.61,5.91E-08,9.71E-06,3.43E-05,1.64E-05,0.00019233,0.00014396,5.17E-05
388.83,-3.33E-06,2.22E-06,3.95E-05,2.44E-05,0.0002035,0.0001434,5.14E-05
389.04,-5.23E-06,1.20E-06,4.25E-05,1.76E-05,0.00020632,0.00013663,4.96E-05
389.26,-6.33E-06,1.34E-06,4.19E-05,1.27E-05,0.00020914,0.00012985,5.71E-05
389.48,2.02E-06,-3.55E-06,3.03E-05,-4.07E-06,0.00021197,0.00012307,6.14E-05
389.69,-9.10E-07,-4.47E-06,3.23E-05,-1.00E-06,0.00023044,0.00011238,6.15E-05
389.91,-4.12E-06,-7.68E-06,3.28E-05,-6.66E-06,0.00024908,0.00010165,5.89E-05
390.12,1.22E-06,-6.51E-07,2.09E-05,-8.37E-06,0.00026772,9.09E-05,6.30E-05
390.34,1.27E-06,-1.51E-07,1.93E-05,-7.34E-06,0.00027178,9.63E-05,6.08E-05
390.56,-2.41E-06,3.36E-06,2.06E-05,-1.36E-06,0.00025794,0.00012142,6.18E-05
390.77,-6.14E-08,5.23E-06,2.10E-05,-2.87E-06,0.0002441,0.00014657,5.84E-05
390.99,5.11E-06,7.85E-06,1.34E-05,-1.26E-05,0.00023026,0.00017171,6.21E-05
391.21,7.05E-06,1.30E-05,9.85E-06,-1.05E-05,0.00021847,0.00016963,6.50E-05
391.42,8.26E-06,1.18E-05,3.13E-06,-1.45E-05,0.00020688,0.00016483,5.81E-05
391.64,3.15E-06,1.61E-05,1.16E-05,-6.19E-06,0.0001953,0.00016003,5.77E-05
391.86,4.02E-06,1.84E-05,6.14E-06,-1.35E-05,0.00020253,0.00015595,6.08E-05
392.07,5.51E-06,2.50E-05,1.12E-06,-1.75E-05,0.00024181,0.00015313,0.00011221
392.29,3.19E-06,1.54E-05,8.45E-06,-1.26E-05,0.0002811,0.0001503,0.0001091
392.51,8.88E-07,2.20E-05,3.03E-06,-1.63E-05,0.00032039,0.00014748,0.00011944
392.72,2.99E-06,3.02E-05,-5.39E-06,-2.32E-05,0.00029502,0.00014676,0.00012
392.94,-1.04E-06,2.91E-05,-6.68E-06,-2.28E-05,0.00025657,0.00014648,0.00011857
393.16,-5.17E-06,2.98E-05,-1.11E-06,-1.94E-05,0.00021812,0.0001462,0.00011482
393.37,-1.26E-05,2.64E-05,-5.52E-06,-2.89E-05,0.00019233,0.00014758,0.00011454
393.59,-9.47E-06,2.84E-05,-9.30E-06,-3.77E-05,0.00019685,0.00015295,0.00011685
393.8,-7.42E-06,2.83E-05,-1.32E-05,-4.17E-05,0.00020138,0.00015833,0.00011876
394.02,-4.82E-06,3.15E-05,-1.02E-05,-3.81E-05,0.0002059,0.0001637,0.00011504
394.24,-5.85E-06,2.12E-05,-5.81E-06,-3.63E-05,0.00025502,0.00016243,6.54E-05
394.45,-9.28E-06,2.81E-05,-9.52E-06,-3.94E-05,0.00031837,0.00015903,7.10E-05
394.67,-8.29E-06,3.47E-05,-8.09E-06,-3.96E-05,0.00038173,0.00015564,6.69E-05
394.89,-8.98E-06,2.27E-05,-4.23E-06,-3.37E-05,0.00041835,0.0001591,6.75E-05
395.1,-9.94E-06,2.25E-05,-3.05E-06,-3.33E-05,0.00036149,0.00018654,7.00E-05
395.32,-1.23E-05,2.17E-05,-9.73E-06,-3.74E-05,0.00030462,0.00021399,6.86E-05
395.54,-1.14E-05,1.87E-05,-8.58E-06,-3.19E-05,0.00024776,0.00024143,6.76E-05
395.76,-1.71E-05,2.05E-05,-6.78E-06,-2.41E-05,0.00023622,0.00024222,6.48E-05
395.97,-1.70E-05,1.58E-05,-6.16E-06,-1.85E-05,0.00024528,0.0002309,6.25E-05
396.19,-1.52E-05,1.30E-05,-7.43E-06,-1.81E-05,0.00025433,0.00021958,6.40E-05
396.41,-1.15E-05,1.85E-05,-7.25E-06,-1.41E-05,0.00026574,0.00020991,6.40E-05
396.62,-8.62E-06,2.06E-05,-3.13E-06,-1.19E-05,0.00029007,0.00020935,6.15E-05
396.84,-4.24E-06,1.27E-05,-7.57E-07,-5.82E-06,0.00031441,0.00020878,6.22E-05
397.06,-1.61E-06,1.76E-05,-1.69E-06,-5.61E-06,0.00033876,0.00020821,6.26E-05
397.27,1.61E-06,2.58E-05,-4.57E-06,-8.30E-06,0.00032112,0.00020326,6.41E-05
397.49,1.35E-05,3.20E-05,-8.23E-06,-2.19E-05,0.00027781,0.00019561,7.25E-05
397.71,1.86E-05,3.29E-05,-9.46E-06,-1.89E-05,0.00023449,0.00018797,7.67E-05
397.92,1.98E-05,3.19E-05,-4.75E-06,-9.61E-06,0.00019582,0.0001807,7.66E-05
398.14,2.18E-05,3.79E-05,-2.36E-06,-8.39E-06,0.00020517,0.0001773,7.34E-05
398.36,2.26E-05,2.02E-05,-3.34E-06,-1.02E-05,0.00021451,0.0001739,0.00010302
398.57,2.46E-05,2.63E-05,-8.15E-06,-1.55E-05,0.00022385,0.00017051,0.00010747
398.79,2.26E-05,3.00E-05,-9.91E-06,-1.75E-05,0.00022027,0.00017515,0.00010917
399.01,1.82E-05,3.77E-05,-9.13E-06,-2.08E-05,0.00020639,0.0001862,0.00010394
399.22,2.18E-05,4.82E-05,-1.06E-05,-2.67E-05,0.00019251,0.00019724,0.00010537
399.44,2.15E-05,5.57E-05,-8.47E-06,-2.35E-05,0.00017923,0.00020794,0.00010502
399.66,1.46E-05,5.92E-05,-1.21E-06,-1.28E-05,0.0001883,0.00020567,9.82E-05
399.88,1.22E-05,6.56E-05,4.93E-06,-5.61E-06,0.00019737,0.00020341,9.25E-05
400.09,1.21E-05,8.03E-05,2.33E-06,-1.32E-05,0.00020643,0.00020114,9.48E-05
400.31,7.17E-06,9.01E-05,4.43E-06,-1.23E-05,0.00020931,0.00021083,9.84E-05
400.53,3.78E-06,0.00011929,8.68E-06,-9.02E-06,0.00020591,0.00023265,6.96E-05
400.74,1.39E-06,0.00012019,1.37E-05,-6.61E-06,0.00020251,0.00025447,6.72E-05
400.96,5.95E-06,0.00012257,1.12E-05,-7.18E-06,0.00019911,0.00027629,6.69E-05
401.18,6.85E-06,0.00012503,1.24E-05,-5.74E-06,0.00020859,0.0002674,7.03E-05
401.4,-5.76E-06,0.00011785,1.80E-05,-2.83E-06,0.00021851,0.00025748,6.73E-05
401.61,-6.98E-06,0.00011247,1.88E-05,-4.30E-06,0.00022843,0.00024756,6.75E-05
401.83,-8.63E-06,0.00010956,1.93E-05,5.77E-07,0.00025542,0.00023303,6.84E-05
402.05,-6.88E-06,0.00010826,2.05E-05,-3.53E-06,0.00030417,0.00021262,7.06E-05
402.26,-7.56E-06,0.00010765,1.54E-05,-1.26E-05,0.00035294,0.00019221,7.59E-05
402.48,-1.33E-06,0.00010518,1.52E-05,-1.12E-05,0.0004017,0.0001718,7.76E-05
402.7,2.30E-06,0.0001018,7.21E-06,-1.79E-05,0.00037651,0.00019431,7.97E-05
402.92,-1.38E-06,0.0001088,6.56E-06,-1.54E-05,0.00034419,0.00022096,8.07E-05
403.13,-4.43E-06,0.00011637,7.66E-06,-1.32E-05,0.00031186,0.00024762,8.57E-05
403.35,-3.82E-06,0.00012924,4.49E-06,-1.88E-05,0.00029375,0.00026105,8.64E-05
403.57,3.94E-06,0.0001459,4.15E-07,-1.64E-05,0.00029828,0.00025339,8.77E-05
403.78,4.30E-06,0.00016825,3.05E-06,-9.01E-06,0.00030282,0.00024573,8.72E-05
404,6.51E-06,0.00019547,3.85E-06,-7.62E-06,0.00030736,0.00023807,7.97E-05
404.22,5.13E-06,0.00021836,2.27E-06,-1.27E-05,0.00030263,0.00024066,7.88E-05
404.44,9.80E-06,0.00023701,7.29E-06,-1.25E-06,0.00029639,0.00024491,7.30E-05
404.65,3.86E-06,0.0002716,8.77E-06,-1.92E-07,0.00029015,0.00024917,6.05E-05
404.87,4.76E-06,0.00030443,1.10E-05,2.15E-06,0.00028894,0.00025105,6.13E-05
405.09,6.46E-06,0.00033231,1.37E-05,-5.43E-07,0.00029774,0.00024821,5.84E-05
405.31,5.51E-06,0.00036109,1.67E-05,-3.55E-06,0.00030654,0.00024537,5.41E-05
405.52,3.93E-06,0.0003781,1.74E-05,6.42E-06,0.00031533,0.00024254,5.21E-05
405.74,5.26E-06,0.00040338,1.88E-05,2.32E-06,0.00031792,0.0002443,5.71E-05
405.96,1.07E-05,0.00041709,8.07E-06,-1.64E-05,0.00031905,0.00024714,6.36E-05
406.18,1.30E-05,0.0004225,8.33E-06,-1.37E-05,0.00032019,0.00024998,7.24E-05
406.39,1.69E-05,0.00044955,-9.53E-08,-2.49E-05,0.0003134,0.00025118,8.03E-05
406.61,1.42E-05,0.00047607,2.72E-05,2.47E-05,0.000287,0.00024834,4.57E-05
406.83,1.36E-05,0.00049447,2.98E-05,2.52E-05,0.00026059,0.00024551,5.48E-05
407.04,1.39E-05,0.00052863,3.49E-05,3.04E-05,0.00023419,0.00024267,5.40E-05
407.26,1.68E-05,0.00055816,3.63E-05,4.11E-05,0.00025516,0.00023526,5.76E-05
407.48,1.76E-05,0.00058376,3.57E-05,4.54E-05,0.00029066,0.00022646,5.74E-05
407.7,2.32E-05,0.00060846,4.09E-05,4.77E-05,0.00032616,0.00021766,6.04E-05
407.92,2.24E-05,0.00061627,4.08E-05,5.41E-05,0.00034579,0.0002137,5.86E-05
408.13,1.64E-05,0.00062995,5.06E-05,7.50E-05,0.00031625,0.00022478,5.45E-05
408.35,9.32E-06,0.00064149,5.05E-05,7.82E-05,0.00028671,0.00023586,5.38E-05
408.57,4.46E-06,0.00063663,6.10E-05,0.00010113,0.00025717,0.00024693,4.68E-05
408.79,3.79E-06,0.00062076,4.22E-05,7.08E-05,0.00024653,0.00024651,8.01E-05
409,4.42E-06,0.00060776,4.03E-05,8.05E-05,0.00024312,0.00024168,7.14E-05
409.22,-7.91E-07,0.00058413,3.63E-05,8.74E-05,0.00023971,0.00023685,7.28E-05
409.44,-3.62E-06,0.00055995,3.08E-05,8.32E-05,0.00024289,0.00023346,7.72E-05
409.66,2.30E-07,0.00053971,2.77E-05,8.57E-05,0.00027187,0.00023574,8.13E-05
409.87,-1.15E-06,0.00052364,2.49E-05,8.78E-05,0.00030085,0.00023801,7.90E-05
410.09,-1.67E-06,0.00052479,2.16E-05,9.82E-05,0.00032984,0.00024028,8.16E-05
410.31,2.65E-06,0.00052008,1.70E-05,0.00010202,0.00033861,0.00025092,8.01E-05
410.53,1.04E-05,0.00052077,1.30E-05,0.00010247,0.00033804,0.00026541,8.01E-05
410.74,1.40E-05,0.00052638,1.12E-05,0.00011111,0.00033747,0.00027991,8.10E-05
410.96,1.84E-05,0.00054127,7.03E-06,0.00010782,0.00033737,0.00029228,8.33E-05
411.18,2.87E-05,0.000541,-3.29E-06,0.0001001,0.00033965,0.00029399,9.89E-05
411.4,3.05E-05,0.00053548,-8.66E-06,0.00010095,0.00034192,0.00029569,9.77E-05
411.62,3.35E-05,0.00052751,-7.22E-06,0.00011411,0.0003442,0.0002974,9.56E-05
411.83,3.32E-05,0.00050857,-3.12E-06,0.00012644,0.00032674,0.00029284,9.37E-05
412.05,3.08E-05,0.00049513,-1.39E-06,0.00013443,0.00029859,0.00028488,9.41E-05
412.27,2.93E-05,0.00046961,3.03E-06,0.00014511,0.00027044,0.00027691,8.77E-05
412.49,2.79E-05,0.00044411,1.32E-06,0.00015436,0.00025124,0.00026918,9.15E-05
412.7,2.37E-05,0.00041458,2.69E-06,0.00016492,0.00029106,0.00026292,9.36E-05
412.92,2.37E-05,0.00038636,2.30E-06,0.00017565,0.00033088,0.00025666,9.74E-05
413.14,1.77E-05,0.00035404,1.03E-06,0.00017929,0.00037069,0.0002504,0.00010071
413.36,7.61E-06,0.00031746,7.43E-06,0.00019553,0.0003881,0.0002529,9.84E-05
413.58,7.35E-06,0.00028472,1.29E-05,0.00020737,0.00039151,0.00026087,9.11E-05
413.79,3.18E-06,0.00025929,1.51E-05,0.00021244,0.00039492,0.00026884,8.88E-05
414.01,3.77E-06,0.00023671,1.28E-05,0.00022184,0.00039613,0.00027388,9.19E-05
414.23,6.81E-06,0.00021006,9.41E-06,0.00022669,0.00037764,0.00025282,9.25E-05
414.45,6.70E-06,0.00018524,1.05E-05,0.00022798,0.00035914,0.00023176,9.60E-05
414.67,-1.31E-06,0.00016245,1.88E-05,0.00023922,0.00034064,0.00021071,9.23E-05
414.88,-6.96E-07,0.00014598,2.25E-05,0.00024885,0.00033082,0.00021669,8.27E-05
415.1,-2.75E-06,0.0001236,2.71E-05,0.00025063,0.00032712,0.00024174,8.02E-05
415.32,1.81E-06,0.00010127,3.06E-05,0.00025824,0.00032342,0.00026678,7.54E-05
415.54,1.37E-06,9.32E-05,3.53E-05,0.00026345,0.00031845,0.0002885,6.34E-05
415.76,2.94E-06,8.54E-05,3.24E-05,0.00026061,0.00029739,0.000268,7.23E-05
415.97,6.50E-06,7.44E-05,3.08E-05,0.00025173,0.00027632,0.00024751,7.33E-05
416.19,-1.24E-06,7.25E-05,3.27E-05,0.00023933,0.00025526,0.00022701,7.11E-05
416.41,-1.28E-06,6.15E-05,3.40E-05,0.0002256,0.00027839,0.00022917,7.40E-05
416.63,6.40E-06,6.15E-05,3.52E-05,0.000209,0.00033619,0.0002491,7.57E-05
416.85,1.53E-05,5.76E-05,3.16E-05,0.00018398,0.000394,0.00026904,8.08E-05
417.06,1.52E-05,5.80E-05,3.03E-05,0.00015578,0.00044545,0.00028785,9.27E-05
417.28,1.81E-05,5.13E-05,2.03E-05,0.00012169,0.00037254,0.00028471,9.63E-05
417.5,1.48E-05,4.42E-05,2.09E-05,0.00010212,0.00029962,0.00028158,0.00010452
417.72,2.15E-05,4.02E-05,2.11E-05,8.00E-05,0.00022671,0.00027845,0.00011572
417.94,2.09E-05,4.13E-05,2.90E-05,6.52E-05,0.00021781,0.00027363,0.00011658
418.16,2.07E-05,4.64E-05,3.35E-05,5.67E-05,0.00026395,0.00026736,0.00011751
418.37,2.33E-05,4.35E-05,3.44E-05,4.67E-05,0.00031011,0.0002611,0.00011383
418.59,2.08E-05,3.94E-05,3.44E-05,3.54E-05,0.00035556,0.00025506,0.00011195
418.81,1.49E-05,3.69E-05,2.80E-05,3.06E-05,0.00037607,0.00025734,0.00011375
419.03,9.81E-06,4.19E-05,3.09E-05,2.50E-05,0.00039659,0.00025962,0.00010971
419.25,9.88E-06,3.66E-05,2.89E-05,2.63E-05,0.00041711,0.0002619,0.00011021
419.47,4.88E-06,3.59E-05,3.86E-05,3.47E-05,0.0004202,0.00026802,0.0001054
419.68,4.59E-06,3.64E-05,3.30E-05,2.16E-05,0.00040709,0.00027771,9.84E-05
419.9,1.42E-06,3.68E-05,2.92E-05,1.94E-05,0.00039398,0.0002874,9.85E-05
420.12,-1.39E-06,3.07E-05,2.79E-05,1.54E-05,0.00038131,0.00029683,9.62E-05
420.34,-9.91E-07,2.75E-05,2.33E-05,1.34E-05,0.00041495,0.00027887,9.54E-05
420.56,-1.78E-06,2.40E-05,2.56E-05,8.53E-06,0.00044858,0.00026091,9.58E-05
420.78,-2.61E-06,3.29E-05,2.91E-05,1.49E-05,0.00048222,0.00024295,9.76E-05
420.99,-2.81E-06,3.29E-05,3.36E-05,1.04E-05,0.00048698,0.00024458,9.59E-05
421.21,3.54E-07,2.49E-05,3.13E-05,1.29E-05,0.00046303,0.00026568,9.57E-05
421.43,-4.59E-06,2.60E-05,3.49E-05,1.22E-05,0.00043908,0.00028678,9.41E-05
421.65,-4.11E-06,1.84E-05,3.23E-05,1.19E-05,0.00041512,0.00030788,9.17E-05
421.87,-1.22E-06,2.24E-05,3.64E-05,2.06E-05,0.00039004,0.00030346,9.55E-05
422.09,-7.08E-06,2.46E-05,4.02E-05,2.58E-05,0.00036494,0.0002989,9.66E-05
422.3,-8.74E-06,2.15E-05,4.17E-05,3.02E-05,0.00033984,0.00029434,9.55E-05
422.52,-1.16E-05,1.72E-05,4.01E-05,2.23E-05,0.00032491,0.00029548,9.58E-05
422.74,-8.84E-06,1.88E-05,3.73E-05,2.71E-05,0.00032063,0.00030261,0.00010361
422.96,-1.01E-05,1.37E-05,3.00E-05,2.28E-05,0.00031635,0.00030975,0.00010197
423.18,-1.45E-05,1.06E-05,3.29E-05,2.99E-05,0.00031207,0.00031688,9.93E-05
423.4,-1.34E-05,1.32E-05,2.89E-05,3.18E-05,0.00034705,0.00030158,0.00010039
423.62,-9.07E-06,1.71E-05,2.99E-05,3.60E-05,0.00038271,0.00028588,9.93E-05
423.83,-5.95E-06,3.02E-05,3.15E-05,4.30E-05,0.00041838,0.00027019,0.00010623
424.05,-1.10E-05,2.87E-05,3.18E-05,4.14E-05,0.00042744,0.00026009,0.0001027
424.27,1.26E-07,3.14E-05,2.46E-05,2.91E-05,0.00040746,0.00025609,0.00010593
424.49,3.52E-06,4.37E-05,2.14E-05,2.66E-05,0.00038749,0.0002521,0.0001603
424.71,3.55E-06,4.68E-05,2.56E-05,3.20E-05,0.00036751,0.0002481,0.00015773
424.93,2.64E-06,4.16E-05,2.01E-05,2.38E-05,0.00037701,0.00026191,0.00015617
425.15,4.42E-06,4.17E-05,2.14E-05,2.12E-05,0.00038728,0.00027618,0.00015944
425.36,1.08E-05,4.44E-05,1.80E-05,1.47E-05,0.00039756,0.00029045,0.0001628
425.58,1.25E-05,3.74E-05,1.76E-05,7.26E-06,0.00039613,0.00029329,0.00016182
425.8,1.40E-05,3.95E-05,1.49E-05,3.71E-06,0.00038157,0.0002833,0.00016594
426.02,1.13E-05,3.30E-05,1.42E-05,-3.83E-06,0.00036701,0.0002733,0.00015972
426.24,1.48E-05,3.19E-05,8.58E-06,-5.89E-06,0.00035245,0.00026331,0.00016428
426.46,1.15E-05,2.40E-05,1.03E-05,-1.67E-06,0.00033511,0.00028209,0.00016198
426.68,1.37E-05,1.55E-05,1.83E-06,-8.83E-06,0.00031769,0.0003018,0.00011132
426.9,1.41E-05,1.94E-05,-8.19E-07,-1.51E-05,0.00030027,0.00032151,0.00011611
427.11,1.58E-05,2.66E-05,-2.47E-06,-2.15E-05,0.0003161,0.00032626,0.00011487
427.33,1.22E-05,2.75E-05,3.30E-06,-7.73E-06,0.0003698,0.00031397,0.0001106
427.55,1.07E-05,2.56E-05,-4.18E-08,-8.13E-06,0.0004235,0.00030169,0.00010633
427.77,6.10E-06,2.96E-05,3.25E-06,-5.41E-06,0.00047721,0.00028941,0.00010747
427.99,5.49E-06,2.65E-05,5.83E-07,-9.77E-06,0.00046601,0.00028651,0.00010682
428.21,7.68E-06,3.18E-05,-3.23E-06,-1.81E-05,0.00045258,0.00028394,0.00011008
428.43,5.62E-06,2.80E-05,2.61E-06,-1.04E-05,0.00043915,0.00028137,0.00010601
428.65,1.24E-05,2.81E-05,-1.00E-06,-1.01E-05,0.00044013,0.00028213,0.00010528
428.87,1.43E-05,3.41E-05,5.41E-06,-7.47E-06,0.00045756,0.00028671,0.00010469
429.08,1.59E-05,2.90E-05,2.25E-06,-3.62E-06,0.000475,0.00029128,0.00010387
429.3,1.34E-05,3.15E-05,1.10E-05,9.98E-06,0.00049243,0.00029585,0.00010471
429.52,1.85E-05,2.85E-05,5.59E-06,3.78E-06,0.00046644,0.00029462,0.00011065
429.74,1.68E-05,2.92E-05,1.15E-05,8.32E-06,0.000439,0.00029319,0.00011424
429.96,2.10E-05,2.19E-05,1.03E-05,1.58E-05,0.00041156,0.00029176,0.00011044
430.18,2.17E-05,2.54E-05,1.31E-05,2.27E-05,0.00039458,0.00029181,0.00011222
430.4,2.22E-05,2.82E-05,6.00E-06,2.55E-05,0.00038943,0.00029352,0.00011603
430.62,2.38E-05,3.55E-05,-1.19E-06,1.72E-05,0.00038429,0.00029524,0.00011858
430.84,1.56E-05,4.51E-05,1.66E-06,1.83E-05,0.00037914,0.00029695,0.00012096
431.05,1.70E-05,4.35E-05,-1.38E-06,2.13E-05,0.00039428,0.00030228,0.00012187
431.27,1.46E-05,3.71E-05,4.65E-07,2.85E-05,0.00041001,0.00030771,0.00012108
431.49,1.95E-05,3.37E-05,-1.36E-06,3.08E-05,0.00042574,0.00031315,0.00012077
431.71,1.75E-05,3.85E-05,3.19E-06,3.44E-05,0.00044445,0.00031885,0.00011711
431.93,1.86E-05,3.84E-05,-4.52E-07,3.32E-05,0.00046648,0.00032486,0.00011803
432.15,1.51E-05,4.43E-05,-3.10E-06,2.42E-05,0.00048851,0.00033087,0.00012462
432.37,1.11E-05,4.24E-05,-5.29E-06,2.67E-05,0.00051053,0.00033687,0.00012134
432.59,1.09E-05,4.30E-05,-1.51E-07,4.71E-05,0.00047766,0.00032187,0.00012113
432.81,8.72E-06,4.58E-05,1.99E-06,7.22E-05,0.00044362,0.00030643,0.00012327
433.03,5.77E-06,3.40E-05,3.21E-06,8.77E-05,0.00040957,0.00029098,0.00011951
433.25,4.29E-06,2.95E-05,2.41E-06,9.80E-05,0.00040238,0.00028923,0.00012046
433.47,4.51E-06,4.27E-05,4.88E-06,0.0001094,0.00042384,0.00030211,0.00012052
433.68,3.28E-06,4.21E-05,7.75E-06,0.0001204,0.0004453,0.00031498,0.00011845
433.9,2.83E-06,3.55E-05,5.13E-06,0.00012629,0.00046677,0.00032786,0.00011951
434.12,3.76E-06,3.69E-05,1.86E-06,0.00013215,0.00045029,0.00031441,0.00012186
434.34,6.16E-06,4.59E-05,6.75E-06,0.00014452,0.0004334,0.00030067,0.00012192
434.56,1.25E-05,4.27E-05,1.00E-05,0.00014994,0.00041651,0.00028693,0.00012114
434.78,1.16E-05,3.54E-05,1.10E-05,0.00013613,0.00038955,0.00028085,0.00011534
435,1.29E-05,3.74E-05,1.50E-05,0.00012655,0.00035233,0.00028257,0.00011646
435.22,1.30E-05,4.55E-05,1.92E-05,0.00012212,0.00031511,0.00028429,0.00011894
435.44,9.36E-06,4.82E-05,2.53E-05,0.00012589,0.00027802,0.00028601,0.00011568
435.66,1.44E-05,3.65E-05,1.92E-05,0.00011436,0.00028661,0.00029031,0.00011872
435.88,1.49E-05,3.90E-05,1.35E-05,0.00011052,0.0002952,0.0002946,0.00012321
436.1,1.79E-05,4.19E-05,1.47E-05,0.00011211,0.00030379,0.0002989,0.00012176
436.32,1.85E-05,3.74E-05,1.64E-05,0.00011688,0.00032642,0.00029866,0.00011917
436.54,1.75E-05,2.55E-05,1.55E-05,0.00012937,0.00036251,0.00029408,0.00011882
436.75,1.34E-05,2.77E-05,1.58E-05,0.0001413,0.0003986,0.00028949,0.00012049
436.97,1.25E-05,3.64E-05,2.02E-05,0.00015495,0.00043377,0.00028509,0.00012428
437.19,1.33E-05,3.34E-05,2.22E-05,0.0001654,0.00042202,0.00028996,0.00012028
437.41,2.07E-05,2.28E-05,1.61E-05,0.00017124,0.00041028,0.00029483,0.00012061
437.63,2.19E-05,1.98E-05,1.45E-05,0.00017754,0.00039853,0.0002997,0.00012362
437.85,1.94E-05,2.20E-05,1.43E-05,0.00018086,0.00040178,0.00030927,0.00012492
438.07,1.61E-05,2.07E-05,1.59E-05,0.00018213,0.0004184,0.00032303,0.00012659
438.29,1.31E-05,2.20E-05,1.34E-05,0.00018134,0.00043502,0.00033678,0.00012851
438.51,1.52E-05,1.99E-05,1.12E-05,0.00018127,0.0004508,0.00034943,0.00012975
438.73,1.99E-05,2.75E-05,1.40E-05,0.0001698,0.00044593,0.00033482,0.0001295
438.95,1.70E-05,2.74E-05,1.32E-05,0.00016009,0.00044106,0.0003202,0.00013102
439.17,2.61E-05,2.52E-05,4.14E-07,0.00014093,0.00043619,0.00030558,0.00013626
439.39,2.61E-05,2.49E-05,-1.27E-06,0.00013059,0.00043983,0.00029695,0.00014564
439.61,2.19E-05,3.28E-05,2.84E-06,0.00011661,0.00045043,0.00029322,0.00014804
439.83,1.94E-05,3.67E-05,3.54E-06,0.00010446,0.00046104,0.0002895,0.00015144
440.05,2.17E-05,3.54E-05,7.00E-06,9.89E-05,0.0004706,0.00028812,0.00015114
440.27,2.23E-05,3.65E-05,9.24E-06,8.82E-05,0.0004643,0.00032253,0.0001461
440.49,2.44E-05,3.24E-05,4.76E-06,6.63E-05,0.00045799,0.00035694,0.00014673
440.71,2.08E-05,3.99E-05,7.76E-06,5.58E-05,0.00045168,0.00039134,0.00014697
440.93,1.59E-05,4.26E-05,8.27E-06,4.76E-05,0.00045476,0.00039777,0.00014758
441.15,1.85E-05,4.22E-05,9.05E-06,3.83E-05,0.00046479,0.00038343,0.0001458
441.37,6.40E-06,3.81E-05,1.99E-05,4.31E-05,0.00047483,0.00036909,0.00014249
441.59,6.88E-06,3.84E-05,1.71E-05,3.31E-05,0.00048327,0.0003557,0.0001376
441.8,2.12E-06,3.59E-05,2.07E-05,3.59E-05,0.00047495,0.00035226,0.00013856
442.02,1.71E-06,3.75E-05,2.55E-05,3.35E-05,0.00046663,0.00034881,0.00014031
442.24,-2.76E-06,4.85E-05,2.60E-05,3.34E-05,0.00045831,0.00034537,0.00014388
442.46,-3.46E-06,4.85E-05,2.55E-05,2.90E-05,0.00044619,0.0003566,0.00014693
442.68,-8.74E-06,5.81E-05,3.28E-05,4.21E-05,0.00043156,0.00037754,0.00015014
442.9,-5.65E-06,5.93E-05,2.82E-05,3.57E-05,0.00041693,0.00039849,0.00015563
443.12,-5.98E-06,5.94E-05,2.65E-05,3.08E-05,0.00040466,0.0004142,0.00016076
443.34,-2.57E-06,5.58E-05,2.35E-05,2.49E-05,0.0004104,0.00039009,0.00016927
443.56,9.86E-06,5.77E-05,1.06E-05,1.67E-05,0.00041614,0.00036599,0.00018326
443.78,1.14E-05,5.66E-05,1.32E-05,1.42E-05,0.00042188,0.00034188,0.00018712
444,1.78E-05,5.57E-05,2.39E-06,5.51E-06,0.00040749,0.00033899,0.00019255
444.22,2.06E-05,5.27E-05,-1.39E-07,-6.93E-08,0.00038137,0.00034846,0.0001978
444.44,2.65E-05,4.16E-05,2.99E-06,8.38E-07,0.00035525,0.00035793,0.00019982
444.66,3.01E-05,3.66E-05,1.28E-06,2.87E-06,0.00033703,0.00036983,0.00020657
444.88,3.97E-05,3.52E-05,-1.19E-06,-7.96E-06,0.00036431,0.00039567,0.00021524
445.1,3.80E-05,2.98E-05,9.26E-06,-1.61E-06,0.00039158,0.00042151,0.00021858
445.32,3.91E-05,3.04E-05,9.92E-07,-9.21E-06,0.00041886,0.00044735,0.00023007
445.54,3.71E-05,3.63E-05,2.60E-07,-9.18E-06,0.00042914,0.00044358,0.00023876
445.76,3.36E-05,3.43E-05,7.29E-06,-1.09E-05,0.00043086,0.00042492,0.00024607
445.98,3.24E-05,3.26E-05,5.97E-06,-1.23E-05,0.00043259,0.00040625,0.00025795
446.2,2.90E-05,4.22E-05,1.02E-05,-1.03E-05,0.00043163,0.00039352,0.00027457
446.42,2.77E-05,4.02E-05,8.57E-06,-9.08E-06,0.0004187,0.00040731,0.00029194
446.64,2.16E-05,4.78E-05,7.94E-06,-1.05E-05,0.00040578,0.0004211,0.00031294
446.86,1.79E-05,4.90E-05,1.25E-05,-1.19E-05,0.00039285,0.00043489,0.00033726
447.08,9.45E-06,4.70E-05,1.36E-05,-7.54E-06,0.00039444,0.00045855,0.00036481
447.3,8.84E-06,4.94E-05,7.00E-06,-1.31E-05,0.00040219,0.00048642,0.00040516
447.52,9.35E-06,4.49E-05,1.82E-05,-1.28E-06,0.00040995,0.00051429,0.00044773
447.74,8.47E-06,4.41E-05,1.86E-05,-9.20E-07,0.00041714,0.00053854,0.00050265
447.96,5.59E-06,4.48E-05,2.45E-05,5.87E-06,0.00042231,0.00055003,0.0005673
448.18,3.20E-06,4.50E-05,2.79E-05,9.79E-06,0.00042748,0.00056153,0.00065004
448.4,-5.67E-07,3.90E-05,2.94E-05,9.47E-06,0.00043265,0.00057302,0.00074918
448.62,1.68E-06,4.20E-05,2.75E-05,5.71E-06,0.00042696,0.00059048,0.00086246
448.84,4.45E-06,3.40E-05,2.52E-05,-3.52E-06,0.00041748,0.00061003,0.0010032
449.06,7.63E-06,3.57E-05,2.26E-05,6.81E-07,0.00040799,0.00062958,0.0011657
449.28,1.37E-05,3.30E-05,2.20E-05,-1.36E-06,0.00040484,0.0006507,0.0013297
449.5,1.32E-05,3.05E-05,1.97E-05,-2.14E-06,0.0004195,0.00067629,0.0015009
449.72,1.31E-05,3.29E-05,1.84E-05,-5.71E-06,0.00043416,0.00070188,0.0016499
449.94,1.70E-05,3.07E-05,1.94E-05,-6.75E-06,0.00044882,0.00072746,0.0017932
450.16,1.39E-05,2.83E-05,2.12E-05,9.15E-08,0.00046731,0.00075981,0.0019151
450.38,1.35E-05,3.28E-05,2.15E-05,1.26E-06,0.00048687,0.00079403,0.0020206
450.61,1.54E-05,2.87E-05,2.22E-05,7.20E-07,0.00050642,0.00082825,0.0021012
450.83,1.78E-05,2.94E-05,2.07E-05,-1.13E-06,0.00050926,0.00085869,0.0021664
451.05,1.29E-05,2.98E-05,2.54E-05,1.21E-05,0.00047417,0.00088055,0.0021951
451.27,1.20E-05,2.94E-05,2.07E-05,4.96E-06,0.00043908,0.0009024,0.0021964
451.49,8.00E-06,3.81E-05,2.05E-05,4.09E-06,0.00040399,0.00092427,0.002173
451.71,5.72E-06,4.45E-05,2.37E-05,5.61E-06,0.00038559,0.00095328,0.0021184
451.93,5.79E-06,4.43E-05,2.65E-05,1.35E-05,0.00037063,0.00098378,0.0020606
452.15,2.41E-06,4.86E-05,2.66E-05,1.93E-05,0.00035567,0.0010143,0.0019912
452.37,3.89E-06,4.85E-05,2.60E-05,1.88E-05,0.00034914,0.0010378,0.0018983
452.59,5.63E-06,4.47E-05,2.40E-05,1.70E-05,0.00035806,0.0010484,0.0018096
452.81,8.53E-06,4.72E-05,2.37E-05,2.03E-05,0.00036698,0.001059,0.0017121
453.03,5.50E-06,4.06E-05,2.67E-05,2.43E-05,0.0003759,0.0010697,0.0016022
453.25,4.27E-06,4.02E-05,2.53E-05,2.20E-05,0.00040629,0.0010922,0.0014869
453.47,2.61E-06,4.03E-05,2.97E-05,2.70E-05,0.00043967,0.0011164,0.0013698
453.69,6.00E-06,3.85E-05,2.71E-05,2.50E-05,0.00047306,0.0011406,0.0012702
453.91,-2.04E-06,0.0001487,3.79E-05,8.63E-05,0.00047745,0.0011602,0.0012238
454.13,-1.73E-06,0.00014735,3.51E-05,7.77E-05,0.00043888,0.0011732,0.0011471
454.35,5.22E-07,0.00014505,3.06E-05,7.38E-05,0.0004003,0.0011861,0.001075
454.57,-3.78E-06,0.00014466,3.47E-05,6.85E-05,0.00036173,0.0011991,0.0010197
454.79,-6.03E-07,0.00014611,3.27E-05,6.83E-05,0.00037103,0.0012096,0.00095894
455.01,-4.12E-06,0.00014558,3.25E-05,6.89E-05,0.00038399,0.00122,0.00090472
455.23,-2.27E-06,0.00015148,3.75E-05,7.50E-05,0.00039694,0.0012304,0.00085392
455.45,9.67E-07,0.00015554,3.68E-05,7.58E-05,0.0004124,0.001241,0.00081158
455.68,-1.63E-07,0.00015976,3.83E-05,8.24E-05,0.00043083,0.0012519,0.00077198
455.9,-1.59E-06,0.00016263,4.01E-05,9.00E-05,0.00044926,0.0012629,0.00073218
456.12,9.46E-06,4.79E-05,3.13E-05,3.60E-05,0.00046769,0.0012738,0.00064585
456.34,6.35E-06,4.85E-05,3.33E-05,4.59E-05,0.00047366,0.0012706,0.000602
456.56,3.70E-06,4.78E-05,4.01E-05,5.52E-05,0.00047942,0.0012671,0.00055947
456.78,5.23E-06,4.76E-05,3.41E-05,5.66E-05,0.00048518,0.0012637,0.00052508
457,-1.03E-06,4.98E-05,3.95E-05,6.00E-05,0.00049817,0.0012639,0.00049132
457.22,1.96E-06,5.03E-05,4.07E-05,6.38E-05,0.00051805,0.0012677,0.00046338
457.44,2.09E-06,4.74E-05,3.71E-05,6.35E-05,0.00053793,0.0012714,0.00044002
457.66,3.67E-06,5.20E-05,3.70E-05,5.96E-05,0.00055603,0.0012746,0.00041036
457.88,5.67E-06,5.28E-05,3.20E-05,4.53E-05,0.00053269,0.0012654,0.00039177
458.1,2.36E-06,4.66E-05,3.49E-05,4.51E-05,0.00050935,0.0012562,0.00036893
458.32,2.05E-06,5.02E-05,3.22E-05,4.55E-05,0.00048601,0.001247,0.00035793
458.54,5.32E-06,4.82E-05,2.33E-05,3.53E-05,0.00047336,0.0012397,0.00034399
458.76,8.28E-06,4.56E-05,1.84E-05,2.10E-05,0.00046875,0.0012339,0.00033048
458.99,1.01E-05,5.09E-05,2.09E-05,1.72E-05,0.00046414,0.0012282,0.00031618
459.21,1.27E-05,4.44E-05,1.41E-05,1.18E-05,0.00045894,0.0012223,0.00030603
459.43,1.10E-05,4.70E-05,1.42E-05,6.66E-06,0.00044856,0.0012151,0.00029243
459.65,1.25E-05,4.86E-05,1.13E-05,3.50E-07,0.00043818,0.0012079,0.000284
459.87,1.43E-05,4.75E-05,1.38E-05,4.22E-06,0.00042781,0.0012006,0.00028394
460.09,1.68E-05,4.67E-05,2.01E-05,1.70E-05,0.00042381,0.0011841,0.0002711
460.31,2.10E-05,4.38E-05,1.70E-05,1.30E-05,0.00042352,0.0011622,0.00026462
460.53,2.14E-05,3.26E-05,1.34E-05,4.34E-06,0.00042323,0.0011403,0.00025539
460.75,1.97E-05,-0.00010079,1.44E-05,7.47E-07,0.00042428,0.0011162,0.00018614
460.97,1.73E-05,-9.16E-05,1.65E-05,5.06E-06,0.00043206,0.0010807,0.00016546
461.19,1.75E-05,-9.57E-05,1.61E-05,1.20E-05,0.00043985,0.0010452,0.00016087
461.42,1.69E-05,-8.87E-05,1.92E-05,1.08E-05,0.00044764,0.0010097,0.00015461
461.64,1.58E-05,-8.73E-05,2.27E-05,1.61E-05,0.00044355,0.00099638,0.00015031
461.86,1.34E-05,-8.55E-05,2.82E-05,1.86E-05,0.00043432,0.00099263,0.0001423
462.08,1.47E-05,-8.55E-05,2.34E-05,1.10E-05,0.00042509,0.00098888,0.00013872
462.3,1.73E-05,-8.90E-05,1.63E-05,4.80E-07,0.00041906,0.00097739,0.00014295
462.52,1.67E-05,-8.66E-05,1.60E-05,1.17E-06,0.00042368,0.00094017,0.00013898
462.74,1.95E-05,-7.86E-05,2.03E-05,2.45E-07,0.00042829,0.00090296,0.00012866
462.96,1.99E-05,6.27E-05,2.35E-05,9.72E-06,0.00043291,0.00086573,0.000179
463.18,2.45E-05,6.11E-05,2.02E-05,3.21E-06,0.00043112,0.00086031,0.00018944
463.4,2.77E-05,6.05E-05,2.32E-05,2.29E-06,0.00042737,0.00086464,0.00018546
463.63,4.02E-05,5.65E-05,2.78E-05,5.13E-06,0.00042362,0.00086897,0.00018368
463.85,6.96E-05,5.33E-05,2.41E-05,-2.20E-06,0.00041848,0.00087148,0.00018279
464.07,9.96E-05,6.12E-05,2.35E-05,-3.90E-06,0.00041011,0.00086975,0.00018546
464.29,0.00012547,5.37E-05,2.55E-05,-3.09E-07,0.00040174,0.00086802,0.00018195
464.51,0.00014255,5.55E-05,2.59E-05,3.25E-07,0.00039336,0.00086628,0.0001787
464.73,0.00015785,5.88E-05,2.97E-05,7.77E-07,0.00039248,0.00089231,0.00017735
464.95,0.00016764,6.32E-05,2.86E-05,-3.18E-07,0.00039305,0.00092379,0.0001851
465.17,0.00017404,5.55E-05,3.43E-05,-1.91E-06,0.00039363,0.00095526,0.00019466
465.39,0.00017475,5.95E-05,4.02E-05,6.42E-06,0.00042025,0.00099136,0.00020005
465.62,0.00017347,6.29E-05,3.28E-05,-9.45E-08,0.00049071,0.0010353,0.00020899
465.84,0.0001622,6.85E-05,2.79E-05,-1.60E-06,0.00056118,0.0010791,0.00021522
466.06,0.0001362,7.86E-05,3.19E-05,5.79E-06,0.00063164,0.001123,0.0002151
466.28,0.00010435,7.87E-05,2.79E-05,2.08E-06,0.00059752,0.001169,0.00021932
466.5,7.69E-05,9.29E-05,2.68E-05,-3.45E-06,0.00055304,0.0012153,0.00022402
466.72,5.50E-05,0.00010053,3.21E-05,1.16E-07,0.00050855,0.0012615,0.00021267
466.94,3.83E-05,0.00012206,3.45E-05,1.01E-05,0.00047636,0.0013205,0.00022392
467.16,2.53E-05,0.0001265,3.96E-05,1.63E-05,0.00045931,0.0013953,0.00021229
467.39,2.07E-05,0.00014748,3.33E-05,1.74E-05,0.00044227,0.0014702,0.00022442
467.61,9.94E-06,0.00015617,3.53E-05,2.11E-05,0.00042523,0.001545,0.00022725
467.83,1.06E-05,0.00017437,4.24E-05,3.48E-05,0.00043098,0.0016691,0.00023145
468.05,1.17E-05,0.00018701,4.18E-05,3.34E-05,0.00043705,0.001794,0.0002385
468.27,8.38E-06,0.00017849,4.15E-05,2.80E-05,0.00044312,0.0019188,0.0002021
468.49,9.25E-06,0.00018685,4.57E-05,4.12E-05,0.00044918,0.002036,0.00020619
468.71,6.13E-06,0.00019861,4.52E-05,4.58E-05,0.00045525,0.0021465,0.00021647
468.94,2.13E-06,0.00020106,4.63E-05,5.29E-05,0.00046132,0.0022569,0.0002342
469.16,5.24E-06,0.00018582,4.72E-05,5.77E-05,0.0004661,0.002369,0.00023565
469.38,5.15E-06,0.00018295,4.80E-05,7.38E-05,0.00045251,0.0025051,0.00025989
469.6,2.54E-06,0.00018182,5.33E-05,7.94E-05,0.00043892,0.0026413,0.00026455
469.82,1.29E-05,0.00017873,5.40E-05,8.10E-05,0.00042534,0.0027775,0.00027716
470.04,1.07E-05,0.00017229,5.53E-05,8.06E-05,0.00042456,0.0029263,0.00028761
470.26,1.17E-05,0.00016301,5.58E-05,9.16E-05,0.00043207,0.0030833,0.00029722
470.49,1.97E-05,0.00016311,5.66E-05,9.56E-05,0.00043959,0.0032403,0.00034686
470.71,2.20E-05,0.00015239,5.41E-05,8.60E-05,0.00044389,0.0034018,0.0003637
470.93,2.28E-05,0.00012737,5.95E-05,9.45E-05,0.00042972,0.0035892,0.00037316
471.15,2.94E-05,0.00011838,6.30E-05,9.46E-05,0.00041555,0.0037766,0.00038898
471.37,3.06E-05,0.00010825,6.25E-05,8.89E-05,0.00040138,0.003964,0.00040573
471.59,3.53E-05,0.00010058,6.41E-05,8.47E-05,0.00041118,0.0041576,0.00041692
471.81,3.96E-05,8.34E-05,6.57E-05,8.18E-05,0.00043172,0.0043541,0.00042568
472.04,3.92E-05,7.17E-05,6.49E-05,8.31E-05,0.00045225,0.0045505,0.00043876
472.26,4.37E-05,6.40E-05,6.44E-05,7.85E-05,0.00046556,0.004751,0.00044217
472.48,4.68E-05,5.88E-05,7.47E-05,7.56E-05,0.00045514,0.0049651,0.00045232
472.7,4.35E-05,6.09E-05,7.79E-05,7.84E-05,0.00044473,0.0051792,0.00047387
472.92,4.36E-05,5.25E-05,8.87E-05,9.17E-05,0.00043431,0.0053933,0.00048131
473.14,4.72E-05,5.94E-05,9.07E-05,8.74E-05,0.00042952,0.0056086,0.00050169
473.37,4.18E-05,5.93E-05,9.41E-05,8.37E-05,0.00042634,0.0058242,0.00051038
473.59,3.77E-05,5.94E-05,9.81E-05,7.51E-05,0.00042315,0.0060398,0.00051334
473.81,3.60E-05,6.11E-05,9.88E-05,6.45E-05,0.00042118,0.0062683,0.00052214
474.03,3.43E-05,6.21E-05,0.00010054,6.13E-05,0.00042176,0.0065242,0.00053101
474.25,3.27E-05,6.15E-05,0.00010512,5.84E-05,0.00042234,0.0067801,0.00053359
474.47,3.15E-05,6.10E-05,0.00010491,4.96E-05,0.00042292,0.007036,0.00054625
474.7,2.53E-05,5.30E-05,0.00010232,4.54E-05,0.00044232,0.0072615,0.00054821
474.92,2.71E-05,4.96E-05,9.77E-05,3.28E-05,0.00046461,0.0074824,0.0005509
475.14,2.72E-05,5.25E-05,9.82E-05,2.50E-05,0.0004869,0.0077033,0.00055225
475.36,2.91E-05,4.94E-05,9.86E-05,2.66E-05,0.00049939,0.0079133,0.00054814
475.58,3.26E-05,4.78E-05,9.66E-05,2.15E-05,0.00049795,0.0081079,0.00054968
475.81,3.54E-05,5.83E-05,8.98E-05,1.58E-05,0.0004965,0.0083025,0.00056124
476.03,3.44E-05,5.97E-05,9.04E-05,9.92E-06,0.00049505,0.0084971,0.00056222
476.25,3.31E-05,5.71E-05,9.35E-05,7.65E-06,0.00050083,0.0086917,0.00056287
476.47,2.59E-05,5.18E-05,9.87E-05,8.50E-06,0.00050691,0.0088864,0.0005627
476.69,2.05E-05,4.80E-05,0.00010931,1.27E-05,0.00051299,0.009081,0.00056638
476.91,2.27E-05,4.96E-05,0.00011821,1.39E-05,0.0005066,0.0092664,0.0005677
477.14,1.76E-05,5.15E-05,0.00012903,1.71E-05,0.00048806,0.0094428,0.00056863
477.36,1.37E-05,5.24E-05,0.00012457,8.36E-06,0.00046952,0.0096192,0.00057163
477.58,1.27E-05,4.90E-05,0.00013328,1.37E-05,0.00045328,0.0097938,0.00057067
477.8,9.21E-06,-9.70E-05,0.00014303,1.75E-05,0.00047675,0.0099364,0.00050416
478.02,4.57E-06,-0.00010657,0.00016094,3.10E-05,0.00050022,0.010079,0.00049599
478.25,1.46E-06,-0.00010636,0.00017378,3.66E-05,0.00052369,0.010221,0.00048944
478.47,-5.27E-07,-0.00010072,0.00018443,4.07E-05,0.00050536,0.01035,0.00049137
478.69,6.85E-06,-9.80E-05,0.00020316,4.35E-05,0.00045957,0.010469,0.00048897
478.91,9.89E-06,-9.38E-05,0.00022795,5.01E-05,0.00041377,0.010589,0.00047901
479.13,9.28E-06,-8.75E-05,0.00025782,6.27E-05,0.0003785,0.010701,0.00047356
479.36,1.02E-05,-8.93E-05,0.00029426,7.17E-05,0.0004014,0.01077,0.00046315
479.58,1.24E-05,-8.72E-05,0.00033984,8.31E-05,0.0004243,0.010839,0.00044983
479.8,6.91E-06,-8.64E-05,0.00038508,8.63E-05,0.0004472,0.010908,0.00043331
480.02,8.82E-06,5.47E-05,0.0004322,9.99E-05,0.00045603,0.010953,0.00048389
480.24,9.00E-06,5.92E-05,0.00048477,0.00010884,0.00045893,0.010989,0.00047218
480.47,1.46E-05,5.87E-05,0.00054213,0.00011981,0.00046183,0.011025,0.00046257
480.69,1.18E-05,5.60E-05,0.00060882,0.00012952,0.00045839,0.011047,0.0004431
480.91,1.01E-05,6.15E-05,0.00068113,0.00013878,0.00043635,0.011029,0.00042707
481.13,9.19E-06,5.85E-05,0.00074425,0.00013585,0.00041432,0.01101,0.00041756
481.35,8.69E-06,5.21E-05,0.00081768,0.00014284,0.00039227,0.010992,0.00039841
481.58,1.24E-05,5.63E-05,0.00087595,0.00014744,0.00040645,0.010957,0.00038717
481.8,1.87E-05,5.90E-05,0.00092983,0.00015497,0.00042937,0.010919,0.0003833
482.02,2.56E-05,6.54E-05,0.00097391,0.0001639,0.00045228,0.010881,0.00037921
482.24,3.01E-05,6.62E-05,0.0010125,0.00017274,0.00046554,0.01082,0.00037203
482.47,3.51E-05,6.57E-05,0.0010396,0.00017713,0.00046148,0.010718,0.00036405
482.69,3.32E-05,7.03E-05,0.0010726,0.00020256,0.00045742,0.010616,0.00035126
482.91,3.76E-05,7.26E-05,0.0010886,0.0002255,0.00045335,0.010514,0.00034383
483.13,3.60E-05,7.08E-05,0.0010895,0.00024792,0.00046013,0.010391,0.00033412
483.35,3.92E-05,7.45E-05,0.0010861,0.00028675,0.00046796,0.010265,0.00032707
483.58,4.16E-05,7.64E-05,0.0010667,0.00031539,0.0004758,0.010139,0.00032475
483.8,3.53E-05,7.08E-05,0.0010671,0.00035581,0.00048107,0.0099963,0.00031342
484.02,2.76E-05,6.18E-05,0.0010809,0.00040845,0.00048339,0.0098335,0.00029883
484.24,2.13E-05,5.77E-05,0.0011239,0.00046491,0.00048572,0.0096707,0.00028645
484.47,2.07E-05,7.11E-05,0.0011973,0.00053789,0.00048743,0.0095071,0.00028511
484.69,1.79E-05,6.12E-05,0.0013086,0.00063635,0.00045841,0.0093054,0.00027207
484.91,1.73E-05,5.73E-05,0.0014276,0.00075034,0.00042938,0.0091036,0.00026754
485.13,2.18E-05,5.32E-05,0.001544,0.00087775,0.00040035,0.0089019,0.00026215
485.36,2.48E-05,4.83E-05,0.0016633,0.001039,0.00041017,0.0087076,0.00025832
485.58,2.83E-05,5.01E-05,0.0017807,0.0012266,0.00044879,0.0085189,0.00025007
485.8,3.46E-05,4.83E-05,0.0018821,0.0014143,0.0004874,0.0083302,0.00024314
486.02,4.95E-05,5.35E-05,0.0019632,0.001622,0.00051627,0.0081382,0.00024382
486.25,6.90E-05,5.33E-05,0.00202,0.0018406,0.00047997,0.0079245,0.00024672
486.47,9.54E-05,5.60E-05,0.0020351,0.002069,0.00044367,0.0077107,0.00024804
486.69,0.00011489,5.09E-05,0.0020076,0.0022964,0.00040737,0.007497,0.0002329
486.91,0.00014688,6.09E-05,0.0019395,0.0025178,0.00040158,0.0072788,0.00023658
487.14,0.000171,7.21E-05,0.0018443,0.0027249,0.00040971,0.0070587,0.00023845
487.36,0.00019727,7.13E-05,0.0017434,0.0029186,0.00041784,0.0068385,0.00023459
487.58,0.0002231,7.48E-05,0.0016242,0.0030829,0.00043136,0.0066188,0.00023596
487.8,0.00024691,7.22E-05,0.0015029,0.0032276,0.00046157,0.006401,0.00023419
488.03,0.00026467,8.20E-05,0.0013969,0.0033762,0.00049179,0.0061831,0.00023836
488.25,0.00028414,7.54E-05,0.0012972,0.0035332,0.000522,0.0059652,0.00023552
488.47,0.00029375,8.06E-05,0.0012078,0.0036808,0.0005019,0.0057361,0.00022917
488.69,0.00029932,8.31E-05,0.0011241,0.0038363,0.00046935,0.0055042,0.00022944
488.92,0.0003026,7.89E-05,0.0010567,0.0039888,0.00043681,0.0052723,0.00023493
489.14,0.00029209,6.92E-05,0.0009931,0.0041375,0.00042511,0.0050441,0.00023092
489.36,0.00028468,5.52E-05,0.00094164,0.0042766,0.00045039,0.0048223,0.00022815
489.58,0.00027365,5.37E-05,0.00089873,0.0043993,0.00047568,0.0046006,0.00023265
489.81,0.00026509,4.64E-05,0.00086617,0.0044875,0.00050097,0.0043788,0.00023209
490.03,0.00025317,5.00E-05,0.00084668,0.004545,0.00046716,0.0041829,0.00023588
490.25,0.0002403,4.84E-05,0.00082551,0.004566,0.00042821,0.0039893,0.00023734
490.47,0.0002214,5.07E-05,0.00081181,0.0045259,0.00038925,0.0037957,0.000238
490.7,0.00020023,5.60E-05,0.00080528,0.0044372,0.0003835,0.003605,0.0002415
490.92,0.00017279,5.35E-05,0.0008016,0.0042913,0.00041374,0.0034175,0.00024078
491.14,0.00015257,5.31E-05,0.00079,0.0040938,0.00044398,0.0032299,0.00024559
491.37,0.00013194,5.61E-05,0.00077713,0.0038665,0.00047238,0.0030446,0.00024792
491.59,0.00011506,5.97E-05,0.00075442,0.0036114,0.00045726,0.0029129,0.00025014
491.81,9.99E-05,6.07E-05,0.00072523,0.003347,0.00044214,0.0027812,0.00024622
492.03,8.66E-05,6.58E-05,0.00069241,0.0030994,0.00042701,0.0026494,0.00024679
492.26,7.55E-05,6.43E-05,0.00063969,0.00284,0.0004322,0.0025215,0.00024494
492.48,6.58E-05,5.84E-05,0.00059065,0.0026001,0.00045082,0.0023962,0.00023955
492.7,5.33E-05,6.55E-05,0.00054253,0.0023841,0.00046943,0.0022708,0.00024081
492.92,5.19E-05,6.62E-05,0.00048087,0.0021902,0.00048494,0.0021476,0.00023927
493.15,5.32E-05,6.25E-05,0.00042197,0.0020139,0.00048465,0.0020356,0.00023929
493.37,5.08E-05,6.56E-05,0.00037398,0.0018703,0.00048436,0.0019236,0.00023625
493.59,5.06E-05,7.30E-05,0.0003244,0.0017357,0.00048407,0.0018116,0.00023324
493.82,5.25E-05,7.23E-05,0.00028055,0.0016109,0.00046961,0.0017188,0.0002305
494.04,5.06E-05,7.33E-05,0.00024765,0.0015096,0.00044982,0.0016333,0.00022983
494.26,4.59E-05,7.49E-05,0.00021637,0.0014077,0.00043003,0.0015477,0.00022901
494.48,3.53E-05,6.80E-05,0.00020804,0.0013375,0.0004127,0.001459,0.00022487
494.71,3.47E-05,7.01E-05,0.00019596,0.0012639,0.00040135,0.0013627,0.00022391
494.93,3.80E-05,6.76E-05,0.00017528,0.0011922,0.00039,0.0012663,0.00022113
495.15,3.14E-05,6.21E-05,0.00016306,0.0011258,0.00037864,0.00117,0.00022022
495.38,2.98E-05,7.12E-05,0.00015098,0.0010686,0.00040361,0.0011187,0.0002201
495.6,2.69E-05,6.99E-05,0.00013809,0.0010186,0.00043476,0.001075,0.00022036
495.82,2.74E-05,6.78E-05,0.00012848,0.00096702,0.00046591,0.0010314,0.00022498
496.05,2.05E-05,6.34E-05,0.00012424,0.00092518,0.00047581,0.00098878,0.00022286
496.27,2.00E-05,6.24E-05,0.00010529,0.0008664,0.0004563,0.00094773,0.00023184
496.49,2.28E-05,6.67E-05,9.90E-05,0.00082884,0.00043679,0.00090667,0.00023315
496.71,3.29E-05,7.22E-05,9.43E-05,0.00078786,0.00041729,0.00086561,0.00023498
496.94,3.34E-05,6.73E-05,8.95E-05,0.0007498,0.00043392,0.00082742,0.00023129
497.16,3.35E-05,6.52E-05,8.56E-05,0.00071361,0.0004511,0.00078927,0.00023259
497.38,3.53E-05,6.54E-05,8.34E-05,0.0006835,0.00046828,0.00075112,0.00023439
497.61,3.32E-05,5.80E-05,7.78E-05,0.00064887,0.00047712,0.00071585,0.0002377
497.83,3.07E-05,5.76E-05,7.65E-05,0.00062083,0.00047916,0.00068294,0.00023555
498.05,2.99E-05,6.24E-05,7.22E-05,0.00058309,0.00048119,0.00065002,0.00023727
498.28,3.05E-05,6.58E-05,6.89E-05,0.00055095,0.00048086,0.00061955,0.00023832
498.5,2.83E-05,6.81E-05,7.62E-05,0.00052879,0.0004628,0.00060732,0.00023057
498.72,2.57E-05,6.85E-05,7.07E-05,0.00049517,0.00044473,0.00059508,0.00023158
498.95,1.76E-05,6.92E-05,6.58E-05,0.0004648,0.00042667,0.00058284,0.00023175
499.17,1.50E-05,7.63E-05,5.99E-05,0.0004362,0.00042559,0.00056461,0.00023843
499.39,1.24E-05,7.40E-05,6.15E-05,0.00041734,0.00043229,0.00054363,0.0002388
499.62,8.93E-06,7.66E-05,6.17E-05,0.00039582,0.000439,0.00052265,0.00023584
499.84,6.84E-06,8.14E-05,6.44E-05,0.00036685,0.00044548,0.0005053,0.00023222
500.06,9.16E-06,7.95E-05,5.71E-05,0.00033284,0.0004513,0.00049859,0.00023291
500.29,8.53E-06,8.29E-05,6.13E-05,0.00031965,0.00045713,0.00049189,0.00023172
500.51,1.52E-05,9.04E-05,5.90E-05,0.00029482,0.00046296,0.00048518,0.0002335
500.73,1.48E-05,0.00010147,6.07E-05,0.0002801,0.00046303,0.000484,0.0002334
500.96,1.29E-05,0.00010877,6.69E-05,0.00026807,0.00046187,0.000484,0.00023284
501.18,1.62E-05,0.00012384,6.41E-05,0.00025122,0.0004607,0.000484,0.00022547
501.4,1.72E-05,0.00013773,6.15E-05,0.00023463,0.00044854,0.00048205,0.00022892
501.63,1.94E-05,0.0001579,5.60E-05,0.00021058,0.00041938,0.0004771,0.00023475
501.85,2.43E-05,0.00017773,5.26E-05,0.00019089,0.00039022,0.00047214,0.00024115
502.07,2.52E-05,0.00019941,5.69E-05,0.00018368,0.00036106,0.00046718,0.0002395
502.3,2.60E-05,0.00022462,5.59E-05,0.00016337,0.00041478,0.00048358,0.00024624
502.52,2.74E-05,0.00024316,5.11E-05,0.00014571,0.00047164,0.00050078,0.00024748
502.74,2.26E-05,0.00026733,5.28E-05,0.00013729,0.00052851,0.00051799,0.00025029
502.97,1.81E-05,0.00028584,5.63E-05,0.00012903,0.00053847,0.00051384,0.00025197
503.19,1.91E-05,0.00030339,6.04E-05,0.00011835,0.00050755,0.00049109,0.00025199
503.41,1.58E-05,0.0003118,6.45E-05,0.00011323,0.00047663,0.00046834,0.00026019
503.64,1.30E-05,0.00031789,6.91E-05,0.00011218,0.00045073,0.0004445,0.00026045
503.86,1.07E-05,0.00032117,7.18E-05,0.00010568,0.00046706,0.00041154,0.0002578
504.08,1.15E-05,0.00031704,7.35E-05,9.91E-05,0.0004834,0.00037857,0.00025704
504.31,1.21E-05,0.00030941,7.63E-05,9.55E-05,0.00049974,0.0003456,0.00026017
504.53,1.45E-05,0.00029775,7.30E-05,8.77E-05,0.00049371,0.00035322,0.00025978
504.75,1.53E-05,0.00028335,7.51E-05,8.06E-05,0.00047708,0.00038006,0.00026065
504.98,1.75E-05,0.00026456,7.22E-05,8.08E-05,0.00046044,0.00040691,0.00026264
505.2,2.38E-05,0.00024994,6.52E-05,7.06E-05,0.00045218,0.00042237,0.00027078
505.42,2.37E-05,0.00023586,6.39E-05,6.70E-05,0.00046881,0.00040399,0.00027434
505.65,2.68E-05,0.00022512,5.74E-05,5.68E-05,0.00048545,0.0003856,0.00028316
505.87,2.64E-05,0.00021186,5.92E-05,5.35E-05,0.00050209,0.00036721,0.00028462
506.09,2.70E-05,0.00020387,5.96E-05,5.54E-05,0.00049511,0.00035966,0.00028971
506.32,2.71E-05,0.00019254,6.20E-05,5.63E-05,0.00048315,0.00035441,0.00029007
506.54,2.55E-05,0.00017469,5.58E-05,4.84E-05,0.00047118,0.00034915,0.00029499
506.77,2.08E-05,0.00016704,6.02E-05,5.54E-05,0.00047216,0.00034763,0.00030092
506.99,1.95E-05,0.00015741,5.91E-05,5.86E-05,0.0004926,0.00035172,0.00030241
507.21,1.89E-05,0.00015543,5.85E-05,5.26E-05,0.00051304,0.00035581,0.00030641
507.44,1.97E-05,0.00014436,6.32E-05,5.55E-05,0.00053348,0.0003599,0.00030602
507.66,2.78E-05,0.00013521,5.66E-05,5.21E-05,0.00050182,0.00036996,0.00031071
507.88,4.31E-05,0.00012358,6.43E-05,5.76E-05,0.00046882,0.00038019,0.00031075
508.11,7.48E-05,0.00011622,6.06E-05,5.26E-05,0.00043582,0.00039041,0.00031864
508.33,0.00012052,0.00010835,6.10E-05,4.94E-05,0.00043193,0.00039902,0.00032185
508.55,0.00018027,0.00011024,5.99E-05,4.78E-05,0.00045179,0.00040632,0.00032809
508.78,0.00026535,0.00011092,6.38E-05,4.97E-05,0.00047165,0.00041363,0.00033169
509,0.00036341,9.97E-05,6.18E-05,4.55E-05,0.00048587,0.00041944,0.00028032
509.23,0.0004697,9.73E-05,6.33E-05,4.47E-05,0.00046133,0.00041506,0.00028562
509.45,0.00057924,8.68E-05,6.13E-05,4.13E-05,0.00043679,0.00041068,0.00028561
509.67,0.00069268,8.68E-05,6.08E-05,3.79E-05,0.00041225,0.0004063,0.00029171
509.9,0.00080537,8.02E-05,6.64E-05,3.88E-05,0.00040417,0.00040294,0.00029241
510.12,0.00090462,7.94E-05,6.25E-05,3.84E-05,0.000403,0.00040002,0.00029701
510.35,0.00098783,8.39E-05,6.18E-05,3.23E-05,0.00040183,0.0003971,0.00029514
510.57,0.0010506,8.58E-05,6.13E-05,2.82E-05,0.00040536,0.00039657,0.00029867
510.79,0.0010878,8.08E-05,5.68E-05,1.85E-05,0.00042085,0.00040212,0.00030213
511.02,0.0010898,7.86E-05,5.28E-05,2.46E-05,0.00043634,0.00040767,0.00030553
511.24,0.0010634,9.15E-05,4.56E-05,1.42E-05,0.00045183,0.00041323,0.00036187
511.46,0.0010097,9.46E-05,4.63E-05,8.52E-06,0.00046909,0.00041677,0.00036199
511.69,0.00093556,9.97E-05,4.87E-05,5.99E-06,0.00048662,0.00041998,0.00036415
511.91,0.0008398,0.00010047,4.39E-05,7.54E-06,0.00050417,0.0004232,0.00036291
512.14,0.00073118,0.00010702,4.42E-05,3.97E-06,0.00050538,0.00041587,0.00036184
512.36,0.00062583,0.00010839,4.26E-05,1.88E-06,0.00048579,0.00039512,0.00035123
512.58,0.00051774,0.00010516,4.21E-05,4.43E-06,0.0004662,0.00037435,0.00034824
512.81,0.00041297,0.00010357,4.05E-05,6.80E-06,0.0004469,0.00035399,0.00034227
513.03,0.00031534,0.00010039,4.09E-05,9.78E-06,0.00044222,0.0003537,0.0003355
513.26,0.00023127,0.00010916,4.15E-05,9.23E-07,0.00043754,0.00035341,0.00033096
513.48,0.0001637,0.00010711,4.79E-05,6.30E-06,0.00043286,0.00035312,0.00032711
513.7,0.00011092,0.00010576,4.51E-05,8.26E-06,0.00043871,0.00035318,0.00033286
513.93,7.73E-05,0.00010363,4.07E-05,4.99E-06,0.00045158,0.00035347,0.0003322
514.15,5.82E-05,0.00011044,4.51E-05,5.50E-06,0.00046445,0.00035376,0.00032696
514.38,4.50E-05,0.00011318,4.46E-05,9.44E-06,0.00047234,0.00035379,0.00034103
514.6,3.59E-05,0.00011617,4.78E-05,8.44E-06,0.00045771,0.00035262,0.00034521
514.82,3.52E-05,0.00012214,4.61E-05,1.11E-05,0.00044309,0.00035145,0.00034445
515.05,3.34E-05,0.00012927,4.25E-05,3.97E-06,0.00042846,0.00035028,0.0003448
515.27,3.34E-05,0.0001397,4.27E-05,6.88E-06,0.00043772,0.00035223,0.00034629
515.5,3.43E-05,0.00014807,4.25E-05,6.06E-06,0.0004544,0.00035516,0.00034432
515.72,3.32E-05,0.00016338,4.82E-05,1.37E-05,0.00047108,0.00035809,0.00033836
515.95,3.45E-05,0.00018732,4.96E-05,1.90E-05,0.00048806,0.00036202,0.00033207
516.17,3.11E-05,0.00022504,5.41E-05,2.63E-05,0.00050562,0.00036788,0.00032841
516.39,3.08E-05,0.00027874,5.50E-05,2.73E-05,0.00052318,0.00037373,0.00032814
516.62,3.28E-05,0.00035003,5.55E-05,2.58E-05,0.00054074,0.00037958,0.00031145
516.84,3.84E-05,0.00044041,5.37E-05,2.60E-05,0.00049877,0.00038897,0.00031703
517.07,3.70E-05,0.00052737,5.58E-05,2.46E-05,0.00045224,0.00039863,0.00031602
517.29,3.74E-05,0.00060971,6.31E-05,3.44E-05,0.00040569,0.00040829,0.00031458
517.51,3.46E-05,0.00069593,6.70E-05,3.11E-05,0.0003728,0.00040445,0.00031466
517.74,3.34E-05,0.00076905,6.41E-05,2.99E-05,0.00035288,0.00038776,0.00031755
517.96,3.09E-05,0.0008442,6.63E-05,3.16E-05,0.00033298,0.00037107,0.00031986
518.19,3.19E-05,0.00091916,6.72E-05,2.82E-05,0.00031789,0.00035662,0.00031338
518.41,3.39E-05,0.00098491,6.17E-05,2.80E-05,0.00034776,0.00036307,0.00031352
518.64,3.23E-05,0.0010375,5.76E-05,2.40E-05,0.00037763,0.00036951,0.00031405
518.86,3.26E-05,0.0010808,5.47E-05,1.94E-05,0.00040749,0.00037595,0.00030457
519.09,2.77E-05,0.0011222,4.68E-05,1.34E-05,0.00042219,0.0003812,0.00030238
519.31,2.77E-05,0.0011804,3.89E-05,5.59E-06,0.0004298,0.00038588,0.00030705
519.53,2.28E-05,0.0012601,3.91E-05,1.98E-06,0.00043742,0.00039057,0.00030397
519.76,2.39E-05,0.0013743,3.38E-05,-4.75E-06,0.00044543,0.00038811,0.00030527
519.98,2.61E-05,0.0015103,3.36E-05,-5.96E-06,0.00045451,0.00036615,0.00030412
520.21,2.85E-05,0.0016577,2.56E-05,-1.10E-05,0.00046359,0.00034417,0.0003073
520.43,2.87E-05,0.0017959,2.50E-05,-9.10E-06,0.00047267,0.0003222,0.00030318
520.66,2.58E-05,0.0019101,3.28E-05,-1.02E-05,0.000483,0.00032851,0.0002998
520.88,2.64E-05,0.0020013,3.56E-05,-6.91E-06,0.00049355,0.00033965,0.00030083
521.1,2.27E-05,0.0020676,3.87E-05,1.76E-06,0.0005041,0.00035078,0.00030993
521.33,2.09E-05,0.0021035,4.80E-05,8.20E-06,0.00050559,0.00035247,0.00030686
521.55,2.06E-05,0.0021164,5.95E-05,1.95E-05,0.00049563,0.00034222,0.00030187
521.78,2.43E-05,0.0020988,5.70E-05,1.94E-05,0.00048567,0.00033196,0.00027077
522,2.14E-05,0.0020401,6.10E-05,2.95E-05,0.00047556,0.00032191,0.00026562
522.23,2.23E-05,0.001966,6.18E-05,3.26E-05,0.00046091,0.00031898,0.00026691
522.45,2.26E-05,0.001877,6.91E-05,4.25E-05,0.00044625,0.00031605,0.00026715
522.68,2.15E-05,0.0017828,6.92E-05,4.04E-05,0.0004316,0.00031312,0.00027317
522.9,2.32E-05,0.0017169,6.20E-05,3.99E-05,0.00043378,0.00031743,0.00028043
523.13,2.52E-05,0.0016496,6.32E-05,3.71E-05,0.00044638,0.00032623,0.00027559
523.35,2.84E-05,0.0016117,6.13E-05,3.27E-05,0.00045899,0.00033502,0.00027661
523.57,3.55E-05,0.0015891,5.90E-05,3.08E-05,0.00046802,0.00033927,0.0002771
523.8,3.13E-05,0.0015714,6.07E-05,3.16E-05,0.00046333,0.00032608,0.00027702
524.02,4.23E-05,0.0015541,5.92E-05,3.04E-05,0.00045864,0.00031288,0.00030685
524.25,6.90E-05,0.0015446,5.82E-05,2.50E-05,0.00045395,0.00029969,0.00031014
524.47,0.00010667,0.0015303,6.43E-05,2.74E-05,0.00047051,0.00030704,0.00030525
524.7,0.00018056,0.0015224,6.88E-05,2.43E-05,0.00049251,0.00031965,0.00030084
524.92,0.00026938,0.0015109,7.19E-05,2.93E-05,0.0005145,0.00033227,0.00030243
525.15,0.00034719,0.0015046,7.94E-05,3.34E-05,0.00052845,0.00034272,0.00030385
525.37,0.00040535,0.0015037,7.56E-05,3.16E-05,0.00052962,0.00034976,0.00030859
525.6,0.00043622,0.0014966,7.91E-05,2.94E-05,0.00053079,0.0003568,0.00030894
525.82,0.00044773,0.0014878,8.69E-05,3.19E-05,0.00053197,0.00036384,0.00030661
526.05,0.00046621,0.0014793,8.75E-05,3.08E-05,0.00052798,0.00036171,0.0003076
526.27,0.00046073,0.0014908,9.13E-05,3.38E-05,0.00052387,0.00035936,0.00031242
526.5,0.00043919,0.0015167,9.66E-05,3.46E-05,0.00051976,0.00035701,0.00031336
526.72,0.00039971,0.0015586,9.93E-05,3.54E-05,0.0005063,0.00036151,0.00031322
526.94,0.00032626,0.0016051,9.80E-05,3.10E-05,0.00048576,0.0003712,0.00031454
527.17,0.00023819,0.0016711,0.00010198,2.78E-05,0.00046521,0.00038088,0.00031357
527.39,0.00016453,0.0016574,0.00010333,2.47E-05,0.00045103,0.00038905,0.00030771
527.62,0.00011828,0.0017212,0.00010801,2.53E-05,0.00046982,0.00038934,0.00030929
527.84,9.10E-05,0.0017908,0.00010808,2.23E-05,0.0004886,0.00038963,0.00031189
528.07,7.29E-05,0.00184,0.00010862,2.31E-05,0.00050738,0.00038993,0.00031039
528.29,6.35E-05,0.0019079,0.00010971,2.03E-05,0.0005049,0.00038601,0.00031037
528.52,6.26E-05,0.0019536,0.00011813,2.14E-05,0.00049551,0.00038073,0.00031082
528.74,6.95E-05,0.0019811,0.00012416,3.26E-05,0.00048611,0.00037544,0.00030983
528.97,7.13E-05,0.0019818,0.00012771,2.89E-05,0.00048214,0.00037353,0.00033383
529.19,7.88E-05,0.0019668,0.0001347,3.51E-05,0.00048831,0.00037794,0.00033299
529.42,8.35E-05,0.0019356,0.00014217,3.57E-05,0.00049447,0.00038234,0.00033508
529.64,8.66E-05,0.0019574,0.00015328,3.99E-05,0.00050064,0.00038675,0.00033787
529.87,7.77E-05,0.0018971,0.00016697,4.24E-05,0.00047857,0.00039973,0.00033328
530.09,7.94E-05,0.0018172,0.00018319,5.81E-05,0.00045478,0.00041324,0.0003314
530.32,8.44E-05,0.0017473,0.00019431,5.75E-05,0.00043099,0.00042675,0.00033414
530.54,8.67E-05,0.0016476,0.00020972,6.38E-05,0.00042852,0.00043253,0.00033534
530.77,8.98E-05,0.001554,0.00021838,6.60E-05,0.00044438,0.00043165,0.00033473
530.99,9.29E-05,0.0014519,0.00022935,6.48E-05,0.00046024,0.00043076,0.00033612
531.22,9.54E-05,0.0013581,0.00024675,7.38E-05,0.00047755,0.00043219,0.00031334
531.44,9.55E-05,0.0012623,0.00025857,7.07E-05,0.00050429,0.00044864,0.00030973
531.67,0.0001013,0.0011664,0.00027716,7.71E-05,0.00053102,0.00046509,0.00030731
531.89,0.00010781,0.0010734,0.0002996,7.69E-05,0.00055775,0.00048155,0.00030438
532.12,0.00012013,0.0009874,0.00033175,8.58E-05,0.00057228,0.00049093,0.00031823
532.34,0.00014192,0.00091464,0.00037424,8.38E-05,0.00058227,0.00049769,0.00031771
532.57,0.00017616,0.00084503,0.00042653,9.42E-05,0.00059226,0.00050445,0.00031857
532.79,0.00021682,0.0007845,0.00048562,0.00010062,0.00060417,0.00051725,0.00031761
533.02,0.00027162,0.00073463,0.00055688,0.00010438,0.00062004,0.00054252,0.00031002
533.24,0.00034591,0.00069329,0.00064132,0.00011587,0.00063591,0.0005678,0.00030838
533.47,0.00044652,0.00065667,0.0007375,0.00012567,0.00065178,0.00059307,0.00030907
533.69,0.00056574,0.00062571,0.0008529,0.00014084,0.0006367,0.00058957,0.00031237
533.92,0.00070898,0.00060651,0.00097783,0.00014849,0.00061906,0.00058369,0.00031415
534.14,0.00085778,0.00058891,0.0011219,0.00015647,0.00060142,0.00057781,0.00031554
534.37,0.0010152,0.00058499,0.0012838,0.00016394,0.00058409,0.00057976,0.00030568
534.59,0.0011889,0.00057496,0.0014541,0.00017436,0.00056704,0.00058887,0.00030936
534.82,0.0013894,0.0005755,0.0016377,0.00018629,0.00054999,0.00059798,0.00031044
535.05,0.0015907,0.00057759,0.0018214,0.00019326,0.00053372,0.00060781,0.00044057
535.27,0.0017686,0.00058162,0.0019916,0.00021212,0.00052313,0.00062281,0.00045227
535.5,0.0018918,0.00058896,0.0021417,0.00021901,0.00051254,0.0006378,0.00045703
535.72,0.0019572,0.00060485,0.0022874,0.00023777,0.00050196,0.0006528,0.0004565
535.95,0.0019678,0.00062197,0.0024195,0.00025517,0.00048311,0.00064366,0.00045541
536.17,0.0019272,0.00063764,0.0025406,0.00027956,0.00046105,0.00062513,0.00045698
536.4,0.0018586,0.0006701,0.0026684,0.00030466,0.00043899,0.0006066,0.000458
536.62,0.0017704,0.00070271,0.0027385,0.00033553,0.00043285,0.00059551,0.00046135
536.85,0.0016477,0.00075357,0.0027835,0.0003745,0.0004605,0.00060021,0.00045682
537.07,0.001481,0.00081897,0.0027978,0.00041372,0.00048815,0.00060492,0.0004591
537.3,0.0013017,0.00090038,0.0027928,0.00046979,0.0005158,0.00060963,0.00033164
537.52,0.0011268,0.0010027,0.0027698,0.00052943,0.00047899,0.00060214,0.00032519
537.75,0.00098401,0.0011678,0.0027516,0.00062058,0.00043661,0.00059361,0.00032178
537.97,0.00086889,0.0014321,0.0027192,0.00074894,0.00039424,0.00058508,0.0003244
538.2,0.0007827,0.0018798,0.0026929,0.00094172,0.00040719,0.00058669,0.00032686
538.43,0.00071418,0.0025638,0.002664,0.0012056,0.00047074,0.00059757,0.00032756
538.65,0.00065775,0.0034456,0.0026271,0.0015572,0.00053432,0.00060846,0.00033526
538.88,0.00060007,0.0044193,0.002647,0.0019735,0.00058575,0.00061822,0.00033543
539.1,0.00054629,0.00538,0.0027046,0.0024737,0.00055161,0.00061999,0.00033869
539.33,0.00049494,0.0063249,0.0027981,0.0030313,0.00051747,0.00062175,0.00033976
539.55,0.00043793,0.0072296,0.0029221,0.0036242,0.00048333,0.00062352,0.00033833
539.78,0.00039136,0.0081105,0.003084,0.0042553,0.0004725,0.0006178,0.00034427
540,0.00034158,0.0089359,0.0032548,0.0049026,0.00047043,0.00060926,0.00034604
540.23,0.00030263,0.0096982,0.0034466,0.0055913,0.00046837,0.00060072,0.00035091
540.45,0.00026487,0.010264,0.0036453,0.0063159,0.00048108,0.00059675,0.00035338
540.68,0.00023701,0.010588,0.0038473,0.0071011,0.00052378,0.00060205,0.00035416
540.91,0.00021987,0.010635,0.0040034,0.0078659,0.00056647,0.00060735,0.00035143
541.13,0.0002109,0.010527,0.0041159,0.0085861,0.00060917,0.00061265,0.0003494
541.36,0.00020505,0.010367,0.0041562,0.0092013,0.00058834,0.00061493,0.00035214
541.58,0.00019712,0.010203,0.0041365,0.0097726,0.00056301,0.00061699,0.0003498
541.81,0.00019437,0.010062,0.0040513,0.010329,0.00053768,0.00061905,0.00035041
542.03,0.00019479,0.0098907,0.0039093,0.010894,0.00051569,0.00061096,0.00033873
542.26,0.00020179,0.0096631,0.003728,0.011467,0.00049654,0.00059417,0.00034268
542.48,0.00020149,0.0092971,0.0035047,0.011963,0.00047739,0.00057738,0.00033897
542.71,0.00020394,0.0088923,0.0032449,0.012359,0.00046412,0.00056638,0.00034261
542.94,0.00020671,0.0084113,0.0029625,0.012584,0.00048592,0.00058995,0.00034019
543.16,0.00020422,0.0079446,0.0026907,0.012718,0.00050772,0.00061352,0.00033666
543.39,0.00020575,0.007514,0.002436,0.012826,0.00052952,0.00063709,0.00033569
543.61,0.00020075,0.0071154,0.0022188,0.012918,0.00054184,0.00063417,0.00033174
543.84,0.00020368,0.0067315,0.0020371,0.01298,0.00055097,0.00062238,0.00033192
544.06,0.0002046,0.0063418,0.0019007,0.012987,0.00056011,0.00061059,0.00032316
544.29,0.00020144,0.0059788,0.0017953,0.012923,0.0005641,0.00059692,0.00033569
544.52,0.00018641,0.005666,0.0017215,0.012802,0.0005588,0.00057983,0.00032718
544.74,0.00018508,0.0054773,0.0016692,0.012678,0.00055349,0.00056273,0.00032969
544.97,0.00018006,0.0053676,0.0016379,0.012574,0.00054819,0.00054564,0.00032519
545.19,0.00017118,0.0053459,0.0016258,0.012538,0.00052217,0.00052769,0.00032629
545.42,0.00016885,0.0054323,0.0016397,0.012586,0.00049534,0.00050971,0.00033158
545.64,0.00016351,0.0055535,0.0016774,0.012687,0.00046852,0.00049173,0.00033363
545.87,0.0001602,0.005685,0.0017374,0.012841,0.00049533,0.0004877,0.00033155
546.1,0.00015277,0.0057776,0.0018105,0.01302,0.00056254,0.00049418,0.00033201
546.32,0.00015306,0.0058585,0.0018912,0.013204,0.00062978,0.00050067,0.00034694
546.55,0.00014356,0.0058772,0.0019902,0.013357,0.00068431,0.00050532,0.00034356
546.77,0.00014709,0.0058464,0.0020692,0.013439,0.00068047,0.00050148,0.00034848
547,0.00014005,0.0057683,0.0021346,0.01344,0.00067664,0.00049765,0.0003421
547.23,0.00013616,0.0056594,0.0021785,0.013321,0.0006728,0.00049381,0.00034052
547.45,0.00013278,0.0055315,0.0022001,0.013085,0.00068546,0.00049741,0.0003415
547.68,0.00012623,0.0053646,0.0021967,0.012696,0.00070257,0.00050302,0.00033884
547.9,0.0001202,0.0051671,0.0021639,0.012146,0.00071967,0.00050862,0.00033503
548.13,0.00011937,0.0050167,0.0021193,0.011515,0.00072882,0.00051305,0.00033807
548.36,0.00012139,0.0049006,0.0020769,0.010792,0.00072587,0.00051571,0.00033832
548.58,0.0001164,0.0048572,0.0020554,0.010032,0.00072292,0.00051836,0.0003342
548.81,0.00012024,0.0049053,0.0020341,0.0092489,0.00072011,0.00052106,0.00033534
549.03,0.00012158,0.0050384,0.0020386,0.0084871,0.00073663,0.00052902,0.00033863
549.26,0.0001209,0.0052349,0.00206,0.0077337,0.00075315,0.00053699,0.00034243
549.49,0.00011875,0.0054476,0.0020963,0.0070448,0.00076968,0.00054496,0.00034424
549.71,0.00011922,0.0057158,0.002127,0.0063842,0.00080589,0.00055621,0.00034741
549.94,0.00011475,0.0059455,0.0021421,0.0057748,0.00085429,0.00056949,0.00034299
550.16,0.00011663,0.0061504,0.0021236,0.0052271,0.00090269,0.00058277,0.00034068
550.39,0.00011376,0.0062934,0.0020705,0.0047157,0.00095523,0.00059544,0.00033791
550.62,0.00011198,0.0064295,0.0019779,0.0042571,0.0010216,0.00060606,0.00033893
550.84,0.00011165,0.0065107,0.0018378,0.0038324,0.001088,0.00061669,0.00033831
551.07,0.00010767,0.0065418,0.0016752,0.0034566,0.0011545,0.00062732,0.00033997
551.29,0.00010424,0.0065023,0.0014918,0.0031125,0.0012079,0.00064192,0.00033547
551.52,0.00010717,0.0063945,0.0013031,0.0028129,0.001259,0.00065727,0.00033151
551.75,0.00011531,0.0062252,0.0011109,0.0025341,0.0013101,0.00067262,0.00033156
551.97,0.00012261,0.0060029,0.00093892,0.0023025,0.001371,0.00068341,0.00032609
552.2,0.0001373,0.0057849,0.00079236,0.0021037,0.0014436,0.00068873,0.00032966
552.43,0.00015476,0.005595,0.00067677,0.0019416,0.0015162,0.00069404,0.00033808
552.65,0.00018455,0.0054118,0.00058298,0.001788,0.0015896,0.00070093,0.0003431
552.88,0.00022176,0.0052195,0.00051058,0.0016491,0.0016732,0.00072957,0.00034654
553.1,0.00028384,0.0050192,0.00045059,0.0015279,0.0017567,0.00075822,0.0003535
553.33,0.00037078,0.0048287,0.00040838,0.0014237,0.0018403,0.00078687,0.00035332
553.56,0.00048465,0.0046462,0.00037248,0.001332,0.0019593,0.00081049,0.00034727
553.78,0.00063662,0.0044805,0.00034308,0.0012509,0.0020949,0.00083175,0.00034948
554.01,0.00081801,0.004365,0.00031699,0.0011808,0.0022305,0.00085302,0.00035247
554.23,0.0010332,0.004301,0.00029661,0.001113,0.0023593,0.00087647,0.00035436
554.46,0.0012716,0.0042818,0.00027808,0.0010553,0.0024722,0.00090513,0.00034427
554.69,0.0015132,0.0042843,0.00026489,0.0010027,0.002585,0.00093379,0.00034504
554.91,0.0017401,0.0042969,0.00025279,0.00095079,0.0026979,0.00096244,0.00033196
555.14,0.0019475,0.0043262,0.00024231,0.00090638,0.0028683,0.0010027,0.00032929
555.37,0.0021359,0.0044134,0.00023691,0.00085844,0.0030445,0.001044,0.00032359
555.59,0.0022916,0.0045752,0.00022435,0.00081962,0.0032206,0.0010854,0.00032512
555.82,0.0024032,0.0047901,0.00021776,0.00077425,0.0033682,0.0011343,0.00032689
556.05,0.0024818,0.0050546,0.00020767,0.00074448,0.0034903,0.0011898,0.00033229
556.27,0.0025123,0.0053082,0.00020345,0.00071093,0.0036123,0.0012454,0.00032749
556.5,0.0024956,0.0054866,0.00019516,0.00068123,0.0037388,0.001306,0.00033005
556.72,0.0024415,0.0055781,0.00018395,0.00064548,0.0038916,0.0013967,0.00034122
556.95,0.0023711,0.0055819,0.00017192,0.00060604,0.0040444,0.0014874,0.00033938
557.18,0.0022992,0.0055448,0.00016721,0.00057421,0.0041972,0.0015782,0.00034758
557.4,0.0022214,0.0054702,0.00015772,0.0005389,0.0043137,0.0016624,0.00034373
557.63,0.0021297,0.0053197,0.00015031,0.00051633,0.0044186,0.0017446,0.00034287
557.86,0.0020292,0.0050759,0.00014524,0.00047329,0.0045236,0.0018268,0.00033776
558.08,0.0019126,0.004768,0.00014164,0.00044725,0.0046159,0.0019363,0.00033107
558.31,0.0017664,0.0043936,0.00013785,0.00041215,0.0046875,0.0020906,0.00032346
558.54,0.0016103,0.0040008,0.00013447,0.0003883,0.0047591,0.002245,0.00032147
558.76,0.0014488,0.0036212,0.00013178,0.00036281,0.0048306,0.0023993,0.00031911
558.99,0.0012863,0.0032641,0.00013173,0.00033975,0.0049143,0.0025466,0.00031028
559.22,0.0011185,0.002963,0.00013478,0.00031611,0.0049979,0.0026939,0.00030502
559.44,0.00095071,0.0026859,0.00013043,0.00029826,0.0050816,0.0028412,0.00030385
559.67,0.00079604,0.0024177,0.00013044,0.00028818,0.0051415,0.0030268,0.00030563
559.9,0.00064646,0.0021644,0.00013003,0.00026472,0.0051865,0.0032366,0.00030415
560.12,0.00051179,0.0019351,0.0001171,0.00024486,0.0052315,0.0034463,0.0003131
560.35,0.00041006,0.0017285,0.00011143,0.00022834,0.0052699,0.0036602,0.00032648
560.58,0.00032719,0.0015467,0.00010645,0.00021355,0.0052871,0.0038877,0.00032948
560.8,0.00026627,0.0013831,0.00010185,0.00019563,0.0053043,0.0041152,0.00033216
561.03,0.00022127,0.0012237,9.63E-05,0.00018027,0.0053214,0.0043427,0.00032884
561.26,0.00018779,0.0010999,9.37E-05,0.00017053,0.0053724,0.0046413,0.00033219
561.48,0.00016947,0.00099241,8.84E-05,0.00016046,0.0054292,0.004952,0.00033328
561.71,0.00015298,0.00090222,8.78E-05,0.00014672,0.0054861,0.0052627,0.00033699
561.94,0.00014435,0.00082769,8.20E-05,0.00013112,0.0054804,0.0055851,0.00033353
562.16,0.00013572,0.00076712,7.50E-05,0.00011719,0.0054055,0.0059205,0.00033608
562.39,0.00013079,0.00070341,8.62E-05,0.00012015,0.0053306,0.0062557,0.00032704
562.62,0.00011944,0.00065187,8.57E-05,0.00011328,0.0052604,0.0065996,0.00032262
562.84,0.00011345,0.00059265,8.21E-05,0.00010482,0.0052344,0.0070229,0.00032183
563.07,0.00011055,0.00054757,8.21E-05,9.81E-05,0.0052083,0.0074461,0.00032221
563.3,0.00011153,0.00051275,8.54E-05,9.51E-05,0.0051823,0.0078694,0.00032055
563.52,0.00011521,0.0004881,8.31E-05,8.73E-05,0.0051059,0.0083155,0.00032276
563.75,0.00011116,0.00045657,8.28E-05,8.40E-05,0.0050097,0.0087706,0.00032278
563.98,0.00011692,0.00043303,7.74E-05,7.60E-05,0.0049134,0.0092257,0.0003187
564.2,0.00011723,0.00042112,7.72E-05,6.38E-05,0.0048243,0.0096964,0.00032064
564.43,0.00011983,0.0003988,7.82E-05,6.95E-05,0.0047488,0.010197,0.00031662
564.66,0.00012177,0.00038385,7.67E-05,6.72E-05,0.0046732,0.010698,0.00031747
564.88,0.00013026,0.00036625,7.34E-05,6.38E-05,0.0045977,0.011199,0.0003191
565.11,0.0001374,0.00035,7.93E-05,6.35E-05,0.0044726,0.011715,0.00031604
565.34,0.000152,0.00033827,7.69E-05,5.70E-05,0.0043455,0.012231,0.00031432
565.56,0.0001656,0.00033061,7.30E-05,4.62E-05,0.0042184,0.012748,0.00031917
565.79,0.00017017,0.00030758,6.97E-05,4.13E-05,0.0040862,0.013299,0.00031777
566.02,0.00017957,0.00030288,7.01E-05,4.06E-05,0.0039502,0.013876,0.00032822
566.24,0.00018147,0.0002918,7.12E-05,4.73E-05,0.0038142,0.014453,0.00032779
566.47,0.00018245,0.00027179,7.25E-05,5.26E-05,0.0036761,0.015031,0.00032457
566.7,0.0001858,0.00025776,7.25E-05,3.77E-05,0.0035301,0.015616,0.00032311
566.93,0.00018697,0.0002466,7.07E-05,3.93E-05,0.003384,0.0162,0.00032041
567.15,0.00018706,0.00023299,7.13E-05,3.64E-05,0.0032379,0.016784,0.0003157
567.38,0.00018357,0.00023364,7.12E-05,3.00E-05,0.0031362,0.017355,0.00031665
567.61,0.00017365,0.00022036,7.27E-05,3.10E-05,0.0030431,0.017924,0.00030684
567.83,0.00016041,0.00020641,6.91E-05,2.94E-05,0.0029501,0.018492,0.00030557
568.06,0.00015445,0.00020653,6.89E-05,2.64E-05,0.0028659,0.019042,0.00030709
568.29,0.00014258,0.00019612,6.55E-05,1.99E-05,0.0027921,0.019572,0.00029723
568.51,0.0001347,0.00019096,6.69E-05,1.38E-05,0.0027183,0.020102,0.00030045
568.74,0.00012764,0.00018525,7.06E-05,1.70E-05,0.0026402,0.020626,0.00029152
568.97,0.00011853,0.00018435,6.96E-05,2.03E-05,0.0025175,0.021088,0.00029827
569.2,0.00011539,0.00018221,7.02E-05,1.43E-05,0.0023948,0.021551,0.00030136
569.42,0.00010994,0.0001843,7.51E-05,1.63E-05,0.002272,0.022014,0.00030474
569.65,0.00010779,0.00018047,7.72E-05,1.88E-05,0.0021934,0.022424,0.0003032
569.88,0.00010785,0.00018021,6.63E-05,-6.68E-06,0.0021323,0.022813,0.00031302
570.1,0.00010595,0.0001794,7.36E-05,-7.97E-07,0.0020712,0.023202,0.00031195
570.33,0.00010461,0.00017204,7.78E-05,4.45E-06,0.0020227,0.023548,0.00030819
570.56,0.00010418,0.00016696,8.64E-05,8.75E-06,0.0019984,0.02381,0.00030739
570.79,0.00010483,0.00016207,8.82E-05,7.86E-06,0.001974,0.024073,0.00030706
571.01,0.00010186,0.00016079,8.81E-05,1.69E-06,0.0019497,0.024336,0.00031678
571.24,0.00010282,0.00015944,8.98E-05,4.19E-06,0.0019441,0.024498,0.00030989
571.47,0.00010008,0.00015822,9.86E-05,8.25E-06,0.001939,0.024657,0.00030673
571.69,0.00010075,0.00016228,9.98E-05,1.34E-05,0.001934,0.024816,0.00030674
571.92,0.00010484,0.00015322,9.78E-05,1.53E-05,0.0019095,0.024922,0.00031128
572.15,0.00010041,0.00015039,0.00011205,4.85E-05,0.0018718,0.024991,0.00030906
572.38,9.54E-05,0.00014598,0.0001156,5.49E-05,0.0018341,0.025061,0.00030567
572.6,9.78E-05,0.00014891,0.00011309,5.07E-05,0.0017968,0.025101,0.00031081
572.83,9.88E-05,0.00014598,0.00010536,5.00E-05,0.0017609,0.025039,0.00031049
573.06,9.92E-05,0.00014153,0.00010269,5.30E-05,0.001725,0.024978,0.00030884
573.29,0.00010141,0.00013764,9.79E-05,6.22E-05,0.0016891,0.024916,0.00031036
573.51,0.00010014,0.00011599,0.00010347,6.47E-05,0.0016708,0.02475,0.00030378
573.74,9.65E-05,0.0001179,0.00010136,6.58E-05,0.0016553,0.024568,0.00030622
573.97,9.28E-05,0.00010519,0.00010117,5.86E-05,0.0016399,0.024385,0.0003073
574.19,8.48E-05,0.0001026,0.00010591,6.05E-05,0.0016357,0.024154,0.00030249
574.42,8.53E-05,7.87E-05,0.00011419,5.76E-05,0.0016434,0.023874,0.00029713
574.65,8.89E-05,7.04E-05,0.00011289,5.69E-05,0.0016512,0.023593,0.00030465
574.88,8.58E-05,6.22E-05,0.0001233,6.13E-05,0.0016545,0.023301,0.00029927
575.1,8.29E-05,6.31E-05,0.00013787,6.96E-05,0.0016245,0.02293,0.00029645
575.33,8.39E-05,6.09E-05,0.00014552,7.22E-05,0.0015945,0.022559,0.00029669
575.56,8.04E-05,5.87E-05,0.00016342,7.72E-05,0.0015645,0.022188,0.00029381
575.79,8.01E-05,7.20E-05,0.00017293,8.42E-05,0.0015387,0.021742,0.00030155
576.01,8.37E-05,6.78E-05,0.000184,9.17E-05,0.0015144,0.02127,0.00030076
576.24,8.32E-05,7.66E-05,0.0002046,0.00010296,0.00149,0.020798,0.00030042
576.47,8.79E-05,8.57E-05,0.00023165,0.00011784,0.001484,0.020299,0.00030301
576.7,8.93E-05,9.88E-05,0.0002598,0.00012743,0.0015078,0.019757,0.00030512
576.92,9.42E-05,0.00011417,0.00030597,0.00014242,0.0015315,0.019214,0.00030052
577.15,9.67E-05,0.00011898,0.00035477,0.00016492,0.0015553,0.018671,0.00030438
577.38,9.94E-05,0.0001191,0.00040049,0.00018427,0.0015757,0.018117,0.00030553
577.61,9.82E-05,0.00012115,0.0004533,0.00021337,0.0015962,0.017562,0.00030079
577.83,0.00011348,0.00012123,0.00049227,0.00023336,0.0016167,0.017008,0.000302
578.06,0.0001241,0.00012982,0.00052991,0.00024999,0.0016518,0.016458,0.00029134
578.29,0.00013229,0.00013035,0.00056363,0.00027294,0.0016949,0.015909,0.0002785
578.52,0.00014368,0.00012147,0.00059015,0.00029938,0.001738,0.015361,0.00027382
578.74,0.00015184,0.00012116,0.00060321,0.0003136,0.0017737,0.014812,0.00027385
578.97,0.00015644,0.00012863,0.0006093,0.00032991,0.0017907,0.01426,0.00027583
579.2,0.00016014,0.00012021,0.00061207,0.00034849,0.0018076,0.013707,0.00027392
579.43,0.00016763,0.00011807,0.00061226,0.00037766,0.0018245,0.013155,0.00026974
579.65,0.00017777,0.00011633,0.00061737,0.00040825,0.0018548,0.012612,0.00026585
579.88,0.00018639,0.00011979,0.00062185,0.00044678,0.0018863,0.01207,0.00026836
580.11,0.00018883,0.00012765,0.00062098,0.00049397,0.0019178,0.011528,0.00027334
580.34,0.00019027,0.00012234,0.00062889,0.00057289,0.001954,0.011012,0.00027966
580.56,0.00019562,0.00011729,0.00062993,0.00065284,0.0019942,0.010519,0.00028528
580.79,0.00020504,0.00012058,0.00062476,0.00076931,0.0020343,0.010025,0.00028916
581.02,0.00021974,0.00011522,0.00061707,0.00092213,0.0020824,0.0095427,0.00028375
581.25,0.00026071,0.00011758,0.00060591,0.0011208,0.0021653,0.0091102,0.00028271
581.48,0.00035271,0.00012285,0.00057663,0.001338,0.0022482,0.0086777,0.00028307
581.7,0.00051341,0.00011383,0.00054226,0.0015831,0.0023312,0.0082451,0.00028311
581.93,0.00074819,0.00010707,0.00049901,0.0018445,0.0024166,0.0078663,0.00028279
582.16,0.0010282,0.00010112,0.00044699,0.002114,0.0025025,0.0074991,0.00028649
582.39,0.00133,9.06E-05,0.00041122,0.002418,0.0025884,0.0071319,0.00028039
582.61,0.00166,8.89E-05,0.00036583,0.0027302,0.0026857,0.0067942,0.00027347
582.84,0.0020147,8.97E-05,0.00032455,0.0030534,0.0027963,0.0064915,0.00028439
583.07,0.0024236,8.49E-05,0.00028555,0.0033568,0.0029069,0.0061888,0.00028351
583.3,0.0028789,8.36E-05,0.00025347,0.0036501,0.003022,0.0058929,0.0002921
583.53,0.0033041,7.38E-05,0.00022056,0.0038982,0.0031784,0.0056631,0.00029682
583.75,0.0036233,5.86E-05,0.0001988,0.0041211,0.0033348,0.0054332,0.00028793
583.98,0.003818,7.02E-05,0.00017311,0.0043142,0.0034913,0.0052032,0.00029318
584.21,0.0039,7.80E-05,0.00015648,0.0045109,0.0036405,0.0049936,0.00029589
584.44,0.0039113,8.44E-05,0.00014425,0.0046935,0.0037872,0.0047913,0.00029553
584.66,0.0038641,8.61E-05,0.00012691,0.004836,0.0039339,0.004589,0.00029903
584.89,0.0037575,8.27E-05,0.0001139,0.0049508,0.0041132,0.004398,0.00030938
585.12,0.0035846,7.90E-05,0.00010279,0.0050219,0.0043476,0.004226,0.00029115
585.35,0.0033108,8.34E-05,9.91E-05,0.0050522,0.0045821,0.0040541,0.00028914
585.58,0.0029523,8.36E-05,9.46E-05,0.0050161,0.0048168,0.0038825,0.00029643
585.8,0.0025823,8.66E-05,9.46E-05,0.0049439,0.0050739,0.0037495,0.00029343
586.03,0.0022456,9.22E-05,9.57E-05,0.0048273,0.005331,0.0036165,0.00029861
586.26,0.0019533,8.89E-05,0.0001011,0.0046669,0.0055882,0.0034834,0.00029285
586.49,0.0016926,8.26E-05,0.00010131,0.0044536,0.0058713,0.0033642,0.00028115
586.72,0.0014603,7.76E-05,0.0001005,0.0042196,0.0061683,0.0032523,0.00027997
586.94,0.0012613,7.74E-05,0.00010229,0.0039807,0.0064654,0.0031403,0.00027852
587.17,0.0011034,7.96E-05,0.00010067,0.0037199,0.0067841,0.0030274,0.00027633
587.4,0.00099515,8.29E-05,0.00010411,0.0034603,0.0071559,0.0029119,0.00027769
587.63,0.00094317,8.59E-05,0.00010809,0.0032299,0.0075277,0.0027964,0.00027865
587.86,0.00095001,9.67E-05,0.00010488,0.0030157,0.0078996,0.0026808,0.00027775
588.08,0.0010165,0.00010705,0.00010482,0.0028296,0.0082748,0.0025706,0.00028289
588.31,0.0011558,0.00011328,0.00010276,0.0026537,0.0086502,0.0024607,0.00028241
588.54,0.0013999,0.00011766,9.90E-05,0.0024954,0.0090257,0.0023509,0.00028312
588.77,0.0017768,0.00012406,9.76E-05,0.0023549,0.0093964,0.0022528,0.00029603
589,0.0022945,0.00012554,0.00010018,0.0022061,0.0097635,0.0021634,0.00029818
589.22,0.0029273,0.00012694,9.95E-05,0.0020501,0.010131,0.0020741,0.00029496
589.45,0.0035817,0.00013047,0.0001018,0.0018971,0.010494,0.001989,0.00029411
589.68,0.004196,0.00013072,0.00010088,0.0017527,0.010841,0.0019193,0.00030321
589.91,0.0047943,0.0001271,9.40E-05,0.0015921,0.011188,0.0018496,0.00030384
590.14,0.0054784,0.00012261,9.83E-05,0.001453,0.011535,0.0017799,0.00029205
590.37,0.0062999,0.00012098,9.91E-05,0.0013196,0.011854,0.0017156,0.00028612
590.59,0.0072261,0.00012289,9.95E-05,0.0012006,0.012168,0.0016521,0.00028904
590.82,0.0081197,0.0001198,0.00010186,0.0010961,0.012482,0.0015887,0.00029049
591.05,0.0088322,0.00011803,9.54E-05,0.00098297,0.012803,0.0015321,0.00029257
591.28,0.0092984,0.00012037,9.76E-05,0.00089476,0.013132,0.0014823,0.00029081
591.51,0.0094816,0.00012365,0.00010088,0.00081647,0.013461,0.0014326,0.00029294
591.74,0.009477,0.00012804,9.07E-05,0.00074227,0.013785,0.0013838,0.00029522
591.96,0.0094206,0.00012912,8.29E-05,0.00067925,0.014084,0.0013412,0.00029944
592.19,0.0093237,0.00013087,8.51E-05,0.00062532,0.014382,0.0012986,0.00029736
592.42,0.0091194,0.00012303,8.22E-05,0.00057571,0.014681,0.001256,0.00029608
592.65,0.0087281,0.00011947,8.19E-05,0.00053484,0.014924,0.0012098,0.00029588
592.88,0.0081525,0.00010704,8.19E-05,0.00050789,0.015152,0.0011628,0.0002931
593.1,0.0074889,0.00010912,8.16E-05,0.00048434,0.015381,0.0011157,0.00028906
593.33,0.0068721,0.00010637,8.65E-05,0.00046848,0.015604,0.0010765,0.00028272
593.56,0.006374,0.00010292,8.17E-05,0.00045314,0.015822,0.0010475,0.00027999
593.79,0.0060595,9.82E-05,7.36E-05,0.00043476,0.016039,0.0010186,0.00027944
594.02,0.0059141,9.67E-05,7.78E-05,0.00042513,0.016249,0.00099106,0.00027832
594.25,0.0058091,9.61E-05,8.23E-05,0.00041261,0.016367,0.00097913,0.00027435
594.47,0.0056561,9.04E-05,8.16E-05,0.0004005,0.016485,0.0009672,0.00025862
594.7,0.0054069,8.70E-05,8.06E-05,0.00038667,0.016603,0.00095528,0.00025353
594.93,0.0050873,8.47E-05,7.97E-05,0.00037802,0.016691,0.00094205,0.00024654
595.16,0.0047278,9.92E-05,7.24E-05,0.00036236,0.016766,0.00092834,0.00024992
595.39,0.0043437,9.19E-05,6.19E-05,0.00033509,0.016842,0.00091462,0.00024889
595.62,0.0039352,9.43E-05,5.93E-05,0.00032639,0.016892,0.00089048,0.00024566
595.85,0.0034932,9.09E-05,5.99E-05,0.00031222,0.016899,0.00084872,0.00024089
596.07,0.003021,9.04E-05,5.71E-05,0.00029843,0.016906,0.00080697,0.00025301
596.3,0.0025303,8.54E-05,5.25E-05,0.00028174,0.016911,0.00076561,0.00025492
596.53,0.0020684,8.68E-05,4.96E-05,0.00026938,0.01684,0.00074503,0.00026191
596.76,0.0016855,8.28E-05,4.78E-05,0.00026066,0.016769,0.00072445,0.00027241
596.99,0.0013879,8.97E-05,4.56E-05,0.00025544,0.016698,0.00070386,0.0002732
597.22,0.0011701,8.71E-05,4.35E-05,0.00023874,0.016625,0.00068447,0.00027426
597.44,0.0010145,8.35E-05,4.58E-05,0.00023299,0.016551,0.00066567,0.00027004
597.67,0.00090926,8.76E-05,4.89E-05,0.00022299,0.016478,0.00064688,0.00027133
597.9,0.00083117,9.10E-05,4.99E-05,0.00021433,0.016372,0.00063212,0.00027462
598.13,0.00076612,9.52E-05,4.01E-05,0.00019607,0.016197,0.00062615,0.00028038
598.36,0.0007143,9.63E-05,4.28E-05,0.00019278,0.016021,0.00062018,0.00026477
598.59,0.00067181,9.41E-05,5.07E-05,0.00019199,0.015845,0.00061422,0.00025766
598.82,0.00064395,9.32E-05,5.10E-05,0.0001811,0.015581,0.00061314,0.00024969
599.04,0.00061958,9.57E-05,4.74E-05,0.00016795,0.015314,0.00061224,0.00025301
599.27,0.00060023,8.73E-05,4.70E-05,0.0001557,0.015046,0.00061135,0.00026229
599.5,0.00058866,9.06E-05,4.47E-05,0.00014484,0.014797,0.00059855,0.00026552
599.73,0.00058345,8.48E-05,4.75E-05,0.00013437,0.014558,0.00057826,0.00026403
599.96,0.00057072,8.21E-05,4.84E-05,0.000137,0.01432,0.00055796,0.00026189
600.19,0.00056654,7.83E-05,5.06E-05,0.00013042,0.014059,0.00054316,0.00026043
600.42,0.00056809,7.37E-05,5.52E-05,0.00012906,0.013736,0.00054375,0.00025683
600.65,0.00056717,7.22E-05,5.43E-05,0.00012242,0.013413,0.00054435,0.00025567
600.87,0.00056809,7.15E-05,5.17E-05,0.00011304,0.013091,0.00054495,0.00025544
601.1,0.00056214,6.35E-05,4.94E-05,0.00010849,0.012824,0.00054254,0.00025084
601.33,0.00056786,6.18E-05,5.09E-05,0.00011386,0.012562,0.00053986,0.00024738
601.56,0.0005716,6.51E-05,5.23E-05,0.00011402,0.012301,0.00053717,0.000237
601.79,0.00056572,6.28E-05,5.36E-05,0.00010886,0.012018,0.00053971,0.00023406
602.02,0.00055697,6.32E-05,5.29E-05,0.00010653,0.01172,0.00054628,0.00023412
602.25,0.00055819,5.90E-05,5.47E-05,0.0001002,0.011422,0.00055285,0.00023464
602.48,0.00056083,5.27E-05,5.21E-05,9.32E-05,0.011128,0.00055735,0.00023292
602.7,0.00055326,5.67E-05,5.01E-05,9.27E-05,0.010853,0.00055437,0.00023091
602.93,0.00055118,4.87E-05,5.21E-05,8.49E-05,0.010578,0.00055138,0.00022679
603.16,0.00054973,4.29E-05,5.06E-05,8.03E-05,0.010303,0.00054839,0.00022504
603.39,0.0005462,4.55E-05,5.11E-05,7.62E-05,0.010022,0.00054022,0.00023839
603.62,0.00054206,4.59E-05,4.50E-05,6.15E-05,0.009741,0.00053125,0.00024025
603.85,0.00053895,4.62E-05,4.30E-05,5.25E-05,0.0094596,0.00052229,0.00023914
604.08,0.00054132,4.84E-05,4.25E-05,5.71E-05,0.0091991,0.00051473,0.00024271
604.31,0.00054716,5.88E-05,3.59E-05,5.16E-05,0.008958,0.00050845,0.00024902
604.54,0.0005449,6.39E-05,3.66E-05,5.27E-05,0.0087169,0.00050218,0.00024851
604.76,0.00054147,7.54E-05,3.53E-05,5.11E-05,0.0084695,0.00049679,0.0002482
604.99,0.00054546,7.02E-05,4.16E-05,4.93E-05,0.0081924,0.0004956,0.00024329
605.22,0.00054823,7.43E-05,3.59E-05,4.79E-05,0.0079154,0.0004944,0.00024835
605.45,0.00054595,8.33E-05,3.71E-05,4.62E-05,0.0076383,0.0004932,0.00025319
605.68,0.00054873,9.19E-05,3.87E-05,5.14E-05,0.0074078,0.00049597,0.00024257
605.91,0.00055023,9.59E-05,4.39E-05,5.92E-05,0.007187,0.00049956,0.00024035
606.14,0.00055193,9.69E-05,4.59E-05,6.42E-05,0.0069661,0.00050315,0.00024018
606.37,0.0005528,9.14E-05,4.69E-05,6.05E-05,0.0067587,0.00050139,0.00023575
606.6,0.00054565,7.82E-05,5.08E-05,6.00E-05,0.0065659,0.00049392,0.00022724
606.82,0.00054552,7.64E-05,5.04E-05,5.37E-05,0.0063731,0.00048644,0.00022483
607.05,0.00054394,7.41E-05,5.11E-05,5.84E-05,0.0061741,0.00048116,0.00022542
607.28,0.00054255,7.46E-05,4.75E-05,5.76E-05,0.0059371,0.00048953,0.00022935
607.51,0.00054117,7.72E-05,5.32E-05,5.90E-05,0.0056999,0.0004979,0.0002271
607.74,0.00054399,7.33E-05,5.30E-05,6.09E-05,0.0054628,0.00050627,0.00021841
607.97,0.00054962,7.24E-05,5.66E-05,6.34E-05,0.0052691,0.00049162,0.00021795
608.2,0.00055204,7.90E-05,5.42E-05,5.77E-05,0.0050867,0.00047099,0.00022378
608.43,0.00055534,8.31E-05,4.59E-05,5.37E-05,0.0049043,0.00045035,0.00022517
608.66,0.00055628,8.49E-05,6.81E-05,0.00010153,0.0047285,0.00044788,0.00022567
608.89,0.00055906,8.96E-05,7.02E-05,0.0001058,0.0045607,0.00046762,0.0002262
609.12,0.00056433,9.30E-05,7.09E-05,0.00011581,0.0043929,0.00048736,0.00022733
609.34,0.00056608,9.11E-05,7.36E-05,0.00011698,0.0042284,0.00050411,0.00022729
609.57,0.00057537,9.75E-05,7.55E-05,0.00011823,0.0040917,0.00049573,0.00022559
609.8,0.00058364,0.00010115,7.50E-05,0.00012377,0.0039549,0.00048735,0.00022455
610.03,0.0005998,0.00010379,7.44E-05,0.00012387,0.0038182,0.00047898,0.0002284
610.26,0.00061516,0.00010143,7.20E-05,0.00011763,0.0036996,0.00048271,0.00022692
610.49,0.00063434,9.50E-05,7.68E-05,0.00012284,0.0035865,0.00049019,0.00021782
610.72,0.00066433,9.17E-05,8.28E-05,0.00012901,0.0034734,0.00049767,0.00021889
610.95,0.00069878,9.07E-05,6.13E-05,8.46E-05,0.0033489,0.00051147,0.00021716
611.18,0.00074864,8.90E-05,6.42E-05,8.80E-05,0.0032089,0.00053391,0.00023453
611.41,0.00080426,8.59E-05,5.70E-05,7.71E-05,0.0030688,0.00055635,0.00023427
611.64,0.0008733,8.61E-05,4.75E-05,6.25E-05,0.0029311,0.00057563,0.0002338
611.87,0.00094794,8.41E-05,4.88E-05,6.69E-05,0.0028207,0.00055858,0.00023371
612.09,0.00106,8.18E-05,4.35E-05,5.55E-05,0.0027103,0.00054152,0.00023769
612.32,0.0011707,8.31E-05,4.50E-05,6.15E-05,0.0025998,0.00052445,0.00023653
612.55,0.0013161,8.59E-05,4.34E-05,5.99E-05,0.002521,0.00051889,0.00023453
612.78,0.0015226,8.69E-05,4.40E-05,6.53E-05,0.0024533,0.0005174,0.00023516
613.01,0.0018205,9.17E-05,4.55E-05,6.06E-05,0.0023857,0.0005159,0.00021509
613.24,0.0022821,9.27E-05,4.33E-05,6.11E-05,0.0023081,0.00051906,0.00021623
613.47,0.0029839,9.76E-05,4.24E-05,5.79E-05,0.0022156,0.00052923,0.00019998
613.7,0.003988,0.00011029,4.85E-05,7.02E-05,0.0021231,0.00053942,0.00020331
613.93,0.0052644,0.00011272,5.73E-05,8.80E-05,0.0020322,0.00054844,0.00020141
614.16,0.0066882,0.00011477,5.33E-05,9.28E-05,0.0019678,0.00053886,0.00019683
614.39,0.0081434,0.00012308,5.65E-05,0.00010947,0.0019034,0.00052927,0.00019423
614.62,0.0095863,0.00012582,5.50E-05,0.00010987,0.0018391,0.00051969,0.00019536
614.85,0.010944,0.00013104,5.44E-05,0.00011452,0.0017824,0.000517,0.00019999
615.08,0.012212,0.00013403,5.46E-05,0.00011291,0.0017288,0.000517,0.00020174
615.31,0.013353,0.000137,5.56E-05,0.00012215,0.0016752,0.000517,0.00022034
615.54,0.014311,0.00014465,5.93E-05,0.00012447,0.0016289,0.00051643,0.00022236
615.76,0.014992,0.00014639,5.30E-05,0.00013305,0.0015944,0.00051493,0.00022185
615.99,0.01536,0.00013815,5.41E-05,0.00013917,0.00156,0.00051344,0.00021474
616.22,0.015403,0.00014151,5.14E-05,0.00015297,0.0015275,0.00051215,0.00021602
616.45,0.015235,0.00014473,5.52E-05,0.00017777,0.0015388,0.00051575,0.0002202
616.68,0.014892,0.00014144,5.50E-05,0.00021094,0.0015502,0.00051934,0.00021694
616.91,0.014379,0.00014518,5.36E-05,0.00026807,0.0015616,0.00052294,0.00021788
617.14,0.013764,0.00013872,5.11E-05,0.00035451,0.001546,0.00052084,0.00021487
617.37,0.013087,0.00013684,4.98E-05,0.00045399,0.001519,0.00051634,0.00021225
617.6,0.012373,0.00013132,4.65E-05,0.00056946,0.0014921,0.00051185,0.00020957
617.83,0.011613,0.0001282,4.49E-05,0.00070548,0.0014575,0.00050493,0.00020641
618.06,0.010808,0.00012575,4.91E-05,0.000854,0.0014099,0.00049384,0.00020693
618.29,0.009962,0.00012451,4.93E-05,0.0010191,0.0013622,0.00048276,0.00020864
618.52,0.0091041,0.00011961,5.22E-05,0.0011918,0.0013166,0.00047156,0.00021018
618.75,0.0082279,0.00011322,4.99E-05,0.0013765,0.0013373,0.00045687,0.00020962
618.98,0.0073775,0.0001124,5.40E-05,0.0015721,0.001358,0.00044218,0.00020965
619.21,0.0066273,0.00010846,5.48E-05,0.0017831,0.0013786,0.0004275,0.00021031
619.44,0.0059663,0.00010072,5.50E-05,0.0020031,0.0013631,0.00043403,0.00019548
619.67,0.0053398,9.66E-05,4.98E-05,0.0022405,0.0013317,0.00044991,0.00019932
619.9,0.0047368,9.31E-05,4.72E-05,0.0024767,0.0013002,0.00046581,0.00020093
620.13,0.0041675,8.37E-05,4.34E-05,0.0026925,0.0012825,0.00047493,0.00019892
620.36,0.0036443,8.18E-05,4.15E-05,0.0028798,0.0012893,0.00047193,0.00019268
620.59,0.0031523,7.89E-05,3.76E-05,0.0030177,0.0012962,0.00046893,0.00019375
620.82,0.0026943,7.97E-05,3.80E-05,0.0031257,0.0013016,0.000466,0.00019326
621.05,0.0022961,7.69E-05,3.82E-05,0.0031852,0.001241,0.000466,0.00019206
621.27,0.0019672,7.21E-05,3.65E-05,0.0032153,0.0011804,0.000466,0.00019045
621.5,0.001705,6.21E-05,3.96E-05,0.0031964,0.0011198,0.000466,0.00018758
621.73,0.0015015,6.07E-05,3.98E-05,0.0031085,0.0011287,0.00046104,0.00019717
621.96,0.0013408,6.26E-05,4.23E-05,0.002975,0.0011689,0.00045384,0.00019312
622.19,0.0012212,6.86E-05,4.81E-05,0.0028015,0.0012091,0.00044664,0.00019385
622.42,0.0011283,7.28E-05,5.34E-05,0.0025969,0.0012365,0.00043615,0.00019375
622.65,0.0010569,7.23E-05,5.26E-05,0.0023835,0.0012407,0.00041965,0.00019421
622.88,0.00099662,7.31E-05,5.68E-05,0.0021997,0.0012449,0.00040315,0.00019185
623.11,0.00095582,7.51E-05,5.17E-05,0.0020307,0.0012483,0.00038751,0.0001913
623.34,0.00092324,7.69E-05,5.08E-05,0.0018927,0.0012174,0.00041152,0.00019201
623.57,0.00089463,7.36E-05,5.40E-05,0.001754,0.0011865,0.00043552,0.00019222
623.8,0.0008736,8.09E-05,5.67E-05,0.0016075,0.0011556,0.00045953,0.00019307
624.03,0.00085786,8.58E-05,6.37E-05,0.0014729,0.0011683,0.00046204,0.00019438
624.26,0.00085382,7.23E-05,6.62E-05,0.0013245,0.0012007,0.00045484,0.00019183
624.49,0.00084606,6.92E-05,7.09E-05,0.0011876,0.0012331,0.00044764,0.00018789
624.72,0.00084614,6.63E-05,7.07E-05,0.0010655,0.0012583,0.00044129,0.00018751
624.95,0.00084537,5.93E-05,7.50E-05,0.00095809,0.0012703,0.00043649,0.00018819
625.18,0.0008435,5.87E-05,7.78E-05,0.00085298,0.0012823,0.00043169,0.0001871
625.41,0.00084671,5.39E-05,8.61E-05,0.00073783,0.0012951,0.00042718,0.00018115
625.64,0.00085152,4.85E-05,9.03E-05,0.00061442,0.0013395,0.00043438,0.00017747
625.87,0.00086998,3.61E-05,8.98E-05,0.00049217,0.0013839,0.00044158,0.00017062
626.1,0.00090073,3.31E-05,8.90E-05,0.00039659,0.0014283,0.00044879,0.00017114
626.33,0.00093971,3.24E-05,9.08E-05,0.00032189,0.001488,0.00044392,0.00017441
626.56,0.00099014,4.77E-05,9.92E-05,0.0002747,0.0015543,0.00043372,0.00017924
626.79,0.001046,3.66E-05,0.0001067,0.00024092,0.0016207,0.00042351,0.00017493
627.02,0.0010972,3.65E-05,0.00010851,0.00021535,0.0016761,0.00041548,0.00017671
627.25,0.001152,4.52E-05,0.00011209,0.00019823,0.0017125,0.00041127,0.00018072
627.48,0.0011962,4.10E-05,0.00011664,0.00017906,0.0017488,0.00040707,0.00017836
627.71,0.0012291,3.67E-05,0.00011611,0.00017018,0.001786,0.00040312,0.00018089
627.94,0.0012552,3.98E-05,0.00012171,0.0001636,0.0018503,0.00040672,0.00018251
628.17,0.0012601,5.46E-05,0.00012549,0.00016087,0.0019146,0.00041032,0.00019064
628.4,0.0012431,5.03E-05,0.00012821,0.00015397,0.0019788,0.00041393,0.00018561
628.63,0.0012099,5.27E-05,0.0001322,0.00015542,0.0020353,0.0004093,0.00018254
628.86,0.0011544,4.77E-05,0.00012938,0.00014157,0.0020885,0.00040119,0.00017935
629.09,0.0010897,5.73E-05,0.00012125,0.00013538,0.0021417,0.00039308,0.00018135
629.32,0.0010184,6.04E-05,0.000121,0.00013949,0.0022021,0.00038946,0.0001764
629.55,0.00094208,5.64E-05,0.00012539,0.0001389,0.0022748,0.00039336,0.00017033
629.78,0.00087459,6.03E-05,0.00012374,0.00014223,0.0023475,0.00039727,0.00017234
630.01,0.00080892,6.15E-05,0.00013257,0.00014325,0.0024207,0.00040084,0.00016546
630.24,0.00074723,5.92E-05,0.00013442,0.00013739,0.0025039,0.00039723,0.00016293
630.47,0.0006964,6.16E-05,0.0001381,0.0001349,0.0025872,0.00039363,0.00015968
630.7,0.00064989,6.97E-05,0.00014464,0.00013921,0.0026704,0.00039002,0.00016057
630.93,0.00060971,6.51E-05,0.00015202,0.00013319,0.0027831,0.00038814,0.00014148
631.16,0.00057651,7.01E-05,0.00015465,0.00014019,0.0029076,0.00038694,0.00026075
631.39,0.00053814,6.72E-05,0.00016766,0.00014295,0.003032,0.00038573,0.00026218
631.62,0.00050852,6.77E-05,0.00017779,0.00013787,0.0031602,0.00038371,0.00026996
631.85,0.00047596,7.00E-05,0.0001811,0.00013693,0.0032942,0.00038041,0.00027458
632.08,0.00044329,7.14E-05,0.0001925,0.00013268,0.0034282,0.0003771,0.00027343
632.31,0.00041199,7.41E-05,0.00019766,0.0001324,0.0035626,0.00037449,0.00027831
632.54,0.00037777,7.82E-05,0.00021152,0.00013366,0.0037008,0.0003823,0.00028036
632.77,0.00035013,7.84E-05,0.00022393,0.00013367,0.0038391,0.00039012,0.00028353
633.01,0.00032266,7.67E-05,0.00023387,0.00013082,0.0039774,0.00039794,0.00025978
633.24,0.00029688,7.48E-05,0.00024085,0.0001258,0.0041257,0.00040088,0.00028006
633.47,0.00027118,7.32E-05,0.00026168,0.00012566,0.0042775,0.00040209,0.00015899
633.7,0.00025388,7.79E-05,0.00027461,0.00012288,0.0044293,0.00040329,0.0001633
633.93,0.0002356,8.01E-05,0.00029227,0.00011822,0.0045966,0.00040597,0.00015971
634.16,0.00022108,7.47E-05,0.00031169,0.00011219,0.0047861,0.00041078,0.00015919
634.39,0.00020473,7.71E-05,0.00032899,0.0001121,0.0049755,0.0004156,0.00016249
634.62,0.00019245,8.06E-05,0.00035165,0.00010672,0.0051668,0.00041985,0.0001665
634.85,0.00018442,8.04E-05,0.00037247,0.00010638,0.0053776,0.00041804,0.00016727
635.08,0.00017161,7.85E-05,0.00039481,0.00010827,0.0055884,0.00041624,0.00016724
635.31,0.00016593,8.21E-05,0.00042069,0.00010321,0.0057993,0.00041443,0.00019221
635.54,0.00015825,9.05E-05,0.00045056,0.0001022,0.0059678,0.00041171,0.00019391
635.77,0.00014783,9.19E-05,0.0004792,0.00010047,0.006123,0.00040871,0.00019547
636,0.0001396,9.21E-05,0.00051206,8.87E-05,0.0062783,0.0004057,0.0001915
636.23,0.00012404,9.64E-05,0.00055144,8.80E-05,0.0064501,0.00040086,0.0001931
636.46,0.00011316,9.91E-05,0.00060093,9.34E-05,0.0066436,0.00039364,0.0001941
636.69,0.00010919,9.19E-05,0.00065851,8.23E-05,0.0068371,0.00038641,0.00019403
636.92,0.00010459,8.00E-05,0.00072534,7.66E-05,0.00703,0.00037933,0.00019208
637.15,0.00010135,8.47E-05,0.00081864,7.40E-05,0.0072193,0.00037331,0.00019329
637.38,0.0001004,8.18E-05,0.00093276,6.00E-05,0.0074085,0.00036729,0.00019451
637.61,9.86E-05,8.00E-05,0.0010664,4.88E-05,0.0075978,0.00036127,0.00020025
637.84,9.42E-05,7.68E-05,0.0012252,5.46E-05,0.0077518,0.00036332,0.00019757
638.07,9.92E-05,6.97E-05,0.0013931,5.13E-05,0.0078962,0.00036754,0.00020135
638.3,0.0001019,6.54E-05,0.0015849,5.71E-05,0.0080407,0.00037175,0.00020689
638.54,0.00010477,6.19E-05,0.0018008,5.75E-05,0.008194,0.00037526,0.00020896
638.77,0.00010874,6.03E-05,0.0020431,4.68E-05,0.0083574,0.00037797,0.0002103
639,0.00010855,6.56E-05,0.0023206,4.71E-05,0.0085208,0.00038068,0.00021192
639.23,0.00010656,7.73E-05,0.0026248,4.05E-05,0.0086783,0.00038563,0.00021781
639.46,0.00010305,7.48E-05,0.002939,4.05E-05,0.0087999,0.00040399,0.00022319
639.69,9.61E-05,7.97E-05,0.0032664,5.32E-05,0.0089215,0.00042236,0.0002268
639.92,9.43E-05,7.89E-05,0.0035968,6.42E-05,0.0090432,0.00044073,0.00023008
640.15,9.61E-05,8.05E-05,0.0039163,5.40E-05,0.0091613,0.00043905,0.00023759
640.38,9.00E-05,8.30E-05,0.0042652,5.49E-05,0.0092788,0.00043303,0.00024616
640.61,8.42E-05,8.83E-05,0.0046144,4.63E-05,0.0093962,0.00042701,0.00025662
640.84,7.89E-05,8.28E-05,0.0049653,4.06E-05,0.0094968,0.00042581,0.00026505
641.07,7.54E-05,8.57E-05,0.0053142,4.17E-05,0.0095805,0.00042942,0.00027432
641.3,7.03E-05,8.38E-05,0.0056773,4.72E-05,0.0096642,0.00043304,0.00028509
641.53,6.79E-05,8.00E-05,0.0060636,5.65E-05,0.0097368,0.00044071,0.00029541
641.76,6.90E-05,8.70E-05,0.0064899,4.83E-05,0.0097588,0.00046692,0.00030963
641.99,6.79E-05,8.35E-05,0.0069846,4.30E-05,0.0097808,0.00049312,0.00032
642.23,6.16E-05,8.05E-05,0.0075482,3.93E-05,0.0098028,0.00051933,0.00032908
642.46,5.69E-05,8.20E-05,0.0081476,4.25E-05,0.00984,0.00053543,0.00034691
642.69,5.62E-05,8.08E-05,0.0086952,3.92E-05,0.0098798,0.00054989,0.00035936
642.92,5.06E-05,8.06E-05,0.0091774,4.67E-05,0.0099196,0.00056435,0.00037136
643.15,5.61E-05,7.96E-05,0.009586,5.54E-05,0.0099351,0.00057425,0.00038504
643.38,5.40E-05,8.38E-05,0.0099527,5.95E-05,0.00993,0.00058028,0.0004041
643.61,5.44E-05,8.70E-05,0.010247,6.37E-05,0.0099248,0.00058631,0.00041756
643.84,5.24E-05,8.52E-05,0.010489,6.05E-05,0.0099141,0.0005912,0.00042899
644.07,4.96E-05,7.97E-05,0.010684,7.58E-05,0.0098837,0.0005921,0.000444
644.3,4.90E-05,8.14E-05,0.010791,9.05E-05,0.0098533,0.00059301,0.00048354
644.53,5.12E-05,8.10E-05,0.010814,9.98E-05,0.0098228,0.00059391,0.00050651
644.76,5.04E-05,8.06E-05,0.010773,0.00011378,0.0097377,0.0005989,0.0005205
645,4.59E-05,8.86E-05,0.010734,0.00012599,0.0096467,0.00060432,0.00053988
645.23,5.12E-05,9.39E-05,0.010738,0.0001301,0.0095557,0.00060975,0.00055408
645.46,4.61E-05,0.000103,0.010804,0.00013858,0.0094495,0.00062327,0.00056118
645.69,4.64E-05,0.0001084,0.010876,0.00014124,0.0093326,0.00064256,0.00057799
645.92,4.59E-05,0.00011605,0.010986,0.00014701,0.0092156,0.00066185,0.00059856
646.15,4.16E-05,0.00012073,0.011051,0.00016396,0.0090956,0.00068429,0.00060996
646.38,4.35E-05,0.00012498,0.011069,0.00016597,0.0089672,0.00071534,0.00061661
646.61,4.24E-05,0.0001303,0.011054,0.00016702,0.0088387,0.00074639,0.00059841
646.84,4.26E-05,0.00014131,0.010992,0.00016928,0.0087103,0.00077744,0.00060124
647.07,4.32E-05,0.00014561,0.010907,0.00017152,0.008561,0.00077127,0.00060115
647.3,4.46E-05,0.00015805,0.010783,0.00017733,0.0084105,0.00076313,0.00059341
647.54,4.37E-05,0.0001612,0.010605,0.00018307,0.00826,0.00075498,0.0005847
647.77,4.53E-05,0.00017709,0.010328,0.00018591,0.0081086,0.0007732,0.00058437
648,5.20E-05,0.00019325,0.0099949,0.00019491,0.0079566,0.00080668,0.00056916
648.23,6.80E-05,0.00020877,0.0095666,0.00019561,0.0078046,0.00084015,0.00055254
648.46,9.45E-05,0.00023511,0.0091412,0.00019792,0.0076626,0.00087248,0.00053792
648.69,0.00011058,0.0002609,0.0086851,0.00019938,0.0075419,0.00090234,0.0005247
648.92,0.00012871,0.00028856,0.0082183,0.0002023,0.0074213,0.00093219,0.00051657
649.15,0.00013982,0.00031946,0.0077554,0.00020141,0.0073004,0.00096207,0.00049913
649.38,0.00016442,0.00035624,0.0073159,0.00019829,0.0070494,0.00099525,0.00049124
649.61,0.00018505,0.0003823,0.0069029,0.00019765,0.0067985,0.0010284,0.00048126
649.85,0.00020328,0.00042032,0.0065317,0.00020641,0.0065474,0.0010616,0.00047767
650.08,0.00022514,0.00045848,0.0062381,0.00021081,0.0063499,0.0011043,0.00047324
650.31,0.00024107,0.00048348,0.005999,0.00020753,0.0061768,0.0011514,0.00046452
650.54,0.00024695,0.00051419,0.0058397,0.00021236,0.0060036,0.0011985,0.00046297
650.77,0.00024214,0.00054885,0.00572,0.00020272,0.0058373,0.0012404,0.00046214
651,0.00023634,0.00057721,0.0056543,0.00020164,0.0056828,0.0012736,0.00045485
651.23,0.00022746,0.00060247,0.0056293,0.0001987,0.0055283,0.0013068,0.00044548
651.46,0.00021911,0.0006199,0.00564,0.00020226,0.0053714,0.0013395,0.00043773
651.69,0.00019849,0.00063835,0.0056657,0.00020272,0.0051743,0.0013652,0.00042174
651.93,0.00018422,0.00066854,0.0057086,0.0001982,0.0049772,0.0013908,0.000401
652.16,0.00016941,0.00070333,0.0057446,0.00018495,0.0047801,0.0014165,0.00038831
652.39,0.00015001,0.00073497,0.0057675,0.00017862,0.004637,0.0014226,0.00037227
652.62,0.00013501,0.00078708,0.005797,0.00017572,0.0045124,0.0014219,0.00036072
652.85,0.00011694,0.00084357,0.0058001,0.00016967,0.0043877,0.0014213,0.00037216
653.08,0.00010207,0.00090191,0.0057815,0.00017065,0.0042527,0.0014357,0.00035945
653.31,9.39E-05,0.00096873,0.0057487,0.00016661,0.0041042,0.0014699,0.00035274
653.54,8.96E-05,0.0010446,0.0056892,0.00015982,0.0039557,0.001504,0.00034222
653.78,8.44E-05,0.0011345,0.0056142,0.00014948,0.0038052,0.0015358,0.00034
654.01,8.16E-05,0.0012097,0.0055122,0.00013531,0.0036407,0.0015512,0.00033739
654.24,7.48E-05,0.0012691,0.0054,0.00012731,0.0034761,0.0015666,0.00034331
654.47,6.79E-05,0.0013131,0.0052955,0.0001251,0.0033115,0.001582,0.000339
654.7,6.43E-05,0.0013399,0.0051865,0.0001159,0.0031779,0.0015911,0.000341
654.93,5.29E-05,0.0013494,0.0050555,0.00010947,0.0030517,0.0015987,0.00034
655.16,5.22E-05,0.0013338,0.004911,9.81E-05,0.0029255,0.0016062,0.00030014
655.39,4.85E-05,0.0013083,0.0047631,8.71E-05,0.002815,0.0016221,0.00030066
655.63,4.69E-05,0.0012772,0.0046053,8.50E-05,0.0027205,0.0016466,0.00029686
655.86,4.46E-05,0.0012353,0.0044494,7.92E-05,0.0026259,0.0016711,0.00029811
656.09,4.43E-05,0.0011768,0.0042782,8.09E-05,0.0025324,0.0016918,0.00029355
656.32,4.40E-05,0.0011369,0.0041102,8.23E-05,0.0024433,0.001696,0.00029362
656.55,4.78E-05,0.0010953,0.0039322,8.08E-05,0.0023542,0.0017002,0.0003033
656.78,4.93E-05,0.0010577,0.003734,7.62E-05,0.0022651,0.0017045,0.00030065
657.01,5.30E-05,0.0010322,0.0035345,7.29E-05,0.0021741,0.0017106,0.00029556
657.25,5.82E-05,0.0010197,0.0033313,6.77E-05,0.0020828,0.0017169,0.00029614
657.48,6.25E-05,0.0010154,0.0031366,6.33E-05,0.0019916,0.0017232,0.00030542
657.71,6.78E-05,0.0010231,0.0029393,6.26E-05,0.0019174,0.0017371,0.00030242
657.94,6.82E-05,0.0010299,0.0027409,5.96E-05,0.0018564,0.0017567,0.00029946
658.17,7.39E-05,0.0010477,0.0025423,5.65E-05,0.0017954,0.0017764,0.00029795
658.4,8.03E-05,0.0010687,0.0023566,5.22E-05,0.0017339,0.0017908,0.00029726
658.63,8.88E-05,0.0010738,0.0021733,5.16E-05,0.0016714,0.0017899,0.00029369
658.87,9.33E-05,0.0010904,0.0020043,4.10E-05,0.0016088,0.001789,0.00027285
659.1,0.00010413,0.001108,0.0018451,3.26E-05,0.0015463,0.001788,0.00027531
659.33,0.00010617,0.001121,0.0017023,3.46E-05,0.0014831,0.0017745,0.00027479
659.56,0.00011104,0.0011213,0.0015741,3.74E-05,0.0014199,0.0017603,0.00026911
659.79,0.00011262,0.0011298,0.0014578,4.31E-05,0.0013568,0.0017461,0.00027065
660.02,0.00011192,0.0011358,0.0013562,5.03E-05,0.0013162,0.0017275,0.00027406
660.26,0.00011457,0.0011327,0.0012618,4.78E-05,0.0012884,0.0017063,0.00027561
660.49,0.00011573,0.0011288,0.0011761,5.13E-05,0.0012606,0.0016851,0.0002786
660.72,0.00011861,0.0011332,0.001099,5.34E-05,0.0012309,0.0016733,0.00028232
660.95,0.0001105,0.001144,0.0010327,5.57E-05,0.0011973,0.0016803,0.00028343
661.18,0.00010474,0.0011517,0.00097297,6.01E-05,0.0011637,0.0016872,0.00029511
661.41,9.61E-05,0.0011485,0.00092122,6.85E-05,0.0011293,0.001693,0.00029167
661.65,9.47E-05,0.0011509,0.00087256,6.84E-05,0.0010573,0.0016494,0.00029426
661.88,9.76E-05,0.0011526,0.00082314,6.69E-05,0.00098532,0.0016059,0.00029894
662.11,9.47E-05,0.0011557,0.0007799,6.53E-05,0.00091333,0.0015623,0.00029549
662.34,9.84E-05,0.0011442,0.00073738,5.40E-05,0.0009073,0.0015411,0.0002911
662.57,9.67E-05,0.0011303,0.00070839,5.96E-05,0.00092726,0.0015287,0.00028944
662.8,9.56E-05,0.0011175,0.00067918,6.47E-05,0.00094723,0.0015163,0.00027558
663.04,9.55E-05,0.0010916,0.00064726,5.88E-05,0.00095961,0.0014912,0.00027064
663.27,0.00010195,0.0010683,0.00062338,6.15E-05,0.00096112,0.001448,0.00026835
663.5,0.00010744,0.0010439,0.00060257,6.88E-05,0.00096263,0.0014047,0.00025303
663.73,0.00011221,0.0010198,0.00057949,7.20E-05,0.00095972,0.0013622,0.00025063
663.96,0.00011457,0.00099889,0.00055819,7.72E-05,0.00091919,0.0013262,0.00024316
664.19,0.00011385,0.00097343,0.00053894,8.82E-05,0.00087865,0.0012902,0.00023752
664.43,0.00011381,0.00094571,0.00052475,9.92E-05,0.0008381,0.0012542,0.00023332
664.66,0.00011211,0.00092007,0.00051159,0.0001098,0.00080312,0.0012397,0.00022743
664.89,0.00011373,0.000912,0.00049079,0.00011137,0.00076954,0.0012307,0.00022407
665.12,0.00011895,0.00088969,0.0004665,0.00011004,0.00073595,0.0012216,0.00022815
665.35,0.00012054,0.00087358,0.00045334,0.00012475,0.00072004,0.001204,0.00021873
665.58,0.00012298,0.00085211,0.00043675,0.00013106,0.00072216,0.0011776,0.00021332
665.82,0.0001255,0.00082153,0.00041766,0.00013908,0.00072427,0.0011513,0.00021563
666.05,0.00012966,0.0008046,0.00039956,0.00014262,0.00071745,0.0011252,0.00021498
666.28,0.00013208,0.00077854,0.0003843,0.00014899,0.00067265,0.0011001,0.00021082
666.51,0.00013261,0.00075479,0.0003697,0.0001533,0.00062786,0.001075,0.00020417
666.74,0.00013785,0.00073443,0.00035595,0.00016015,0.00058306,0.0010498,0.00019922
666.98,0.00014081,0.00071211,0.00033761,0.00017752,0.00059571,0.0010231,0.00019316
667.21,0.0001418,0.00068912,0.00032037,0.00018892,0.00061569,0.00099616,0.00019021
667.44,0.0001465,0.00064675,0.00031457,0.00019867,0.00063567,0.00096922,0.00017579
667.67,0.00014752,0.00062055,0.00030751,0.00021179,0.00062773,0.00094899,0.00017232
667.9,0.00014279,0.00059494,0.0002976,0.00022592,0.00059988,0.00093355,0.00016381
668.14,0.0001419,0.0005814,0.00028432,0.00023775,0.00057203,0.00091811,0.00016197
668.37,0.00013716,0.00056133,0.00028088,0.00025144,0.00054442,0.00089493,0.0001505
668.6,0.00013847,0.00053656,0.00026845,0.0002536,0.00051747,0.00085192,0.00014856
668.83,0.00013294,0.00051458,0.00026331,0.00025955,0.00049052,0.00080892,0.00014139
669.06,0.00013062,0.00049375,0.00025177,0.00025521,0.00046357,0.00076592,0.00013621
669.29,0.00012595,0.00047163,0.00024523,0.00025165,0.00047929,0.00075048,0.00013393
669.53,0.00012366,0.0004431,0.00024143,0.00024975,0.00049595,0.00073564,0.00011488
669.76,0.00011008,0.00043936,0.00022985,0.00025111,0.00051261,0.0007208,0.00013138
669.99,0.00010116,0.00041775,0.00021658,0.00023698,0.00051799,0.00069509,0.00012914
670.22,9.88E-05,0.00039922,0.00020797,0.00022462,0.00051799,0.0006642,0.00012556
670.46,8.89E-05,0.00037446,0.0002043,0.00021327,0.00051799,0.0006333,0.00011964
670.69,8.48E-05,0.00034764,0.00019535,0.00019976,0.00050855,0.0006082,0.00012943
670.92,7.43E-05,0.0003311,0.00018884,0.00018448,0.00048341,0.00059275,0.00012548
671.15,7.26E-05,0.00032142,0.0001767,0.00016636,0.00045826,0.0005773,0.00012953
671.38,6.22E-05,0.00029844,0.0001677,0.00015759,0.00043463,0.00056169,0.00012811
671.62,5.90E-05,0.00028579,0.00016043,0.00014353,0.00042978,0.00054411,0.0001284
671.85,5.43E-05,0.00026194,0.0001522,0.00012243,0.00042494,0.00052654,0.00014686
672.08,5.44E-05,0.00024594,0.00014914,0.00010814,0.00042009,0.00050897,0.00013685
672.31,5.27E-05,0.000232,0.00014482,9.54E-05,0.00042767,0.00049562,0.00013692
672.54,4.81E-05,0.00021394,0.00013805,7.85E-05,0.00043889,0.00048349,0.00013606
672.78,4.66E-05,0.00020043,0.00013095,6.82E-05,0.0004501,0.00047137,0.00013633
673.01,4.49E-05,0.00018757,0.00012126,5.85E-05,0.0004455,0.00045997,0.00012368
673.24,4.15E-05,0.00017806,0.00011599,5.94E-05,0.00042337,0.00044936,0.0001242
673.47,3.83E-05,0.00016238,0.00011599,5.93E-05,0.00040125,0.00043875,0.0001179
673.7,4.11E-05,0.00015558,0.00011229,5.24E-05,0.00038931,0.00043064,0.00011774
673.94,3.87E-05,0.00014422,0.00010879,4.60E-05,0.00042538,0.00043427,0.00011558
674.17,3.55E-05,0.00015447,0.00010731,5.08E-05,0.00046145,0.00043791,0.00010917
674.4,3.05E-05,0.00015385,0.00010384,4.50E-05,0.00049753,0.00044155,0.00010665
674.63,2.79E-05,0.00014601,0.00010123,4.27E-05,0.00048685,0.00045236,0.00010567
674.87,2.43E-05,0.00013899,9.99E-05,4.21E-05,0.00046957,0.00046418,0.0001076
675.1,2.80E-05,0.00013602,9.23E-05,3.26E-05,0.00045229,0.00047601,0.0001117
675.33,2.45E-05,0.00013199,9.36E-05,2.68E-05,0.00044885,0.00047364,0.00011339
675.56,2.44E-05,0.00012446,9.62E-05,2.29E-05,0.00045552,0.00046091,0.00010886
675.79,2.18E-05,0.00011684,9.63E-05,1.98E-05,0.00046219,0.00044817,0.00010788
676.03,1.83E-05,0.00010991,9.62E-05,2.23E-05,0.0004613,0.00043747,0.0001073
676.26,2.18E-05,0.00010935,9.89E-05,2.33E-05,0.00044099,0.00043201,0.00011072
676.49,2.42E-05,9.51E-05,0.00010125,1.88E-05,0.00042067,0.00042655,0.00010696
676.72,2.60E-05,8.72E-05,0.00010268,2.05E-05,0.00040035,0.0004211,0.00010846
676.96,2.35E-05,8.85E-05,0.00010908,2.67E-05,0.00038182,0.00040372,0.00010387
677.19,2.84E-05,8.92E-05,0.00011278,3.12E-05,0.00036332,0.00038612,0.00010274
677.42,2.38E-05,8.92E-05,0.00012498,4.70E-05,0.00034481,0.00036853,9.67E-05
677.65,2.31E-05,8.46E-05,0.00013317,5.59E-05,0.00036583,0.00035822,9.44E-05
677.89,3.07E-05,8.60E-05,0.00013492,5.59E-05,0.00040496,0.00035124,9.77E-05
678.12,3.10E-05,8.36E-05,0.00014834,7.21E-05,0.00044409,0.00034426,9.70E-05
678.35,3.17E-05,8.98E-05,0.00016093,8.89E-05,0.00045158,0.00034,9.51E-05
678.58,2.93E-05,8.18E-05,0.00017069,0.00010628,0.00040941,0.00034,9.47E-05
678.82,2.91E-05,8.07E-05,0.00017984,0.00012511,0.00036724,0.00034,9.31E-05
679.05,3.25E-05,8.13E-05,0.00018591,0.0001354,0.00033106,0.00033771,9.28E-05
679.28,3.76E-05,7.97E-05,0.00019258,0.00016,0.00035321,0.00031313,9.72E-05
679.51,3.58E-05,7.09E-05,0.00019871,0.00018151,0.00037536,0.00028855,9.65E-05
679.74,3.79E-05,5.84E-05,0.00020095,0.00019653,0.00039751,0.00026397,9.48E-05
679.98,3.84E-05,6.25E-05,0.00020148,0.00021196,0.00040998,0.00026312,9.60E-05
680.21,3.29E-05,5.99E-05,0.00020182,0.00023506,0.00042,0.00026828,9.28E-05
680.44,3.53E-05,5.65E-05,0.0001923,0.00023375,0.00043002,0.00027344,9.40E-05
680.67,3.46E-05,4.89E-05,0.00018861,0.00023325,0.00043698,0.00028943,9.28E-05
680.91,3.81E-05,5.03E-05,0.00017976,0.00022967,0.00044092,0.00031614,8.87E-05
681.14,4.31E-05,4.94E-05,0.00016906,0.00022889,0.00044487,0.00034286,9.15E-05
681.37,4.09E-05,4.72E-05,0.0001624,0.00023154,0.00045078,0.00036071,9.05E-05
681.6,4.20E-05,4.27E-05,0.00015393,0.00021473,0.00046413,0.00034493,8.69E-05
681.84,4.43E-05,4.88E-05,0.00014516,0.00019813,0.00047749,0.00032914,8.80E-05
682.07,4.90E-05,5.78E-05,0.00013925,0.00018372,0.00049085,0.00031335,9.21E-05
682.3,5.75E-05,5.74E-05,0.00013572,0.00017308,0.00049283,0.00031172,9.19E-05
682.54,5.93E-05,5.49E-05,0.0001265,0.00014983,0.00049374,0.00031142,9.71E-05
682.77,6.44E-05,5.74E-05,0.00012375,0.00013733,0.00049465,0.00031112,9.63E-05
683,7.17E-05,6.04E-05,0.00011774,0.00012552,0.00050027,0.00030911,9.86E-05
683.23,6.93E-05,5.51E-05,0.00013317,0.00010733,0.00050877,0.00030608,9.70E-05
683.47,6.73E-05,5.55E-05,0.00013395,9.03E-05,0.00051728,0.00030304,9.59E-05
683.7,6.92E-05,5.19E-05,0.00013658,8.02E-05,0.00052767,0.00029931,9.26E-05
683.93,6.80E-05,5.41E-05,0.00013542,7.25E-05,0.00054195,0.00029414,9.15E-05
684.16,7.00E-05,3.17E-05,0.00013467,6.56E-05,0.00055622,0.00028898,9.98E-05
684.4,7.35E-05,2.15E-05,0.0001319,5.95E-05,0.00056989,0.00028424,0.00010055
684.63,7.45E-05,1.97E-05,0.00012854,4.93E-05,0.00056716,0.00029092,9.85E-05
684.86,8.25E-05,1.29E-05,0.00013526,4.93E-05,0.00056443,0.0002976,9.22E-05
685.09,8.37E-05,1.89E-05,0.00013204,4.27E-05,0.00056169,0.00030428,9.27E-05
685.33,8.87E-05,1.91E-05,0.00013061,3.22E-05,0.00056257,0.00030126,8.93E-05
685.56,9.89E-05,2.70E-05,0.00011417,3.46E-05,0.0005647,0.00029488,9.04E-05
685.79,0.00011148,3.10E-05,0.00010644,2.70E-05,0.00056683,0.0002885,9.28E-05
686.03,0.00012312,3.58E-05,9.87E-05,2.00E-05,0.00056621,0.00028884,9.38E-05
686.26,0.00014547,3.17E-05,8.57E-05,5.95E-06,0.00056226,0.00029735,9.89E-05
686.49,0.00016324,4.91E-05,8.05E-05,-6.46E-06,0.00055831,0.00030586,8.92E-05
686.72,0.00018736,5.39E-05,7.72E-05,-1.39E-05,0.00055782,0.00030934,8.65E-05
686.96,0.00022341,5.36E-05,7.49E-05,-1.22E-05,0.00057545,0.00028655,8.84E-05
687.19,0.0002718,6.08E-05,6.48E-05,-1.61E-05,0.00059307,0.00026376,9.05E-05
687.42,0.00034174,6.16E-05,6.35E-05,-1.52E-05,0.0006107,0.00024096,9.14E-05
687.65,0.00043352,7.19E-05,6.02E-05,-1.00E-05,0.00064604,0.00024514,9.55E-05
687.89,0.00054951,7.76E-05,5.16E-05,-1.15E-05,0.00068403,0.00025334,9.43E-05
688.12,0.000703,8.65E-05,5.13E-05,-5.96E-06,0.00072203,0.00026155,9.01E-05
688.35,0.00090495,9.38E-05,4.89E-05,-5.75E-06,0.00075667,0.00026095,8.44E-05
688.59,0.0011358,0.00010811,5.35E-05,1.97E-06,0.00078889,0.00025396,8.21E-05
688.82,0.0014016,0.00013095,5.28E-05,1.69E-05,0.00082112,0.00024696,8.54E-05
689.05,0.001686,0.00015012,4.79E-05,1.30E-05,0.00084072,0.00024235,8.81E-05
689.28,0.0019772,0.00016384,4.08E-05,8.44E-06,0.00082948,0.00024357,8.92E-05
689.52,0.0022532,0.00018487,4.55E-05,1.15E-05,0.00081823,0.00024479,9.18E-05
689.75,0.002504,0.00020105,4.02E-05,1.13E-05,0.00080701,0.000246,9.43E-05
689.98,0.0027081,0.00021185,3.80E-05,8.84E-06,0.00083042,0.00024509,9.31E-05
690.22,0.0028667,0.0002257,4.13E-05,1.01E-05,0.00085384,0.00024417,9.46E-05
690.45,0.0029573,0.00024205,4.08E-05,1.15E-05,0.00087725,0.00024326,9.67E-05
690.68,0.0029642,0.00026002,4.33E-05,1.18E-05,0.00089113,0.00025968,0.00010364
690.91,0.002893,0.00027671,4.03E-05,1.35E-05,0.00090117,0.00028309,0.00010719
691.15,0.0027342,0.0002771,3.63E-05,1.01E-05,0.00091121,0.00030651,0.00011047
691.38,0.0025343,0.00029196,3.65E-05,1.65E-05,0.00094549,0.00031407,0.00011004
691.61,0.0023107,0.00030894,3.75E-05,1.55E-05,0.0010127,0.00030008,0.0001125
691.85,0.0020872,0.00031308,2.83E-05,5.76E-06,0.0010799,0.00028609,0.00011371
692.08,0.0018723,0.00032378,2.90E-05,7.32E-06,0.0011333,0.00027541,0.00011054
692.31,0.0016976,0.00033503,2.77E-05,4.59E-06,0.0010989,0.00028575,0.00012904
692.55,0.001562,0.00034854,2.34E-05,6.04E-06,0.0010646,0.00029609,0.00012939
692.78,0.0014761,0.00035452,2.15E-05,5.98E-06,0.0010302,0.00030644,0.0001191
693.01,0.0014506,0.0003575,1.82E-05,6.11E-07,0.0010774,0.0003049,0.00011014
693.24,0.0014914,0.00036245,1.47E-05,-3.53E-07,0.0011392,0.00030125,0.0001092
693.48,0.0016247,0.00037882,1.87E-05,4.71E-07,0.0012009,0.0002976,0.00010538
693.71,0.0017929,0.0003859,2.00E-05,-7.99E-07,0.0012483,0.00030199,0.00011102
693.94,0.0020036,0.00038448,1.99E-05,1.53E-06,0.0012845,0.00031264,0.00010922
694.18,0.0022336,0.00038151,2.44E-05,1.25E-05,0.0013208,0.00032329,0.00010718
694.41,0.002475,0.0003835,2.35E-05,1.36E-05,0.00136,0.00032622,0.00011581
694.64,0.0027191,0.00036973,2.09E-05,1.29E-05,0.0014072,0.00030887,0.00010082
694.88,0.0029506,0.00036174,2.39E-05,1.42E-05,0.0014543,0.00029152,0.00010462
695.11,0.003174,0.00034446,1.68E-05,3.04E-06,0.0015015,0.00027418,0.00011871
695.34,0.0033754,0.00032703,1.50E-05,6.73E-06,0.001558,0.00026315,0.00013131
695.58,0.0035435,0.00030634,1.73E-05,1.20E-06,0.0016146,0.0002522,0.00012986
695.81,0.0036757,0.00028935,1.35E-05,3.05E-06,0.0016712,0.00024124,0.00012991
696.04,0.0037857,0.00026685,1.75E-05,6.87E-06,0.0016652,0.00024529,0.00015858
696.28,0.0038348,0.00027106,1.52E-05,9.33E-06,0.001633,0.00025564,0.00016522
696.51,0.0038485,0.00028094,1.50E-05,3.70E-07,0.0016007,0.00026599,0.00016507
696.74,0.0038096,0.00029425,8.56E-06,-3.73E-06,0.0016034,0.00027468,0.00016297
696.98,0.0037111,0.00031612,1.16E-05,-9.67E-07,0.0016546,0.00028108,0.00016038
697.21,0.0035669,0.00035418,6.95E-06,-9.30E-06,0.0017057,0.00028747,0.00015811
697.44,0.0033738,0.00041452,1.25E-05,3.70E-07,0.001752,0.00029107,0.00015533
697.67,0.0031528,0.00048742,1.55E-05,3.17E-06,0.0017669,0.00027676,0.00015304
697.91,0.0029324,0.00056355,1.53E-05,7.22E-06,0.0017818,0.00026244,0.00015348
698.14,0.0026971,0.00063186,1.73E-05,6.30E-06,0.0017968,0.00024813,0.00015202
698.37,0.0024598,0.00070225,9.82E-06,3.52E-07,0.0018205,0.00024341,0.00012249
698.61,0.0022335,0.00075257,1.04E-05,-5.88E-06,0.0018458,0.00024036,0.00011366
698.84,0.0020225,0.00080569,8.09E-06,-5.04E-07,0.001871,0.00023732,0.00011579
699.07,0.0018453,0.00084197,9.64E-06,-2.12E-06,0.0018991,0.00024188,0.00011721
699.31,0.0016974,0.00087013,6.89E-06,-5.98E-06,0.0019292,0.00025223,0.00011692
699.54,0.0015812,0.00087035,1.02E-05,3.69E-06,0.0019594,0.00026259,0.00011715
699.77,0.0014827,0.00084536,8.13E-06,-2.10E-06,0.0019788,0.00026662,0.00011696
700.01,0.0013963,0.00080912,3.86E-06,-6.21E-06,0.0019712,0.00025474,0.00011562
700.24,0.0013042,0.00076,6.54E-06,-4.81E-06,0.0019636,0.00024286,0.00011227
700.47,0.0012122,0.00071662,-2.32E-06,-1.41E-05,0.0019559,0.00023105,0.00011817
700.71,0.001116,0.00066074,-8.29E-06,-1.99E-05,0.0019389,0.0002542,0.00011656
700.94,0.0010244,0.00060696,-6.35E-06,-1.71E-05,0.0019218,0.00027736,0.00011751
701.17,0.00092619,0.00055067,-5.65E-06,-1.69E-05,0.0019048,0.00030051,0.0001138
701.41,0.00083044,0.00049416,-8.24E-06,-2.15E-05,0.0019414,0.00029581,0.00010666
701.64,0.00073919,0.00045107,-5.77E-06,-1.46E-05,0.001999,0.00028027,0.00010635
701.87,0.00064985,0.00040894,-8.26E-06,-2.10E-05,0.0020566,0.00026473,0.0001022
702.11,0.00057728,0.0003792,-7.15E-06,-1.46E-05,0.0020835,0.00025173,0.00010001
702.34,0.00051375,0.00034277,-4.32E-06,-1.22E-05,0.002071,0.00024197,9.65E-05
702.58,0.00046069,0.00031686,-7.09E-06,-1.70E-05,0.0020585,0.00023222,9.96E-05
702.81,0.00041553,0.00028408,3.20E-06,-7.18E-06,0.0020446,0.00022448,9.09E-05
703.04,0.00037609,0.00025814,6.00E-06,1.25E-06,0.0020229,0.00022753,8.86E-05
703.28,0.00034251,0.00023729,6.57E-06,5.58E-06,0.0020013,0.00023057,8.49E-05
703.51,0.00031792,0.0002122,9.83E-06,5.59E-06,0.0019796,0.00023362,7.33E-05
703.74,0.00029526,0.00018802,1.68E-05,1.07E-05,0.0019893,0.0002356,7.26E-05
703.98,0.00027204,0.00015879,1.55E-05,1.03E-05,0.0020033,0.00023743,6.97E-05
704.21,0.00026057,0.0001409,1.64E-05,1.09E-05,0.0020173,0.00023926,7.15E-05
704.44,0.00024794,0.0001223,1.82E-05,6.78E-06,0.0020261,0.00023546,7.41E-05
704.68,0.00024259,0.00010894,1.53E-05,3.99E-06,0.0020312,0.00022783,7.66E-05
704.91,0.00023073,9.47E-05,1.65E-05,3.11E-06,0.0020364,0.00022021,7.22E-05
705.14,0.00022886,8.58E-05,1.23E-05,-1.61E-07,0.0020414,0.00021288,7.44E-05
705.38,0.00022511,8.01E-05,1.69E-05,-2.62E-06,0.002046,0.00020617,7.35E-05
705.61,0.00022198,6.96E-05,1.59E-05,-6.46E-06,0.0020506,0.00019946,7.42E-05
705.84,0.00021608,6.40E-05,1.14E-05,-1.51E-05,0.0020537,0.00019239,8.35E-05
706.08,0.00020793,6.16E-05,9.38E-06,-1.53E-05,0.0020192,0.00017592,8.61E-05
706.31,0.00020294,5.46E-05,1.03E-05,-2.20E-05,0.0019848,0.00015946,8.49E-05
706.55,0.00019327,4.63E-05,1.32E-05,-1.65E-05,0.0019503,0.00014299,8.26E-05
706.78,0.00018462,3.89E-05,1.26E-05,-1.35E-05,0.0019327,0.00015588,8.20E-05
707.01,0.00017504,4.69E-05,1.25E-05,-1.23E-05,0.0019205,0.00017815,8.34E-05
707.25,0.0001753,4.37E-05,1.11E-05,-8.45E-06,0.0019083,0.00020041,8.58E-05
707.48,0.00016494,3.66E-05,1.41E-05,-1.05E-05,0.0018761,0.000206,8.34E-05
707.71,0.00015838,3.52E-05,1.46E-05,-5.89E-06,0.0018221,0.00019349,8.29E-05
707.95,0.00015128,3.74E-05,1.15E-05,-7.66E-06,0.0017681,0.00018099,8.32E-05
708.18,0.00014022,3.71E-05,1.70E-05,6.09E-06,0.001722,0.00017395,7.11E-05
708.41,0.00013604,4.21E-05,1.48E-05,5.62E-06,0.001707,0.0001886,6.79E-05
708.65,0.00012978,5.09E-05,1.13E-05,5.12E-06,0.0016921,0.00020324,6.90E-05
708.88,0.00012529,5.20E-05,3.60E-06,2.56E-06,0.0016771,0.00021789,7.17E-05
709.12,0.00012202,5.85E-05,1.74E-06,8.85E-07,0.0016156,0.00020885,6.85E-05
709.35,0.00011646,4.75E-05,2.48E-06,4.06E-06,0.0015503,0.00019786,6.31E-05
709.58,0.00010601,5.01E-05,2.56E-07,1.76E-06,0.001485,0.00018688,6.67E-05
709.82,0.00010074,5.20E-05,-3.28E-06,3.18E-06,0.0014653,0.00018636,7.51E-05
710.05,9.35E-05,4.86E-05,-7.66E-06,1.95E-07,0.0014705,0.00019154,7.34E-05
710.28,9.00E-05,5.39E-05,-1.13E-05,-3.59E-06,0.0014757,0.00019673,7.73E-05
710.52,9.09E-05,5.20E-05,-1.79E-05,-1.42E-05,0.0014685,0.00020079,8.86E-05
710.75,9.14E-05,4.90E-05,-1.51E-05,-1.63E-05,0.0014401,0.00020293,8.75E-05
710.99,9.09E-05,4.30E-05,-1.61E-05,-2.10E-05,0.0014117,0.00020507,8.75E-05
711.22,8.87E-05,4.52E-05,-2.02E-05,-3.14E-05,0.0013808,0.00020567,8.89E-05
711.45,8.64E-05,4.38E-05,-1.96E-05,-2.95E-05,0.0013258,0.00019163,9.02E-05
711.69,7.92E-05,4.98E-05,-1.76E-05,-3.06E-05,0.0012709,0.00017759,9.16E-05
711.92,7.65E-05,4.65E-05,-1.62E-05,-3.38E-05,0.0012159,0.00016354,8.68E-05
712.16,7.33E-05,4.92E-05,-1.67E-05,-3.52E-05,0.0012207,0.0001595,7.88E-05
712.39,7.19E-05,5.37E-05,-2.09E-05,-4.50E-05,0.0012387,0.00015767,8.25E-05
712.62,6.47E-05,4.85E-05,-1.51E-05,-3.74E-05,0.0012568,0.00015584,7.57E-05
712.86,5.97E-05,4.99E-05,-1.08E-05,-3.33E-05,0.0012499,0.00015152,7.53E-05
713.09,5.25E-05,4.64E-05,-1.59E-05,-3.24E-05,0.0012221,0.0001451,7.62E-05
713.32,4.89E-05,4.96E-05,-1.21E-05,-2.68E-05,0.0011943,0.00013869,7.49E-05
713.56,4.44E-05,5.38E-05,-3.87E-06,-1.58E-05,0.0011695,0.00013228,7.33E-05
713.79,3.88E-05,5.53E-05,-3.68E-06,-1.70E-05,0.0011527,0.00012586,7.44E-05
714.03,3.55E-05,4.89E-05,-4.69E-06,-1.28E-05,0.0011359,0.00011945,7.25E-05
714.26,3.59E-05,5.37E-05,-9.23E-06,-9.03E-06,0.0011191,0.00011304,7.58E-05
714.49,3.74E-05,4.46E-05,-9.95E-06,-5.06E-06,0.0010758,0.00012728,7.41E-05
714.73,3.31E-05,4.14E-05,-5.25E-06,-2.24E-06,0.0010325,0.00014163,6.85E-05
714.96,3.32E-05,3.70E-05,-2.76E-06,-4.68E-06,0.0009891,0.00015599,6.85E-05
715.2,3.20E-05,3.46E-05,-2.13E-06,-1.94E-06,0.0009433,0.00015868,6.78E-05
715.43,3.02E-05,3.24E-05,5.19E-06,4.13E-06,0.00089657,0.00015685,6.48E-05
715.66,2.54E-05,2.55E-05,1.91E-06,3.34E-06,0.00084982,0.00015501,6.44E-05
715.9,2.18E-05,2.64E-05,-5.96E-07,3.21E-06,0.00081155,0.00015755,6.33E-05
716.13,2.42E-05,2.51E-05,2.57E-07,4.12E-06,0.00078375,0.0001655,6.19E-05
716.37,2.19E-05,2.55E-05,1.29E-06,-2.11E-06,0.00075595,0.00017344,6.08E-05
716.6,1.80E-05,1.99E-05,9.11E-06,-1.11E-07,0.00073198,0.00017851,5.41E-05
716.83,1.68E-05,2.86E-05,1.18E-05,-2.01E-06,0.00072617,0.00016995,5.44E-05
717.07,1.68E-05,2.75E-05,1.37E-05,-2.13E-06,0.00072037,0.0001614,5.44E-05
717.3,1.21E-05,2.22E-05,1.15E-05,-1.86E-06,0.00071456,0.00015284,5.30E-05
717.54,1.11E-05,2.32E-05,1.19E-05,-4.19E-06,0.00071647,0.00014594,5.67E-05
717.77,1.15E-05,2.70E-05,8.73E-06,-2.26E-06,0.00071922,0.00013921,5.54E-05
718.01,1.34E-05,2.95E-05,4.78E-06,-3.37E-06,0.00072197,0.00013249,5.11E-05
718.24,1.52E-05,2.65E-05,4.67E-06,-9.48E-06,0.00070162,0.00013346,5.04E-05
718.47,9.43E-06,2.23E-05,4.88E-06,-1.09E-05,0.0006677,0.00013897,4.54E-05
718.71,1.60E-05,2.49E-05,1.22E-06,-1.35E-05,0.00063377,0.00014447,5.16E-05
718.94,1.45E-05,2.69E-05,4.41E-08,-1.20E-05,0.00059688,0.00014964,5.49E-05
719.18,8.57E-06,2.70E-05,1.80E-06,-1.35E-05,0.0005547,0.00015423,5.36E-05
719.41,7.52E-06,2.99E-05,-1.84E-06,-1.30E-05,0.00051251,0.00015881,5.39E-05
719.64,1.02E-05,3.62E-05,-7.92E-06,-2.08E-05,0.00047559,0.00016271,6.32E-05
719.88,7.79E-06,3.31E-05,-8.54E-06,-2.04E-05,0.00049394,0.00015934,5.95E-05
720.11,1.11E-05,2.81E-05,-1.08E-05,-2.63E-05,0.00051228,0.00015598,6.30E-05
720.35,1.48E-05,2.97E-05,-7.79E-06,-2.41E-05,0.00053062,0.00015262,5.93E-05
720.58,1.66E-05,2.14E-05,-6.59E-06,-2.71E-05,0.000527,0.0001485,5.82E-05
720.82,1.68E-05,2.63E-05,-1.09E-05,-3.24E-05,0.00051844,0.00014422,6.67E-05
721.05,1.66E-05,2.42E-05,-6.40E-06,-2.26E-05,0.00050988,0.00013994,6.30E-05
721.28,1.74E-05,2.42E-05,-1.17E-05,-3.22E-05,0.00048428,0.00013466,6.45E-05
721.52,2.08E-05,1.33E-05,-1.35E-05,-2.65E-05,0.00044453,0.00012854,6.63E-05
721.75,2.07E-05,1.53E-05,-4.54E-06,-1.51E-05,0.00040477,0.00012243,6.81E-05
721.99,1.83E-05,1.10E-05,1.54E-06,-6.30E-06,0.00038326,0.00012442,6.14E-05
722.22,2.07E-05,1.28E-05,1.71E-07,-1.30E-05,0.00040956,0.00014767,6.36E-05
722.46,1.72E-05,1.52E-05,3.01E-06,-1.17E-05,0.00043587,0.00017091,6.64E-05
722.69,1.31E-05,1.47E-05,5.69E-06,-1.01E-05,0.00046198,0.00019388,7.70E-05
722.92,1.12E-05,1.43E-05,7.13E-06,-5.78E-07,0.00046045,0.00017706,7.96E-05
723.16,9.87E-06,1.06E-05,1.23E-05,9.83E-06,0.00045892,0.00016023,7.51E-05
723.39,6.59E-06,1.26E-05,9.61E-06,4.77E-06,0.00045739,0.00014341,8.09E-05
723.63,1.03E-05,4.79E-06,1.26E-05,1.20E-05,0.00045293,0.00014306,7.65E-05
723.86,8.00E-06,9.44E-06,8.73E-06,1.78E-06,0.00044742,0.00014857,7.82E-05
724.1,5.88E-06,4.67E-06,2.96E-06,-1.12E-05,0.00044191,0.00015408,7.46E-05
724.33,9.38E-06,1.30E-05,2.44E-06,-1.18E-05,0.00044,0.000157,7.64E-05
724.56,1.06E-05,2.12E-05,2.82E-06,-5.00E-06,0.00044214,0.000157,7.71E-05
724.8,1.16E-05,2.64E-05,2.63E-06,-7.16E-06,0.00044428,0.000157,7.64E-05
725.03,9.46E-06,2.12E-05,-1.59E-06,-1.80E-05,0.00044377,0.00015638,7.74E-05
725.27,1.26E-05,2.74E-05,-9.33E-06,-3.42E-05,0.00043275,0.00015332,8.04E-05
725.5,1.30E-05,2.19E-05,-9.07E-06,-3.95E-05,0.00042174,0.00015026,7.77E-05
725.74,1.28E-05,2.09E-05,-1.28E-05,-4.09E-05,0.00041072,0.0001472,7.60E-05
725.97,8.32E-06,2.52E-05,-8.02E-06,-3.63E-05,0.00039427,0.00016101,6.55E-05
726.21,1.21E-05,3.12E-05,-1.14E-05,-4.06E-05,0.00037744,0.00017601,6.96E-05
726.44,1.19E-05,3.09E-05,-1.02E-05,-3.41E-05,0.0003606,0.00019101,7.53E-05
726.67,1.07E-05,2.49E-05,-1.09E-05,-3.78E-05,0.00034132,0.00018661,7.47E-05
726.91,8.54E-06,1.65E-05,-1.52E-05,-4.20E-05,0.00032081,0.00017253,7.62E-05
727.14,7.54E-06,7.38E-06,-1.68E-05,-4.33E-05,0.0003003,0.00015845,7.71E-05
727.38,1.39E-05,1.55E-05,-1.73E-05,-3.67E-05,0.00027979,0.0001462,8.19E-05
727.61,1.15E-05,1.47E-05,-1.30E-05,-2.53E-05,0.00025927,0.00013671,7.98E-05
727.85,1.24E-05,1.55E-05,-1.22E-05,-2.06E-05,0.00023876,0.00012722,8.31E-05
728.08,1.28E-05,1.36E-05,-1.34E-05,-2.02E-05,0.00022522,0.00011953,8.38E-05
728.32,1.22E-05,1.44E-05,-1.29E-05,-2.59E-05,0.00025676,0.00012351,0.00012776
728.55,1.09E-05,1.02E-05,-3.92E-06,-1.69E-05,0.0002883,0.00012749,0.00011437
728.79,1.22E-05,1.33E-05,-1.36E-06,-1.33E-05,0.00031984,0.00013148,0.00011607
729.02,1.33E-05,1.11E-05,2.43E-06,-6.56E-06,0.00030246,0.00013227,0.00011542
729.25,1.23E-05,8.13E-06,7.57E-06,7.73E-06,0.00027765,0.00013257,0.00011454
729.49,1.01E-05,2.18E-05,1.44E-05,2.21E-05,0.00025285,0.00013288,0.00011647
729.72,5.12E-06,2.04E-05,2.28E-05,3.43E-05,0.00027587,0.00014242,0.0001137
729.96,3.24E-06,2.02E-05,2.19E-05,3.03E-05,0.00033038,0.00015804,0.00011319
730.19,4.04E-06,2.55E-05,1.85E-05,2.61E-05,0.0003849,0.00017366,0.00011332
730.43,1.93E-06,2.96E-05,2.10E-05,2.45E-05,0.00040536,0.00018555,0.00011542
730.66,1.37E-06,3.64E-05,6.39E-06,1.75E-05,0.0003591,0.00019015,9.20E-05
730.9,-4.02E-06,4.00E-05,2.32E-06,2.02E-05,0.00031285,0.00019474,0.00010491
731.13,-5.40E-06,3.76E-05,1.32E-06,1.37E-05,0.00026941,0.00019796,0.00010131
731.37,-4.89E-06,3.98E-05,-1.55E-06,7.64E-06,0.00026144,0.00018387,0.0001011
731.6,-4.39E-06,4.23E-05,-3.63E-06,-2.63E-06,0.00025348,0.00016978,8.93E-05
731.84,-5.53E-06,3.41E-05,-6.53E-06,-1.09E-05,0.00024551,0.00015568,8.69E-05
732.07,-4.55E-06,3.74E-05,-1.45E-05,-2.67E-05,0.00025739,0.00016491,8.75E-05
732.3,-1.23E-06,2.51E-05,-1.07E-05,-2.02E-05,0.00027393,0.00017961,8.58E-05
732.54,-1.50E-06,2.67E-05,-1.26E-05,-2.78E-05,0.00029048,0.00019432,8.99E-05
732.77,-3.46E-06,2.05E-05,-1.03E-05,-2.97E-05,0.00028294,0.00020451,8.51E-05
733.01,3.24E-07,1.07E-05,1.20E-06,-2.21E-05,0.00025536,0.00021095,7.88E-05
733.24,1.94E-06,1.02E-05,3.71E-06,-2.76E-05,0.00022778,0.00021738,7.70E-05
733.48,5.20E-06,1.20E-05,1.00E-06,-3.37E-05,0.00020947,0.00022339,8.12E-05
733.71,5.93E-06,2.27E-05,-4.66E-06,-3.27E-05,0.00021468,0.00022829,9.12E-05
733.95,8.16E-06,2.47E-05,-4.67E-06,-3.50E-05,0.00021989,0.00023319,0.00010644
734.18,1.57E-05,2.36E-05,-1.46E-05,-4.52E-05,0.00022496,0.00023814,0.00011274
734.42,1.52E-05,1.82E-05,-5.70E-06,-3.21E-05,0.00022312,0.00024519,0.00011125
734.65,1.27E-05,3.46E-05,-4.70E-06,-3.30E-05,0.00022128,0.00025224,0.00011512
734.89,1.23E-05,2.56E-05,-3.13E-06,-2.78E-05,0.00021944,0.00025929,0.00011436
735.12,1.45E-05,2.43E-05,-4.52E-06,-3.07E-05,0.00023061,0.00027285,0.00012238
735.36,1.05E-05,3.21E-05,-4.22E-06,-2.97E-05,0.00024594,0.00028848,0.00012366
735.59,1.26E-05,2.75E-05,3.78E-08,-2.21E-05,0.00026127,0.00030412,0.00012587
735.83,1.15E-05,2.50E-05,6.62E-06,-1.13E-05,0.00024558,0.00030926,0.00012476
736.06,9.37E-06,2.02E-05,1.84E-05,-4.76E-06,0.00019836,0.00030374,0.00011157
736.3,1.12E-05,1.93E-05,1.51E-05,-8.84E-06,0.00015114,0.00029822,0.0001183
736.53,4.57E-06,1.56E-05,2.17E-05,-6.40E-06,0.00011982,0.0002976,0.00011654
736.77,4.57E-06,-0.00013002,-2.08E-05,-4.75E-05,0.00014036,0.00031293,0.00012233
737,7.07E-06,-0.00013932,-1.67E-05,-4.74E-05,0.00016091,0.00032826,0.00012562
737.24,7.02E-06,-0.0001375,-1.57E-05,-5.28E-05,0.00018145,0.00034359,0.00013259
737.47,1.04E-05,-0.00013838,-8.59E-06,-4.59E-05,0.00016378,0.00034728,0.00013234
737.71,1.26E-05,-0.00013622,-4.86E-06,-4.90E-05,0.00014508,0.00035066,0.00014006
737.94,1.15E-05,-0.00012399,-4.86E-06,-5.41E-05,0.00012636,0.00035403,0.00014623
738.18,1.25E-05,-0.00012222,-4.18E-06,-5.45E-05,0.00014659,0.00036287,0.00015241
738.41,1.16E-05,-0.00013004,-6.26E-06,-5.73E-05,0.00018248,0.00037392,0.00016621
738.65,8.82E-06,-0.00013173,4.02E-06,-5.08E-05,0.00021836,0.00038496,0.0001645
738.88,8.58E-06,-0.00012756,1.14E-05,-4.75E-05,0.00023147,0.00039864,0.00016837
739.12,8.13E-06,1.83E-05,5.39E-05,-1.36E-05,0.00021705,0.00041551,0.00016969
739.35,6.21E-06,1.64E-05,5.34E-05,-1.71E-05,0.00020263,0.00043239,0.00017228
739.59,8.61E-06,1.73E-05,6.22E-05,-6.10E-06,0.00019385,0.00044624,0.00017277
739.82,5.73E-06,2.53E-05,5.97E-05,-4.62E-06,0.00020857,0.00044746,0.00018103
740.06,3.88E-06,2.20E-05,6.52E-05,-3.93E-06,0.0002233,0.00044869,0.00018391
740.29,4.56E-06,7.04E-06,6.90E-05,-1.61E-06,0.00023803,0.00044992,0.00018569
740.53,4.89E-06,4.10E-06,6.75E-05,-3.85E-06,0.00026135,0.00048784,0.00018998
740.76,5.68E-06,1.15E-05,6.78E-05,-1.04E-05,0.00028529,0.00052834,0.00019807
741,1.22E-06,1.03E-05,7.16E-05,-1.26E-05,0.00030922,0.00056885,0.00020381
741.23,4.54E-07,6.22E-06,7.06E-05,-1.71E-05,0.00028778,0.00060023,0.00020954
741.47,-1.06E-07,7.20E-06,7.52E-05,-1.63E-05,0.0002445,0.00062724,0.00020742
741.7,-9.30E-07,1.35E-05,7.61E-05,-1.93E-05,0.00020123,0.00065425,0.00021209
741.94,-6.14E-06,1.09E-05,7.59E-05,-3.02E-05,0.00018048,0.00067192,0.00021808
742.17,-4.61E-06,1.14E-05,8.30E-05,-3.30E-05,0.00019122,0.00067652,0.00021949
742.41,-5.68E-06,1.11E-05,8.58E-05,-2.88E-05,0.00020196,0.00068113,0.00022198
742.64,-8.79E-06,1.54E-05,9.00E-05,-2.49E-05,0.00021036,0.00068988,0.00022673
742.88,-9.09E-06,1.63E-05,9.51E-05,-3.01E-05,0.00020637,0.00072058,0.00022937
743.11,-8.67E-06,1.52E-05,0.0001013,-2.84E-05,0.00020238,0.00075127,0.00022913
743.35,-4.89E-06,9.46E-06,0.00010049,-3.11E-05,0.00019839,0.00078197,0.00022712
743.58,-2.15E-06,1.22E-05,0.00011422,-2.07E-05,0.00020076,0.00083094,0.0002282
743.82,-2.99E-06,1.71E-05,0.00012122,-1.81E-05,0.00020383,0.0008819,0.00022725
744.05,-5.37E-06,1.56E-05,0.00013516,-1.15E-05,0.00020691,0.00093288,0.00022883
744.29,-2.22E-06,1.98E-05,0.00014543,-1.96E-06,0.00018129,0.00095575,0.00022711
744.52,-1.78E-06,1.71E-05,0.00015177,-4.46E-07,0.00013983,0.00096312,0.0002237
744.76,3.02E-06,2.00E-05,0.00015374,-2.87E-06,9.84E-05,0.00097049,0.00022209
744.99,1.03E-05,2.66E-05,0.00015636,-1.58E-05,6.57E-05,0.00099417,0.00022282
745.23,9.89E-06,2.25E-05,0.00016929,-1.46E-05,4.70E-05,0.0010436,0.00021937
745.46,1.16E-05,2.27E-05,0.00017869,-1.48E-05,2.83E-05,0.0010931,0.0002068
745.7,1.25E-05,2.59E-05,0.00019624,-9.40E-06,2.08E-05,0.0011406,0.00020594
745.93,9.56E-06,2.58E-05,0.00020663,-1.01E-05,8.74E-05,0.0011753,0.00020004
746.17,1.47E-05,1.51E-05,0.00022429,-1.26E-05,0.00015405,0.00121,0.00020421
746.4,1.87E-05,1.67E-05,0.00023826,-1.67E-05,0.0002207,0.0012447,0.00019868
746.64,1.88E-05,1.25E-05,0.00025647,-1.88E-05,0.00021931,0.0012821,0.00019035
746.88,1.63E-05,1.40E-05,0.00028002,-1.52E-05,0.00020826,0.0013199,0.00018593
747.11,1.44E-05,1.35E-05,0.000305,-1.35E-05,0.0001972,0.0013577,0.00018164
747.35,7.04E-06,1.47E-05,0.00033274,-5.97E-06,0.000197,0.0013869,0.00017339
747.58,1.20E-05,2.96E-05,0.00035455,-5.75E-06,0.00020345,0.0014108,0.00017132
747.82,1.11E-05,2.57E-05,0.00038166,-2.76E-06,0.0002099,0.0014348,0.00017441
748.05,1.20E-05,2.90E-05,0.00040762,-6.66E-06,0.00021894,0.0014586,0.00016997
748.29,1.06E-05,3.21E-05,0.00043041,-5.04E-06,0.00023246,0.0014823,0.00016692
748.52,8.59E-06,3.21E-05,0.00045493,-8.98E-06,0.00024597,0.001506,0.00016011
748.76,1.01E-05,3.10E-05,0.00047766,-1.03E-05,0.00025874,0.0015275,0.00015614
748.99,1.05E-05,4.06E-05,0.00049729,-1.60E-05,0.00026551,0.0015321,0.00015647
749.23,1.35E-05,3.52E-05,0.00051664,-2.21E-05,0.00027227,0.0015367,0.00015046
749.46,1.29E-05,3.19E-05,0.00054416,-2.43E-05,0.00027903,0.0015413,0.00014517
749.7,1.74E-05,2.07E-05,0.00056707,-2.60E-05,0.00028289,0.0015599,0.00013768
749.94,1.33E-05,1.12E-05,0.00058999,-2.27E-05,0.00028627,0.0015808,0.0001305
750.17,1.74E-05,1.00E-05,0.00061153,-2.53E-05,0.00028965,0.0016017,0.00012568
750.41,1.67E-05,1.36E-05,0.00062455,-1.62E-05,0.00029118,0.0016167,0.00012181
750.64,2.26E-05,1.32E-05,0.00063484,-2.42E-05,0.00029149,0.0016277,0.00011993
750.88,2.20E-05,-3.39E-07,0.00064273,-1.95E-05,0.0002918,0.0016388,0.00011516
751.11,2.58E-05,-4.21E-06,0.00064618,-2.35E-05,0.00028253,0.0016444,0.00011404
751.35,2.68E-05,-9.20E-06,0.00065679,-1.63E-05,0.00025548,0.0016398,0.00010756
751.58,2.69E-05,-4.59E-06,0.00066449,-1.11E-05,0.00022843,0.0016352,0.00010005
751.82,2.66E-05,-4.70E-06,0.00066506,-1.10E-05,0.00020498,0.0016296,9.70E-05
752.05,2.53E-05,1.28E-06,0.00066685,-8.23E-06,0.00021513,0.0016151,9.75E-05
752.29,2.41E-05,-2.31E-06,0.00066263,-9.34E-06,0.00022527,0.0016007,9.96E-05
752.53,2.01E-05,3.40E-06,0.00065305,-7.87E-06,0.00023542,0.0015862,9.95E-05
752.76,1.96E-05,-2.60E-06,0.00064195,-1.37E-05,0.00022012,0.0015887,1.00E-04
753,1.82E-05,2.09E-06,0.00062883,-1.16E-05,0.00020013,0.0015942,9.85E-05
753.23,2.10E-05,1.71E-05,0.00060688,-1.35E-05,0.00018014,0.0015997,9.91E-05
753.47,1.88E-05,2.07E-05,0.00058564,-5.30E-06,0.00016562,0.0015852,9.73E-05
753.7,2.27E-05,2.04E-05,0.00054894,-9.92E-06,0.00015486,0.0015569,0.00010099
753.94,1.72E-05,1.98E-05,0.00051,-1.53E-05,0.00014409,0.0015286,0.00010632
754.17,2.24E-05,2.32E-05,0.00046723,-1.88E-05,0.00014109,0.0014968,0.00010918
754.41,2.39E-05,2.51E-05,0.00041873,-2.40E-05,0.00015308,0.001458,0.00010925
754.65,2.61E-05,3.09E-05,0.0003764,-2.52E-05,0.00016508,0.0014193,0.00010365
754.88,2.57E-05,1.87E-05,0.00032993,-2.99E-05,0.00017887,0.0013818,0.00010283
755.12,2.45E-05,2.35E-05,0.00029203,-2.99E-05,0.00021086,0.0013568,0.00010008
755.35,2.47E-05,1.94E-05,0.00025807,-2.32E-05,0.00024285,0.0013319,9.91E-05
755.59,2.25E-05,2.36E-05,0.00022353,-2.48E-05,0.00027485,0.001307,0.00010176
755.82,1.94E-05,2.83E-05,0.00019027,-2.67E-05,0.00025986,0.0012813,0.00010382
756.06,1.45E-05,3.04E-05,0.00016674,-2.64E-05,0.00023587,0.0012555,0.00010113
756.3,2.01E-05,2.47E-05,0.00014563,-2.35E-05,0.00021187,0.0012296,0.00010079
756.53,1.52E-05,2.14E-05,0.00012463,-2.13E-05,0.00023732,0.0011933,9.96E-05
756.77,1.14E-05,1.91E-05,0.0001078,-2.20E-05,0.00029733,0.0011496,9.68E-05
757,1.07E-05,1.19E-05,9.56E-05,-1.25E-05,0.00035732,0.0011059,9.51E-05
757.24,1.33E-05,2.42E-05,8.93E-05,-7.29E-06,0.00038865,0.0010667,8.23E-05
757.47,1.71E-05,2.35E-05,7.54E-05,-1.32E-05,0.00036404,0.0010362,8.46E-05
757.71,1.37E-05,1.97E-05,6.34E-05,-1.97E-05,0.00033941,0.0010057,8.17E-05
757.95,1.28E-05,1.76E-05,5.77E-05,-1.35E-05,0.00031551,0.00097585,8.04E-05
758.18,1.30E-05,1.09E-05,4.93E-05,-1.78E-05,0.00029889,0.00095185,7.83E-05
758.42,1.55E-05,1.33E-05,4.60E-05,-1.28E-05,0.00028227,0.00092784,8.07E-05
758.65,1.52E-05,1.68E-05,4.15E-05,-1.73E-05,0.00026565,0.00090383,8.08E-05
758.89,1.57E-05,1.16E-05,4.31E-05,-2.01E-05,0.0002886,0.00088008,7.82E-05
759.12,1.66E-05,1.14E-05,4.39E-05,-1.61E-05,0.00031907,0.00085638,8.11E-05
759.36,1.42E-05,1.61E-05,3.94E-05,-2.06E-05,0.00034955,0.00083268,6.61E-05
759.6,9.89E-06,1.25E-05,3.67E-05,-2.22E-05,0.00034524,0.00080643,8.01E-05
759.83,7.38E-06,1.35E-05,3.83E-05,-1.67E-05,0.00031691,0.00077841,7.83E-05
760.07,1.37E-05,1.58E-05,3.54E-05,-1.36E-05,0.0002886,0.0007504,7.79E-05
760.3,1.59E-05,2.52E-05,3.31E-05,-2.08E-05,0.00027158,0.00073168,8.29E-05
760.54,1.32E-05,3.20E-05,4.16E-05,-8.74E-06,0.0002762,0.00073076,8.37E-05
760.77,6.71E-06,2.64E-05,4.27E-05,-1.18E-05,0.00028082,0.00072984,8.14E-05
761.01,6.22E-06,2.97E-05,4.46E-05,-8.64E-06,0.00028105,0.00072744,8.41E-05
761.25,8.40E-06,3.32E-05,4.12E-05,-5.63E-06,0.00023979,0.00071112,8.59E-05
761.48,8.35E-06,3.32E-05,3.87E-05,-3.58E-06,0.00019853,0.0006948,8.66E-05
761.72,8.29E-06,3.67E-05,3.87E-05,-3.14E-06,0.00015726,0.00067848,0.00010756
761.95,1.20E-05,3.66E-05,3.54E-05,-4.77E-06,0.00017137,0.00065432,0.00010888
762.19,1.23E-05,3.49E-05,2.68E-05,-6.65E-06,0.00019539,0.00062876,0.00011705
762.43,9.18E-06,3.20E-05,2.68E-05,-1.05E-05,0.00021942,0.0006032,0.00012205
762.66,7.21E-06,2.86E-05,2.96E-05,-5.31E-06,0.00021863,0.00058467,0.00012221
762.9,6.68E-06,2.78E-05,2.57E-05,-1.73E-05,0.00020138,0.00057081,0.00012686
763.13,1.04E-05,3.25E-05,2.12E-05,-1.30E-05,0.00018413,0.00055695,0.00013212
763.37,9.96E-06,3.45E-05,1.80E-05,-1.20E-05,0.00017278,0.000548,0.00013667
763.61,5.26E-06,3.81E-05,1.88E-05,-1.48E-05,0.00017216,0.000548,0.00014017
763.84,6.29E-06,4.04E-05,1.66E-05,-1.99E-05,0.00017155,0.000548,0.00014572
764.08,3.35E-06,3.71E-05,1.43E-05,-2.66E-05,0.00017227,0.00054373,0.00014708
764.31,-1.44E-06,3.70E-05,1.34E-05,-2.58E-05,0.00018397,0.00050429,0.00014949
764.55,-3.41E-07,3.71E-05,1.85E-05,-2.79E-05,0.00019568,0.00046486,0.00014712
764.79,-3.87E-06,3.76E-05,2.04E-05,-2.36E-05,0.00020739,0.00042542,0.00015075
765.02,-4.67E-06,3.25E-05,1.82E-05,-2.37E-05,0.00024329,0.00041841,0.0001493
765.26,-1.67E-06,2.52E-05,1.69E-05,-1.98E-05,0.00028303,0.00041656,0.00017486
765.49,9.58E-06,8.32E-06,1.32E-05,-2.52E-05,0.00032278,0.00041471,0.0001887
765.73,6.21E-06,9.10E-07,1.40E-05,-2.36E-05,0.00032639,0.00040449,0.00018902
765.97,6.00E-06,-1.31E-06,1.40E-05,-1.95E-05,0.00030759,0.00038908,0.00019082
766.2,4.07E-06,-6.03E-06,1.53E-05,-1.69E-05,0.00028879,0.00037367,0.0001926
766.44,1.15E-05,-1.72E-06,1.42E-05,-1.35E-05,0.00027849,0.00035424,0.00019942
766.67,1.31E-05,-2.68E-06,1.66E-05,-1.23E-05,0.00028249,0.00032805,0.00020138
766.91,1.32E-05,-1.76E-06,1.18E-05,-1.16E-05,0.0002865,0.00030185,0.00020667
767.15,1.73E-05,-6.65E-07,9.67E-06,-1.59E-05,0.00028909,0.00027991,0.00021318
767.38,1.93E-05,7.70E-08,9.57E-06,-1.31E-05,0.000282,0.000287,0.0002227
767.62,1.53E-05,-1.67E-06,1.15E-05,-6.72E-06,0.00027491,0.00029409,0.00020041
767.85,4.26E-06,1.33E-05,1.65E-05,-2.13E-06,0.00026782,0.00030118,0.00019569
768.09,3.64E-06,1.48E-05,1.53E-05,-5.41E-06,0.00024438,0.0002971,0.00020177
768.33,7.22E-06,1.07E-05,1.44E-05,1.19E-06,0.0002188,0.00029155,0.0002081
768.56,7.78E-06,1.59E-05,1.34E-05,-3.52E-06,0.00019321,0.000286,0.00021547
768.8,1.64E-06,9.92E-06,1.35E-05,-1.70E-06,0.00019623,0.00028775,0.00021954
769.04,7.08E-07,8.74E-06,1.21E-05,-4.12E-06,0.00021535,0.00029361,0.00022947
769.27,-3.25E-07,5.25E-06,1.81E-05,-2.97E-07,0.00023447,0.00029947,0.00022527
769.51,-3.38E-06,6.64E-06,1.76E-05,2.11E-06,0.00024685,0.00029431,0.00023163
769.74,-8.34E-06,1.32E-05,1.77E-05,1.83E-06,0.00024901,0.00027242,0.00024154
769.98,-3.86E-06,1.64E-05,7.48E-06,-1.21E-05,0.00025117,0.00025052,0.00025369
770.22,-4.18E-06,1.59E-05,3.23E-06,-1.59E-05,0.00024454,0.00023167,0.00026281
770.45,-5.04E-07,1.72E-05,-3.86E-07,-1.83E-05,0.00018966,0.00022951,0.00027303
770.69,-1.89E-06,2.50E-05,-4.68E-06,-2.34E-05,0.00013476,0.00022735,0.00028685
770.93,-2.54E-06,2.06E-05,-1.14E-06,-1.66E-05,7.99E-05,0.00022519,0.00029654
771.16,-1.87E-06,1.91E-05,-3.90E-06,-1.90E-05,0.0001121,0.00022191,0.00030879
771.4,1.58E-06,2.43E-05,-5.55E-06,-1.80E-05,0.00015282,0.00021852,0.00032242
771.63,-4.36E-07,2.74E-05,-8.69E-06,-2.06E-05,0.00019353,0.00021512,0.00034501
771.87,-4.46E-06,2.65E-05,-8.26E-06,-1.99E-05,0.00020369,0.00021462,0.00035575
772.11,-3.62E-06,1.58E-05,-9.59E-06,-2.29E-05,0.00019876,0.00021554,0.00036396
772.34,-3.75E-06,1.87E-05,-2.95E-06,-1.52E-05,0.00019382,0.00021647,0.00037737
772.58,-4.91E-06,1.92E-05,-2.20E-06,-2.05E-05,0.00018018,0.00021449,0.00039196
772.82,-8.18E-06,1.85E-05,3.01E-06,-2.07E-05,0.00015488,0.00020863,0.00040238
773.05,-4.53E-06,1.11E-05,1.04E-06,-2.37E-05,0.00012958,0.00020277,0.00041295
773.29,-2.33E-06,1.46E-05,-1.66E-06,-2.32E-05,0.00011624,0.00019605,0.00042631
773.52,-2.56E-07,1.61E-05,1.35E-06,-1.67E-05,0.00015512,0.00018555,0.00043902
773.76,-1.66E-06,1.57E-05,3.79E-06,-1.02E-05,0.000194,0.00017506,0.00045019
774,-2.97E-06,1.17E-05,5.93E-06,-9.73E-06,0.00023288,0.00016457,0.00045712
774.23,1.68E-06,5.06E-06,4.24E-06,-1.10E-05,0.00023383,0.000164,0.00047071
774.47,5.47E-06,1.09E-05,1.80E-06,-1.85E-05,0.00023259,0.000164,0.00048602
774.71,7.57E-07,8.36E-06,5.46E-07,-2.04E-05,0.00023136,0.000164,0.00049977
774.94,1.81E-06,8.47E-06,9.07E-07,-1.21E-05,0.00025276,0.00016335,0.00051543
775.18,7.75E-06,1.06E-05,-3.63E-06,-8.69E-06,0.00028362,0.00016242,0.00053208
775.42,2.77E-06,1.15E-05,2.24E-06,-1.60E-06,0.00031448,0.0001615,0.00055196
775.65,3.07E-06,1.25E-05,-1.71E-06,-4.06E-06,0.00032726,0.00015282,0.00057315
775.89,-1.30E-06,1.62E-05,-1.20E-06,-8.24E-06,0.00031924,0.00013523,0.00059347
776.12,-4.85E-06,7.69E-06,-4.41E-07,-1.08E-05,0.00031121,0.00011763,0.00060827
776.36,-4.28E-06,8.05E-06,-4.89E-06,-8.94E-06,0.00030708,0.00010379,0.00063346
776.6,-5.20E-06,1.56E-05,-7.42E-06,-1.62E-05,0.00031634,0.00010287,0.00065912
776.83,-9.53E-06,1.56E-05,-4.07E-06,-6.53E-06,0.0003256,0.00010194,0.00068288
777.07,-9.74E-06,9.69E-06,-2.76E-06,7.69E-08,0.00033487,0.00010101,0.00070505
777.31,-1.10E-05,1.20E-05,-4.55E-06,-3.52E-06,0.00033043,0.00010496,0.00072613
777.54,-1.25E-05,1.12E-05,-4.45E-06,-8.86E-07,0.0003258,0.00010897,0.0007487
777.78,-1.23E-05,5.27E-06,-7.34E-06,-6.88E-06,0.00032117,0.00011299,0.00076807
778.02,-1.08E-05,2.39E-06,-4.52E-06,-8.78E-06,0.00029969,0.00012184,0.00078734
778.25,-1.30E-05,-7.04E-07,-4.90E-06,-1.10E-05,0.00027252,0.00013234,0.00080479
778.49,-7.71E-06,5.04E-06,-5.59E-06,-4.21E-06,0.00024534,0.00014284,0.00083459
778.73,-7.20E-06,7.75E-06,-3.06E-06,-1.91E-06,0.00021267,0.0001436,0.00085846
778.96,-1.08E-05,2.61E-06,2.24E-06,4.19E-06,0.00017469,0.00013495,0.00087703
779.2,-5.69E-06,2.57E-06,-2.65E-06,9.82E-07,0.0001367,0.00012631,0.00089071
779.44,1.35E-06,7.42E-06,-4.15E-06,-4.51E-06,0.00011736,0.00011565,0.00091367
779.67,1.56E-06,8.72E-07,1.48E-06,3.31E-06,0.00014824,9.96E-05,0.00093089
779.91,-1.06E-06,1.48E-06,1.17E-06,1.56E-06,0.00017913,8.35E-05,0.00096448
780.15,-1.82E-06,8.25E-06,2.22E-06,4.41E-07,0.00020834,6.88E-05,0.00099334
780.38,1.43E-06,6.68E-06,-7.09E-07,3.25E-06,0.00018857,9.19E-05,0.0010178
780.62,1.08E-05,7.38E-06,-2.45E-06,3.43E-06,0.0001688,0.0001151,0.0010451
780.86,7.01E-06,9.89E-06,-5.36E-06,-5.57E-06,0.00014903,0.00013827,0.0010689
781.09,8.10E-06,1.41E-05,-5.59E-06,-7.59E-06,0.00012508,0.00013833,0.0010937
781.33,1.22E-05,1.50E-05,-6.32E-06,-7.04E-06,0.00010006,0.00013246,0.0011176
781.57,1.08E-05,1.10E-05,-2.51E-06,-7.38E-06,7.50E-05,0.00012659,0.0011413
781.8,5.73E-06,1.53E-05,-2.63E-06,-7.59E-06,9.06E-05,0.00012072,0.0011489
782.04,4.49E-06,1.74E-05,-6.69E-06,-1.14E-05,0.00013817,0.00011485,0.0011752
782.28,2.54E-06,1.75E-05,-4.03E-06,-1.42E-05,0.00018576,0.00010898,0.0011844
782.51,-7.83E-07,1.51E-05,-5.95E-06,-1.22E-05,0.00022089,0.00010052,0.0011936
782.75,-9.33E-06,1.31E-05,-7.47E-07,-1.41E-05,0.00022985,8.66E-05,0.001214
782.99,-1.81E-05,1.18E-05,1.78E-07,-1.34E-05,0.00023881,7.27E-05,0.0012363
783.22,-1.68E-05,1.55E-05,3.80E-07,-1.78E-05,0.00024873,6.11E-05,0.0012616
783.46,-1.39E-05,1.38E-05,1.28E-06,-1.92E-05,0.00026882,7.38E-05,0.0012878
783.7,-1.30E-05,1.65E-05,3.71E-07,-1.84E-05,0.00028891,8.64E-05,0.0013131
783.93,-1.34E-05,1.86E-05,-6.73E-07,-2.03E-05,0.000309,9.91E-05,0.001348
784.17,-1.44E-05,1.67E-05,-3.16E-07,-2.80E-05,0.00028859,9.18E-05,0.0013853
784.41,-1.09E-05,1.72E-05,-2.53E-07,-2.52E-05,0.00026108,8.10E-05,0.0014171
784.64,-7.87E-06,1.62E-05,-5.53E-07,-2.24E-05,0.00023358,7.02E-05,0.0014516
784.88,8.74E-07,2.39E-05,1.70E-07,-2.30E-05,0.000223,7.17E-05,0.0015051
785.12,1.33E-06,3.16E-05,-1.17E-06,-2.24E-05,0.000223,8.10E-05,0.0015325
785.35,6.97E-06,3.46E-05,-7.53E-07,-2.10E-05,0.000223,9.03E-05,0.0015591
785.59,1.16E-05,2.77E-05,-1.64E-07,-1.80E-05,0.00021123,8.87E-05,0.001574
785.83,8.35E-06,2.61E-05,2.61E-06,-1.38E-05,0.00018031,6.95E-05,0.0015943
786.06,8.07E-06,2.56E-05,-1.22E-06,-1.72E-05,0.0001494,5.04E-05,0.0016266
786.3,6.68E-06,2.54E-05,2.42E-06,-1.27E-05,0.00012106,3.45E-05,0.0016542
786.54,1.16E-05,3.00E-05,-2.77E-07,-9.93E-06,0.00010776,3.83E-05,0.0016864
786.77,9.56E-06,3.38E-05,-2.97E-06,-1.34E-05,9.45E-05,4.20E-05,0.0017072
787.01,1.07E-05,4.28E-05,-5.64E-06,-1.76E-05,8.12E-05,4.57E-05,0.0017224
787.25,6.89E-06,4.06E-05,-3.87E-06,-1.58E-05,0.00010961,3.81E-05,0.0017298
787.48,8.71E-06,3.79E-05,-1.03E-05,-2.56E-05,0.00014208,2.94E-05,0.0017485
787.72,6.43E-06,3.56E-05,-8.06E-06,-2.58E-05,0.00017455,2.08E-05,0.0017821
787.96,4.22E-06,4.17E-05,-7.52E-06,-2.17E-05,0.0001743,3.29E-05,0.0018049
788.2,7.50E-06,4.36E-05,-1.41E-05,-2.69E-05,0.00015852,5.49E-05,0.0018397
788.43,8.36E-06,4.80E-05,-1.22E-05,-2.50E-05,0.00014275,7.68E-05,0.001847
788.67,9.08E-06,5.24E-05,-1.89E-05,-2.98E-05,0.00012904,9.53E-05,0.001868
788.91,3.49E-06,4.85E-05,-1.11E-05,-2.74E-05,0.00011791,0.00010956,0.0018879
789.14,7.15E-06,4.22E-05,-1.07E-05,-3.10E-05,0.00010677,0.00012379,0.0019056
789.38,7.76E-06,3.75E-05,-4.70E-06,-2.51E-05,0.00010423,0.00013329,0.0019403
789.62,8.13E-06,3.29E-05,-5.08E-06,-2.57E-05,0.00013362,0.00012525,0.0019668
789.85,1.07E-05,3.70E-05,1.84E-06,-1.59E-05,0.00016301,0.00011721,0.0020046
790.09,1.32E-05,4.21E-05,-1.41E-06,-1.95E-05,0.0001924,0.00010916,0.0020244
790.33,1.07E-05,5.46E-05,-4.32E-06,-2.74E-05,0.00017027,0.00011233,0.0020781
790.57,8.33E-06,5.36E-05,-2.55E-06,-2.71E-05,0.00014707,0.00011574,0.0021042
790.8,5.65E-06,5.31E-05,7.39E-07,-2.83E-05,0.00012386,0.00011914,0.0021479
791.04,8.48E-06,4.63E-05,-7.05E-06,-3.27E-05,0.00014159,0.00011144,0.002192
791.28,1.09E-05,4.75E-05,-6.67E-06,-2.83E-05,0.00017315,1.00E-04,0.0022306
791.51,6.46E-06,4.71E-05,-3.87E-06,-3.05E-05,0.00020471,8.85E-05,0.0022734
791.75,1.56E-06,5.11E-05,-6.83E-06,-3.36E-05,0.00021026,8.60E-05,0.0023151
791.99,-2.43E-06,4.53E-05,5.61E-07,-1.94E-05,0.00019138,9.19E-05,0.0023452
792.22,-2.95E-06,4.97E-05,1.21E-06,-1.93E-05,0.00017251,9.78E-05,0.0023923
792.46,-4.63E-06,4.78E-05,-2.04E-06,-1.59E-05,0.00016331,9.65E-05,0.0024399
792.7,-5.69E-06,3.61E-05,-1.51E-06,-1.19E-05,0.00017847,7.70E-05,0.0024767
792.94,-8.24E-06,3.83E-05,2.42E-06,-9.86E-06,0.00019364,5.75E-05,0.0025268
793.17,-3.93E-06,4.27E-05,-7.85E-07,-1.60E-05,0.00020681,3.91E-05,0.0025795
793.41,-7.74E-06,4.51E-05,1.55E-05,-4.87E-06,0.00018452,4.13E-05,0.0026249
793.65,-8.77E-06,4.93E-05,1.04E-05,-7.47E-06,0.00016224,4.34E-05,0.0026836
793.88,-1.18E-05,5.36E-05,1.37E-05,-6.24E-06,0.00013995,4.56E-05,0.0027459
794.12,-8.80E-06,5.26E-05,1.14E-05,-4.71E-06,0.00013727,5.36E-05,0.0028042
794.36,-3.19E-06,6.70E-05,5.52E-06,-1.47E-05,0.00013882,6.29E-05,0.0028793
794.6,-4.28E-06,5.80E-05,2.83E-06,-1.28E-05,0.00014037,7.22E-05,0.002943
794.83,-1.94E-06,5.81E-05,4.45E-06,-1.51E-05,0.00013604,6.96E-05,0.0030083
795.07,1.39E-06,5.76E-05,4.29E-06,-1.80E-05,0.00012768,5.87E-05,0.0030756
795.31,2.54E-06,6.29E-05,4.52E-06,-2.15E-05,0.00011932,4.79E-05,0.003156
795.54,-9.27E-07,5.98E-05,5.07E-06,-1.39E-05,0.0001104,4.30E-05,0.0032299
795.78,-7.65E-07,6.07E-05,1.74E-07,-1.88E-05,0.00010049,4.86E-05,0.0033106
796.02,-3.00E-06,5.40E-05,5.35E-06,-1.20E-05,9.06E-05,5.42E-05,0.0033948
796.26,6.79E-07,6.54E-05,-1.28E-06,-9.47E-06,8.09E-05,5.91E-05,0.0034891
796.49,2.71E-06,6.51E-05,1.82E-06,-1.15E-05,7.25E-05,6.01E-05,0.00358
796.73,6.77E-07,6.77E-05,3.55E-06,-1.43E-05,6.42E-05,6.10E-05,0.0036645
796.97,6.67E-07,7.48E-05,8.01E-06,-7.64E-06,5.58E-05,6.19E-05,0.0037548
797.2,-1.31E-06,8.10E-05,9.15E-06,-1.14E-05,6.73E-05,5.98E-05,0.0038492
797.44,-1.55E-06,8.30E-05,8.75E-06,-1.00E-05,8.10E-05,5.73E-05,0.0039397
797.68,-6.42E-07,7.66E-05,6.95E-06,-5.46E-06,9.46E-05,5.48E-05,0.0040194
797.92,-3.67E-06,7.05E-05,1.14E-05,-1.10E-05,0.00011679,6.74E-05,0.0040997
798.15,1.37E-06,7.58E-05,1.08E-05,-1.06E-05,0.00014312,8.72E-05,0.0041784
798.39,2.16E-06,8.09E-05,9.17E-06,-1.31E-05,0.00016945,0.00010704,0.0042528
798.63,-1.97E-06,7.01E-05,1.73E-05,-8.04E-06,0.00018303,0.00011564,0.0043139
798.87,-2.14E-06,6.88E-05,1.54E-05,-4.85E-06,0.00018086,0.00011038,0.0043528
799.1,-2.21E-06,6.97E-05,1.22E-05,-5.39E-06,0.00017869,0.00010511,0.0044139
799.34,-3.25E-06,6.23E-05,8.21E-06,-1.73E-05,0.00018312,0.00010086,0.0044708
799.58,1.60E-06,5.62E-05,4.25E-06,-1.51E-05,0.00021101,0.00010024,0.0045328
799.81,2.67E-07,5.76E-05,7.34E-06,-1.07E-05,0.00023889,9.96E-05,0.0045726
800.05,2.14E-06,5.95E-05,9.51E-06,-1.73E-05,0.00026678,9.90E-05,0.0046124
800.29,3.57E-06,6.79E-05,3.66E-06,-1.20E-05,0.00024117,8.64E-05,0.0046643
800.53,-4.11E-06,6.83E-05,6.80E-06,-7.20E-06,0.00021514,7.37E-05,0.0047
800.76,-2.05E-06,6.81E-05,3.63E-06,-1.48E-05,0.00018911,6.10E-05,0.0047254
801,3.41E-06,7.69E-05,-2.52E-06,-2.14E-05,0.00017707,5.85E-05,0.0047646
801.24,-8.53E-07,7.43E-05,1.94E-07,-2.11E-05,0.00016932,5.91E-05,0.0048192
801.48,-2.11E-06,7.09E-05,1.78E-06,-2.94E-05,0.00016158,5.97E-05,0.0048428
801.71,-1.80E-06,7.98E-05,1.19E-06,-3.27E-05,0.00016167,5.52E-05,0.0048479
801.95,-7.87E-06,8.17E-05,3.37E-06,-3.60E-05,0.00016849,4.62E-05,0.0048594
802.19,-9.69E-06,7.68E-05,4.84E-06,-3.84E-05,0.0001753,3.72E-05,0.0048843
802.43,-1.49E-05,7.82E-05,2.58E-06,-3.13E-05,0.00016356,3.43E-05,0.0048981
802.66,-1.52E-05,8.07E-05,7.65E-06,-2.73E-05,0.00011086,4.48E-05,0.0049032
802.9,-1.42E-05,8.13E-05,7.24E-06,-3.52E-05,5.82E-05,5.54E-05,0.0049107
803.14,-1.81E-05,8.32E-05,1.24E-05,-3.27E-05,1.14E-05,6.49E-05,0.0049191
803.38,-1.71E-05,8.48E-05,9.11E-06,-3.51E-05,2.78E-05,6.43E-05,0.0049132
803.61,-1.34E-05,8.51E-05,7.10E-06,-4.27E-05,4.43E-05,6.37E-05,0.0049093
803.85,-8.57E-06,8.45E-05,3.01E-06,-4.32E-05,6.07E-05,6.31E-05,0.0049042
804.09,-1.00E-05,7.87E-05,6.64E-06,-3.83E-05,7.71E-05,5.50E-05,0.0048989
804.33,-7.10E-06,8.10E-05,9.80E-06,-3.13E-05,9.36E-05,4.57E-05,0.004871
804.56,-6.85E-06,7.85E-05,1.06E-05,-3.27E-05,0.00011,3.64E-05,0.0048396
804.8,-4.38E-06,7.56E-05,1.02E-05,-3.80E-05,9.26E-05,4.95E-05,0.0047947
805.04,-5.16E-06,7.35E-05,1.09E-05,-4.06E-05,5.57E-05,7.56E-05,0.0047591
805.28,-3.56E-06,7.36E-05,1.03E-05,-3.69E-05,1.88E-05,0.00010164,0.0047172
805.51,9.95E-07,7.30E-05,5.22E-06,-3.18E-05,2.28E-05,0.00010453,0.0046598
805.75,-3.03E-06,7.08E-05,1.22E-05,-2.51E-05,8.58E-05,7.41E-05,0.0046023
805.99,-4.21E-06,7.54E-05,1.03E-05,-1.99E-05,0.00014874,4.37E-05,0.0045426
806.23,-9.80E-06,8.24E-05,9.05E-06,-1.27E-05,0.00019279,2.48E-05,0.0044704
806.46,-9.74E-06,8.39E-05,3.17E-06,-1.27E-05,0.00015402,5.61E-05,0.0044008
806.7,-1.07E-05,7.81E-05,4.66E-06,-1.12E-05,0.00011525,8.75E-05,0.0043237
806.94,-8.83E-06,8.06E-05,-4.15E-06,-1.04E-05,7.65E-05,0.0001188,0.0042463
807.18,-2.21E-06,8.08E-05,-2.21E-06,-9.40E-06,7.86E-05,0.00010061,0.0041738
807.41,2.57E-06,8.45E-05,-1.08E-05,-1.50E-05,8.23E-05,8.04E-05,0.0040912
807.65,2.49E-06,8.27E-05,-1.47E-05,-1.33E-05,8.60E-05,6.03E-05,0.003993
807.89,-1.96E-06,8.69E-05,-9.89E-06,-5.57E-06,9.16E-05,6.39E-05,0.0039073
808.13,2.35E-06,8.00E-05,-1.30E-05,-6.02E-06,9.78E-05,7.60E-05,0.0038081
808.36,3.31E-06,7.07E-05,-1.26E-05,-8.93E-06,0.00010399,8.81E-05,0.003684
808.6,8.59E-06,7.01E-05,-3.30E-06,-1.13E-05,0.0001054,8.95E-05,0.0035433
808.84,1.28E-05,7.38E-05,-1.74E-06,-1.31E-05,0.0001023,8.08E-05,0.0034335
809.08,1.03E-05,7.43E-05,-3.08E-06,-1.45E-05,9.92E-05,7.22E-05,0.0033327
809.32,8.12E-06,7.09E-05,2.99E-06,-1.04E-05,9.73E-05,6.73E-05,0.0032191
809.55,1.45E-06,7.43E-05,-3.22E-06,-2.14E-05,9.82E-05,7.16E-05,0.0031278
809.79,2.98E-06,7.05E-05,-6.57E-07,-9.56E-06,9.91E-05,7.60E-05,0.0030114
810.03,6.80E-06,7.28E-05,-8.16E-07,-1.06E-05,0.00010079,7.99E-05,0.0029218
810.27,1.18E-05,6.97E-05,-3.43E-06,-1.99E-05,0.00011228,7.77E-05,0.0028256
810.5,8.84E-06,7.10E-05,-2.67E-06,-2.10E-05,0.00012376,7.55E-05,0.002733
810.74,7.49E-06,7.78E-05,-2.44E-06,-2.36E-05,0.00013524,7.33E-05,0.0026637
810.98,4.83E-06,7.06E-05,-6.27E-06,-1.93E-05,0.00011965,7.85E-05,0.0026287
811.22,4.29E-06,6.89E-05,-6.04E-06,-2.34E-05,9.92E-05,8.50E-05,0.0025543
811.45,5.64E-06,7.37E-05,-1.08E-05,-2.63E-05,7.87E-05,9.16E-05,0.0024872
811.69,7.29E-06,8.17E-05,-1.34E-05,-3.05E-05,7.33E-05,8.57E-05,0.0024167
811.93,1.08E-05,7.72E-05,-8.87E-06,-1.50E-05,7.71E-05,7.23E-05,0.0023221
812.17,7.75E-06,7.55E-05,-5.52E-06,-1.80E-05,8.08E-05,5.90E-05,0.0022575
812.41,8.59E-06,7.02E-05,-5.24E-06,-2.28E-05,7.74E-05,4.45E-05,0.0021817
812.64,8.41E-06,6.65E-05,-1.91E-05,-3.60E-05,6.34E-05,2.83E-05,0.0021249
812.88,9.69E-06,7.03E-05,-1.99E-05,-3.78E-05,4.94E-05,1.22E-05,0.0020615
813.12,1.16E-05,6.79E-05,-1.62E-05,-3.23E-05,4.03E-05,6.54E-06,0.0019961
813.36,1.37E-05,7.23E-05,-1.97E-05,-3.15E-05,5.27E-05,4.78E-05,0.0019409
813.6,1.25E-05,6.35E-05,-2.11E-05,-2.79E-05,6.51E-05,8.91E-05,0.0018844
813.83,1.15E-05,6.36E-05,-1.91E-05,-2.28E-05,7.75E-05,0.00013043,0.0018262
814.07,1.28E-05,5.65E-05,-1.90E-05,-2.00E-05,8.28E-05,0.00011557,0.0017841
814.31,1.02E-05,5.89E-05,-2.29E-05,-3.06E-05,8.77E-05,9.85E-05,0.0017546
814.55,1.46E-05,5.61E-05,-2.51E-05,-3.32E-05,9.27E-05,8.14E-05,0.0017156
814.78,9.61E-06,5.84E-05,-2.24E-05,-2.98E-05,8.64E-05,8.14E-05,0.001669
815.02,1.13E-05,5.22E-05,-8.87E-06,-1.75E-05,7.61E-05,8.73E-05,0.0016223
815.26,4.50E-06,3.14E-05,-2.34E-05,-2.01E-05,6.59E-05,9.32E-05,0.0015755
815.5,2.46E-07,2.47E-05,-2.55E-05,-2.19E-05,6.60E-05,9.86E-05,0.001537
815.74,-2.19E-06,1.82E-05,-2.45E-05,-2.51E-05,7.57E-05,0.00010356,0.0014926
815.97,-7.14E-07,2.37E-05,-2.36E-05,-1.93E-05,8.53E-05,0.00010853,0.0014605
816.21,4.29E-06,2.42E-05,-2.23E-05,-1.72E-05,8.79E-05,0.00011078,0.0014251
816.45,4.60E-06,2.97E-05,-1.99E-05,-1.97E-05,7.42E-05,0.00010674,0.0013972
816.69,4.73E-06,2.26E-05,-1.77E-05,-1.19E-05,6.05E-05,0.0001027,0.0013649
816.93,1.42E-06,2.48E-05,-1.45E-05,-1.35E-05,4.95E-05,9.92E-05,0.0013308
817.16,1.71E-06,2.13E-05,-1.53E-05,-1.06E-05,6.72E-05,0.00010203,0.0013105
817.4,2.62E-06,2.76E-05,-2.14E-05,-1.65E-05,8.49E-05,0.00010482,0.0012864
817.64,8.19E-06,3.89E-05,-3.05E-06,-8.74E-06,0.00010259,0.00010762,0.0012713
817.88,9.44E-06,4.69E-05,-6.36E-06,-7.72E-06,0.00013104,0.00010854,0.0012566
818.12,1.34E-05,5.05E-05,-9.87E-06,-8.34E-06,0.00016118,0.00010916,0.001242
818.35,1.27E-05,5.10E-05,-8.51E-06,-7.75E-06,0.00019131,0.00010978,0.0012163
818.59,6.60E-06,5.32E-05,-7.61E-06,-1.26E-05,0.00019177,0.0001092,0.0011938
818.83,5.99E-06,5.12E-05,-6.84E-06,-1.31E-05,0.00017592,0.00010795,0.0011682
819.07,7.59E-06,6.20E-05,-7.77E-06,-1.01E-05,0.00016007,0.00010671,0.0011551
819.31,8.44E-06,6.42E-05,-1.15E-05,-9.55E-06,0.00014781,9.99E-05,0.0011342
819.54,1.08E-05,6.71E-05,-1.21E-05,-1.38E-05,0.00014035,8.56E-05,0.0011111
819.78,1.08E-05,6.55E-05,-8.79E-06,-6.30E-06,0.00013289,7.13E-05,0.0010808
820.02,9.62E-06,6.79E-05,-7.15E-06,-8.30E-06,0.00012361,6.47E-05,0.0010554
820.26,7.74E-06,6.86E-05,-2.76E-06,-9.55E-06,0.00010745,8.71E-05,0.001032
820.5,-7.30E-07,6.54E-05,2.46E-06,-8.07E-06,9.13E-05,0.00010945,0.0010058
820.73,-3.97E-06,6.72E-05,5.21E-06,-7.83E-06,7.51E-05,0.00013183,0.000945
820.97,-3.42E-06,6.21E-05,2.23E-06,-1.67E-05,4.66E-05,0.00011935,0.00092258
821.21,-3.60E-06,6.10E-05,3.58E-06,-1.43E-05,1.80E-05,0.00010661,0.00089807
821.45,1.20E-06,5.58E-05,5.96E-06,-2.00E-05,-1.06E-05,9.39E-05,0.00086738
821.69,7.12E-07,5.32E-05,3.00E-06,-1.93E-05,-4.47E-06,9.82E-05,0.00084343
821.92,-1.79E-06,5.69E-05,3.74E-06,-2.19E-05,1.17E-05,0.00010756,0.00082598
822.16,-1.28E-06,5.28E-05,4.73E-06,-1.89E-05,2.79E-05,0.00011688,0.00081105
822.4,4.69E-06,5.79E-05,2.11E-06,-2.19E-05,2.16E-05,0.00012048,0.00079434
822.64,7.09E-06,5.35E-05,-1.09E-06,-1.89E-05,-2.32E-06,0.00011955,0.0007665
822.88,1.17E-05,5.93E-05,-5.23E-06,-1.80E-05,-2.63E-05,0.00011861,0.00074838
823.12,1.38E-05,5.68E-05,-4.88E-06,-1.56E-05,-2.89E-05,0.00012407,0.0007704
823.35,1.81E-05,5.81E-05,-7.06E-06,-1.12E-05,9.35E-06,0.00014179,0.00075206
823.59,1.60E-05,5.58E-05,-7.70E-06,-1.26E-05,4.76E-05,0.00015952,0.00073297
823.83,8.24E-06,6.22E-05,-8.07E-06,-8.67E-06,7.79E-05,0.0001726,0.00071208
824.07,9.99E-06,6.26E-05,-2.55E-06,-9.24E-06,5.30E-05,0.00015363,0.00070428
824.31,1.00E-05,5.84E-05,-7.18E-06,-9.66E-06,2.81E-05,0.00013466,0.00068295
824.54,4.07E-06,7.03E-05,-4.34E-06,-1.03E-05,3.21E-06,0.00011569,0.00066117
824.78,-4.68E-06,6.65E-05,-3.34E-06,-1.01E-05,1.00E-06,0.00012902,0.00063943
825.02,-3.80E-06,6.94E-05,-2.71E-06,-1.10E-05,1.00E-06,0.0001455,0.00063077
825.26,-4.75E-06,5.88E-05,1.93E-06,-1.34E-05,1.00E-06,0.00016199,0.00060848
825.5,-7.15E-06,5.50E-05,-1.53E-06,-2.24E-05,4.21E-05,0.00017241,0.0005909
825.74,-9.03E-06,5.58E-05,3.15E-06,-1.69E-05,0.00010123,0.00018019,0.00057137
825.97,-8.69E-06,5.65E-05,2.00E-06,-1.65E-05,0.00016033,0.00018796,0.00055631
826.21,-6.88E-06,4.86E-05,4.47E-06,-1.62E-05,0.00017214,0.00018392,0.00054298
826.45,-1.02E-05,4.73E-05,5.43E-06,-1.25E-05,0.00013294,0.00016712,0.00052309
826.69,-8.69E-06,4.54E-05,1.13E-06,-1.42E-05,9.38E-05,0.00015032,0.00051496
826.93,-2.16E-06,4.06E-05,-2.43E-06,-1.84E-05,6.43E-05,0.0001419,0.00050645
827.17,5.28E-06,4.21E-05,-6.97E-06,-1.60E-05,6.15E-05,0.00015652,0.00052982
827.4,5.70E-06,4.90E-05,-8.90E-06,-1.04E-05,5.87E-05,0.00017114,0.00051208
827.64,6.67E-06,5.92E-05,-1.58E-05,-1.53E-05,5.73E-05,0.0001841,0.0005071
827.88,1.16E-05,6.02E-05,-1.39E-05,-1.07E-05,8.15E-05,0.00016699,0.00049604
828.12,2.19E-05,5.82E-05,-1.48E-05,-1.44E-05,0.00010581,0.00014987,0.00048527
828.36,2.47E-05,6.41E-05,-1.43E-05,-7.40E-06,0.00013008,0.00013276,0.0004808
828.6,2.37E-05,6.50E-05,-1.48E-05,-8.32E-06,8.07E-05,0.00014932,0.00046949
828.83,2.38E-05,7.10E-05,-1.20E-05,-9.75E-06,1.73E-05,0.00017234,0.00045526
829.07,2.26E-05,7.61E-05,-1.75E-06,-2.25E-06,-4.62E-05,0.00019537,0.00044055
829.31,1.83E-05,7.91E-05,2.01E-06,-1.43E-06,-6.81E-05,0.00020225,0.00042994
829.55,1.71E-05,8.05E-05,9.40E-06,6.71E-07,-6.49E-05,0.00019945,0.00038437
829.79,1.86E-05,7.35E-05,1.03E-05,-1.42E-05,-6.18E-05,0.00019665,0.00038645
830.03,2.95E-05,5.86E-05,2.42E-05,2.27E-05,-4.46E-05,0.000195,0.00037019
830.26,2.46E-05,5.80E-05,3.28E-05,2.82E-05,-7.24E-06,0.000195,0.00035608
830.5,1.60E-05,5.73E-05,4.04E-05,3.06E-05,3.01E-05,0.000195,0.0003551
830.74,1.11E-05,4.62E-05,4.58E-05,2.42E-05,5.93E-05,0.00019998,0.00033823
830.98,1.04E-05,4.91E-05,4.60E-05,2.09E-05,5.59E-05,0.00022488,0.00032976
831.22,9.35E-06,4.49E-05,5.01E-05,1.80E-05,5.25E-05,0.00024979,0.00031855
831.46,1.28E-05,4.43E-05,4.74E-05,8.50E-06,4.90E-05,0.00027469,0.00031407
831.7,1.53E-05,3.68E-05,5.12E-05,1.39E-05,2.23E-05,0.00025809,0.0003027
831.93,1.17E-05,3.07E-05,4.95E-05,9.44E-06,-4.83E-06,0.00024097,0.00029663
832.17,9.60E-06,3.52E-05,5.73E-05,1.73E-05,-3.19E-05,0.00022384,0.00026807
832.41,-8.12E-07,5.04E-05,5.18E-05,-1.21E-05,-1.87E-05,0.00022097,0.00026592
832.65,3.36E-06,5.17E-05,4.95E-05,-2.56E-05,6.23E-06,0.00022221,0.00030584
832.89,-2.62E-06,4.88E-05,5.33E-05,-2.48E-05,3.11E-05,0.00022346,0.00028855
833.13,4.67E-06,5.25E-05,5.12E-05,-3.24E-05,5.82E-05,0.00022716,0.00027875
833.37,4.69E-06,4.78E-05,5.53E-05,-3.57E-05,8.68E-05,0.00023277,0.00027226
833.6,5.91E-06,4.79E-05,5.97E-05,-2.77E-05,0.00011545,0.00023837,0.00026819
833.84,4.11E-06,4.83E-05,6.74E-05,-1.62E-05,0.00013235,0.00023464,0.00026548
834.08,-1.85E-06,4.99E-05,6.86E-05,-2.19E-05,0.00012768,0.00021378,0.00025741
834.32,-1.48E-06,4.98E-05,6.57E-05,-2.59E-05,0.00012301,0.00019291,0.00025448
834.56,-1.95E-06,4.34E-05,6.70E-05,-2.32E-05,0.00011643,0.00017686,0.00025598
834.8,-3.58E-06,4.17E-05,7.29E-05,-2.31E-05,9.84E-05,0.00018994,0.00024574
835.04,-5.83E-06,4.50E-05,7.33E-05,-1.32E-05,8.03E-05,0.00020302,0.00019578
835.27,-5.04E-06,5.45E-05,6.96E-05,-1.58E-05,6.22E-05,0.0002161,0.00019247
835.51,-9.01E-06,6.85E-05,7.29E-05,-8.76E-06,8.51E-05,0.00020946,0.00019233
835.75,-1.23E-05,8.19E-05,7.61E-05,3.67E-06,0.00011093,0.00020136,0.00018597
835.99,-1.37E-05,9.31E-05,6.95E-05,-3.95E-06,0.00013679,0.00019326,0.00018007
836.23,-1.50E-05,0.00010651,6.98E-05,-6.43E-06,0.00012266,0.00020088,0.00016464
836.47,-1.24E-05,0.00012807,6.60E-05,-1.06E-05,9.31E-05,0.00021459,0.00016202
836.71,-1.43E-05,0.00015126,7.11E-05,-5.46E-06,6.35E-05,0.0002283,0.00015172
836.94,-1.30E-05,0.00017371,6.49E-05,-1.38E-05,4.55E-05,0.00022719,0.00015384
837.18,-9.76E-06,0.00019375,6.22E-05,-1.27E-05,3.86E-05,0.00021192,7.35E-05
837.42,-9.71E-06,0.000217,5.41E-05,-1.80E-05,3.18E-05,0.00019666,7.39E-05
837.66,-9.87E-06,0.00023247,5.08E-05,-1.38E-05,2.30E-05,0.00018995,6.82E-05
837.9,-1.33E-05,0.00024708,4.67E-05,-1.47E-05,9.96E-06,0.00020304,6.24E-05
838.14,-7.03E-06,0.00027126,3.89E-05,-2.33E-05,-3.13E-06,0.00021613,5.97E-05
838.38,-8.02E-06,0.00029439,3.40E-05,-2.66E-05,-1.09E-05,0.00022635,6.53E-05
838.61,-7.20E-06,0.00031517,2.84E-05,-2.61E-05,3.30E-05,0.00020859,6.62E-05
838.85,-1.27E-05,0.00033828,2.83E-05,-1.87E-05,7.70E-05,0.00019082,6.33E-05
839.09,-8.58E-06,0.00037421,1.98E-05,-2.42E-05,0.00012091,0.00017306,6.54E-05
839.33,-4.53E-06,0.00041365,1.55E-05,-2.22E-05,8.80E-05,0.00018037,5.69E-05
839.57,-7.14E-06,0.00046521,6.71E-06,-2.40E-05,4.50E-05,0.00019097,0.00013414
839.81,-9.12E-06,0.00051378,1.07E-05,-2.00E-05,1.95E-06,0.00020156,0.00013047
840.05,-2.91E-06,0.00055327,8.69E-07,-3.14E-05,1.48E-06,0.00020795,0.00013371
840.29,-1.96E-06,0.000584,-1.61E-06,-2.96E-05,2.14E-05,0.00021231,0.00012963
840.52,-2.55E-06,0.00061013,-5.43E-06,-3.54E-05,4.14E-05,0.00021668,0.00012925
840.76,-1.11E-06,0.00063503,-2.84E-06,-2.42E-05,4.46E-05,0.00021594,0.00011781
841,-4.15E-06,0.00067005,-5.21E-06,-2.99E-05,2.87E-05,0.00020939,0.00011556
841.24,-8.18E-07,0.0006963,-4.35E-06,-3.11E-05,1.28E-05,0.00020285,0.00011213
841.48,-6.85E-06,0.00070866,1.48E-06,-2.41E-05,5.78E-06,0.00019905,0.00010344
841.72,-1.30E-05,0.00071843,2.29E-06,-1.65E-05,2.42E-05,0.00020311,0.000105
841.96,-1.24E-05,0.00069921,3.55E-06,-1.96E-05,4.26E-05,0.00020716,9.74E-05
842.2,-9.67E-06,0.00068879,-3.47E-06,-2.31E-05,6.27E-05,0.0002109,9.44E-05
842.44,-1.36E-05,0.00068595,3.71E-06,-1.15E-05,0.00011481,0.00020903,8.88E-05
842.67,-9.77E-06,0.00068543,4.49E-06,-1.06E-05,0.00016689,0.00020716,8.83E-05
842.91,-9.92E-06,0.00067204,-1.75E-06,-8.40E-06,0.00021896,0.00020529,8.42E-05
843.15,-9.52E-06,0.0006668,-1.07E-05,-2.07E-05,0.00018137,0.00021212,8.74E-05
843.39,-6.23E-06,0.00065175,-1.05E-05,-1.67E-05,0.00012741,0.00022054,8.53E-05
843.63,-9.05E-07,0.00063634,-1.32E-05,-1.88E-05,7.35E-05,0.00022896,8.45E-05
843.87,6.66E-06,0.00061974,-1.29E-05,-1.41E-05,5.08E-05,0.00021545,8.71E-05
844.11,6.28E-06,0.00059941,-1.20E-05,-1.62E-05,4.58E-05,0.00018957,8.50E-05
844.35,5.35E-06,0.00059283,-9.65E-06,-9.70E-06,4.08E-05,0.00016368,8.56E-05
844.59,8.98E-06,0.00057518,-7.39E-06,-7.40E-06,4.34E-05,0.00015211,8.48E-05
844.82,1.14E-05,0.00056446,-8.91E-06,-9.55E-06,5.59E-05,0.00015928,8.29E-05
845.06,9.67E-06,0.00056013,-1.13E-05,-1.06E-05,6.84E-05,0.00016645,8.52E-05
845.3,9.86E-06,0.00056458,-2.87E-06,-5.70E-07,7.15E-05,0.00017158,8.38E-05
845.54,8.38E-06,0.00055552,6.63E-06,1.54E-05,4.28E-05,0.0001697,7.76E-05
845.78,8.16E-06,0.00054816,9.36E-06,2.18E-05,1.41E-05,0.00016783,7.66E-05
846.02,5.92E-06,0.00054595,9.73E-06,1.98E-05,-1.40E-05,0.00016641,7.45E-05
846.26,2.21E-06,0.00054213,9.25E-06,1.96E-05,-1.18E-05,0.00018575,7.32E-05
846.5,4.55E-06,0.00053081,1.16E-05,2.08E-05,-9.59E-06,0.0002051,7.05E-05
846.74,6.04E-06,0.00051262,8.88E-06,1.62E-05,-7.40E-06,0.00022445,6.83E-05
846.98,1.35E-06,0.00050073,9.62E-06,1.39E-05,-4.45E-06,0.00021883,6.44E-05
847.21,-1.36E-06,0.00048881,1.04E-05,1.12E-05,-1.33E-06,0.0002076,6.14E-05
847.45,-4.24E-06,0.00047104,1.55E-05,1.15E-05,1.79E-06,0.00019637,5.70E-05
847.69,-1.11E-06,0.00045663,1.11E-05,1.41E-06,9.01E-07,0.00018246,6.01E-05
847.93,3.85E-07,0.00044728,8.02E-06,-8.71E-06,-2.53E-06,0.00016686,6.23E-05
848.17,-2.38E-06,0.00043621,7.38E-06,-1.46E-05,-5.96E-06,0.00015126,5.82E-05
848.41,-7.44E-06,0.00042058,5.57E-06,-1.58E-05,5.71E-06,0.00014492,5.80E-05
848.65,-2.01E-06,0.00042644,2.57E-06,-2.50E-05,3.94E-05,0.0001521,5.92E-05
848.89,-1.63E-06,0.00042867,-4.02E-09,-3.12E-05,7.31E-05,0.00015927,6.15E-05
849.13,-3.70E-06,0.00042793,1.24E-06,-3.15E-05,9.92E-05,0.00016588,6.10E-05
849.37,-2.24E-06,0.00043267,1.93E-06,-2.50E-05,9.51E-05,0.00017025,6.59E-05
849.6,-2.90E-06,0.00042869,5.12E-06,-2.21E-05,9.11E-05,0.00017462,7.10E-05
849.84,-1.37E-06,0.00043036,5.28E-07,-1.98E-05,8.70E-05,0.00017899,7.37E-05
850.08,-3.37E-06,0.00042277,-9.07E-07,-2.37E-05,7.45E-05,0.00018336,7.35E-05
850.32,-1.19E-06,0.00040673,-1.17E-05,-3.69E-05,6.20E-05,0.00018773,7.74E-05
850.56,-1.98E-06,0.00030077,-1.54E-05,-4.36E-05,4.96E-05,0.00019211,7.91E-05
850.8,3.27E-06,0.00028823,-1.46E-05,-4.10E-05,5.99E-05,0.00018084,8.13E-05
851.04,-2.66E-06,0.00025295,-1.61E-05,-3.90E-05,7.61E-05,0.00016554,7.86E-05
851.28,-7.33E-06,0.00023109,-1.18E-05,-3.19E-05,9.24E-05,0.00015024,7.44E-05
851.52,-5.45E-06,0.00020917,-1.23E-05,-3.07E-05,7.00E-05,0.0001379,7.58E-05
851.76,-8.60E-06,0.00019457,-9.79E-06,-2.97E-05,2.10E-05,0.0001276,7.37E-05
852,-1.02E-05,0.00018163,-1.04E-05,-3.27E-05,-2.81E-05,0.00011729,7.00E-05
852.24,-9.29E-06,0.00016669,-1.53E-05,-4.19E-05,-4.60E-05,0.00011538,7.16E-05
852.47,-1.36E-05,0.00015034,-7.81E-06,-2.83E-05,-1.51E-05,0.00012662,6.74E-05
852.71,-1.48E-05,0.00013752,3.58E-06,-1.49E-05,1.59E-05,0.00013786,6.10E-05
852.95,-1.29E-05,0.00021616,2.68E-06,-1.52E-05,3.43E-05,0.00014793,6.16E-05
853.19,-1.62E-05,0.00019906,3.01E-06,-1.38E-05,-1.25E-06,0.00015293,5.77E-05
853.43,-1.51E-05,0.00018805,7.33E-06,-1.36E-05,-3.68E-05,0.00015793,5.42E-05
853.67,-1.05E-05,0.00017475,-7.22E-06,-2.56E-05,-7.25E-05,0.00016292,5.93E-05
853.91,-1.48E-05,0.00017138,-4.52E-06,-2.51E-05,-8.31E-05,0.00015777,5.50E-05
854.15,-1.37E-05,0.00015255,-8.64E-06,-3.21E-05,-9.35E-05,0.00015246,5.12E-05
854.39,-8.65E-06,0.00013735,-1.59E-05,-3.05E-05,-0.00010376,0.00014715,5.39E-05
854.63,-3.68E-06,0.00011923,-1.29E-05,-2.08E-05,-5.12E-05,0.00014649,5.46E-05
854.87,1.52E-07,0.00011245,-1.47E-05,-1.95E-05,1.87E-05,0.00014711,5.37E-05
855.11,-1.33E-06,0.00010493,-1.47E-05,-1.50E-05,8.87E-05,0.00014774,5.47E-05
855.35,-2.64E-06,0.00010061,-8.76E-06,-5.90E-06,8.88E-05,0.00013692,5.26E-05
855.58,-2.05E-06,9.35E-05,-7.33E-06,-8.88E-07,3.85E-05,0.00011787,5.33E-05
855.82,-5.47E-06,8.85E-05,-7.42E-06,-5.67E-06,-1.18E-05,9.88E-05,5.18E-05
856.06,-8.22E-06,8.94E-05,5.21E-06,3.27E-06,-2.90E-05,9.12E-05,4.62E-05
856.3,-7.84E-06,8.80E-05,2.04E-06,1.50E-06,7.88E-06,0.00010209,4.94E-05
856.54,-9.51E-06,8.40E-05,5.87E-06,5.74E-06,4.47E-05,0.00011303,4.86E-05
856.78,-1.13E-05,7.66E-05,1.45E-05,8.96E-06,7.86E-05,0.00012088,4.54E-05
857.02,-1.68E-05,7.28E-05,1.75E-05,8.90E-06,9.90E-05,0.00011463,4.01E-05
857.26,-1.98E-05,6.11E-05,1.57E-05,6.27E-06,0.00011926,0.00010838,4.00E-05
857.5,-1.81E-05,6.44E-05,1.83E-05,8.10E-06,0.00013958,0.00010213,2.71E-05
857.74,-1.63E-05,5.57E-05,1.74E-05,9.49E-06,0.00011002,0.0001124,2.61E-05
857.98,-1.00E-05,5.70E-05,6.85E-06,-3.83E-06,7.94E-05,0.00012303,2.82E-05
858.22,-6.42E-06,5.80E-05,2.86E-06,6.67E-07,4.88E-05,0.00013365,3.22E-05
858.46,-7.52E-06,5.12E-05,-9.90E-07,-2.41E-06,6.07E-05,0.0001231,3.40E-05
858.7,-2.26E-06,4.71E-05,2.47E-06,-2.41E-07,8.48E-05,0.00010653,3.37E-05
858.94,9.01E-07,4.51E-05,6.84E-06,6.13E-07,0.00010888,9.00E-05,3.40E-05
859.17,1.54E-06,4.98E-05,3.48E-06,4.16E-06,0.00011664,8.99E-05,2.68E-05
859.41,6.49E-06,4.97E-05,-5.90E-06,-3.19E-07,0.00011258,0.00010176,3.00E-05
859.65,1.17E-05,5.05E-05,-1.62E-05,-1.05E-05,0.00010852,0.00011364,3.02E-05
859.89,9.43E-06,4.33E-05,-2.62E-05,-1.77E-05,0.00011395,0.00011459,4.36E-05
860.13,9.64E-06,4.73E-05,-2.83E-05,-1.86E-05,0.0001349,9.77E-05,4.60E-05
860.37,4.57E-06,4.13E-05,-1.83E-05,-1.18E-05,0.00015584,8.08E-05,4.24E-05
860.61,1.69E-06,3.35E-05,-1.40E-05,-8.50E-06,0.00017011,6.77E-05,3.94E-05
860.85,7.11E-06,3.08E-05,-1.49E-05,-8.62E-06,0.00015417,7.18E-05,3.01E-05
861.09,-2.80E-06,-1.97E-05,-6.36E-06,1.89E-05,0.00013823,7.59E-05,-2.13E-07
861.33,-3.18E-06,-2.13E-05,-1.40E-05,1.58E-05,0.00012228,7.99E-05,1.17E-06
861.57,-3.80E-06,-2.81E-05,-1.30E-05,1.08E-05,9.62E-05,7.05E-05,5.17E-06
861.81,-1.12E-05,-2.93E-05,-4.14E-06,9.67E-06,6.99E-05,6.08E-05,1.96E-06
862.05,-1.76E-05,-2.51E-05,1.17E-05,2.13E-05,4.37E-05,5.11E-05,2.45E-06
862.29,-1.40E-05,-2.13E-05,1.78E-05,2.16E-05,2.72E-05,5.37E-05,1.85E-06
862.53,-1.63E-05,-3.04E-05,1.83E-05,1.91E-05,1.35E-05,5.96E-05,-1.95E-06
862.77,-1.62E-05,-2.49E-05,1.61E-05,1.83E-05,-3.01E-07,6.55E-05,6.87E-07
863.01,-1.49E-05,-2.22E-05,1.12E-05,1.59E-05,1.08E-05,6.96E-05,3.59E-06
863.25,-2.11E-05,-2.45E-05,1.14E-05,1.86E-05,3.96E-05,7.25E-05,1.08E-05
863.49,-1.42E-05,2.87E-05,1.40E-06,-1.00E-05,6.84E-05,7.53E-05,4.25E-05
863.72,-1.40E-05,2.85E-05,2.63E-06,-6.86E-06,6.59E-05,7.40E-05,4.23E-05
863.96,-1.14E-05,3.09E-05,2.44E-06,-5.67E-06,1.39E-05,6.61E-05,4.20E-05
864.2,-9.62E-06,3.03E-05,4.94E-06,1.41E-06,-3.80E-05,5.83E-05,3.90E-05
864.44,-4.40E-06,2.62E-05,2.44E-07,-3.80E-06,-6.88E-05,5.22E-05,3.98E-05
864.68,-5.23E-06,2.36E-05,-2.33E-06,-7.30E-06,-1.00E-05,5.35E-05,3.71E-05
864.92,-3.35E-06,3.35E-05,-2.41E-06,-1.15E-05,4.88E-05,5.47E-05,4.18E-05
865.16,-1.33E-06,2.73E-05,-1.09E-06,-5.70E-06,0.00010762,5.60E-05,3.67E-05
865.4,-3.36E-06,3.22E-05,3.58E-06,-1.44E-06,0.00010955,6.04E-05,3.54E-05
865.64,-1.75E-06,3.27E-05,4.91E-06,-3.14E-06,0.00011112,6.47E-05,3.59E-05
865.88,-1.20E-06,2.53E-05,1.63E-06,-1.94E-06,0.00011268,6.91E-05,3.30E-05
866.12,-4.19E-06,2.67E-05,2.93E-06,-1.73E-06,0.00012497,6.10E-05,2.94E-05
866.36,-6.00E-06,2.07E-05,3.61E-06,-2.46E-06,0.00013998,4.98E-05,2.91E-05
866.6,2.07E-06,2.13E-05,3.45E-06,-2.23E-06,0.000155,3.85E-05,3.51E-05
866.84,-1.93E-06,2.08E-05,4.05E-06,-3.28E-06,0.00016231,3.44E-05,3.20E-05
867.08,-7.55E-06,2.16E-05,8.59E-06,4.30E-06,0.0001645,3.50E-05,3.42E-05
867.32,-6.84E-06,1.16E-05,9.10E-06,9.40E-06,0.00016669,3.56E-05,2.95E-05
867.56,-6.61E-06,1.33E-05,1.72E-06,-1.66E-06,0.00016091,3.73E-05,3.34E-05
867.8,-2.39E-06,1.32E-06,-4.59E-07,-9.38E-06,0.00014339,4.04E-05,3.12E-05
868.04,-4.28E-06,-3.75E-07,5.29E-06,-8.30E-06,0.00012586,4.35E-05,2.85E-05
868.28,-2.95E-06,2.83E-06,7.40E-06,-1.32E-05,0.00011376,4.79E-05,3.23E-05
868.52,-3.40E-06,-7.34E-06,7.31E-06,-1.61E-05,0.00012221,5.70E-05,3.37E-05
868.76,-9.61E-06,-4.54E-06,5.28E-06,-1.62E-05,0.00013066,6.60E-05,3.22E-05
869,-1.97E-05,-4.27E-06,4.69E-06,-2.32E-05,0.00013881,7.48E-05,2.86E-05
869.24,-1.87E-05,-5.17E-06,3.47E-06,-2.38E-05,0.00012504,6.07E-05,2.84E-05
869.48,-1.22E-05,-1.12E-05,3.43E-07,-2.73E-05,0.00011127,4.66E-05,2.60E-05
869.72,-8.50E-06,-8.26E-06,2.01E-06,-2.20E-05,9.75E-05,3.26E-05,2.77E-05
869.96,-9.68E-06,-1.27E-05,7.08E-06,-1.51E-05,9.58E-05,3.46E-05,2.58E-05
870.2,-1.12E-05,-4.45E-06,8.77E-06,-8.62E-06,9.67E-05,4.02E-05,3.03E-05
870.44,-7.81E-06,2.08E-06,4.87E-06,-9.22E-06,9.76E-05,4.59E-05,2.70E-05
870.68,-1.13E-05,-3.57E-07,6.14E-06,-5.47E-06,9.80E-05,4.23E-05,2.33E-05
870.92,-8.45E-06,2.82E-05,6.61E-07,-9.37E-06,9.80E-05,3.33E-05,3.64E-05
871.16,-2.72E-06,3.22E-05,1.14E-06,-1.23E-05,9.80E-05,2.42E-05,4.24E-05
871.39,-7.81E-07,2.66E-05,1.58E-06,-7.60E-06,7.42E-05,1.85E-05,4.07E-05
871.63,-1.27E-06,2.22E-05,-3.92E-06,-1.08E-05,1.88E-05,1.72E-05,4.27E-05
871.87,-2.63E-06,2.48E-05,-5.29E-06,-1.36E-05,-3.66E-05,1.60E-05,4.68E-05
872.11,-8.55E-06,3.58E-05,-9.59E-06,-2.57E-05,-6.71E-05,1.79E-05,4.97E-05
872.35,-1.01E-05,3.13E-05,-4.59E-06,-2.58E-05,-1.64E-05,3.01E-05,4.70E-05
872.59,-9.64E-06,3.34E-05,-7.63E-06,-2.87E-05,3.44E-05,4.23E-05,4.01E-05
872.83,-1.31E-05,3.18E-05,-5.80E-06,-2.33E-05,8.31E-05,5.48E-05,4.58E-05
873.07,-7.31E-06,3.27E-05,-8.44E-06,-2.59E-05,8.53E-05,7.32E-05,4.37E-05
873.31,-7.77E-06,1.24E-05,-6.13E-06,-3.05E-05,8.75E-05,9.17E-05,3.26E-05
873.55,-9.09E-06,1.96E-05,-7.68E-06,-3.02E-05,8.97E-05,0.00011019,3.29E-05
873.79,-9.21E-06,1.94E-05,-1.08E-05,-3.76E-05,6.96E-05,7.93E-05,3.39E-05
874.03,-1.11E-05,2.19E-05,-3.30E-06,-2.67E-05,4.54E-05,3.95E-05,3.10E-05
874.27,-1.08E-05,1.76E-05,2.19E-07,-2.62E-05,2.13E-05,-2.71E-07,2.51E-05
874.51,-7.43E-06,7.80E-06,1.30E-06,-2.57E-05,2.35E-05,-9.69E-06,2.44E-05
874.75,-8.08E-06,1.44E-05,-2.76E-06,-2.02E-05,3.94E-05,-3.12E-06,2.56E-05
874.99,-8.26E-06,1.63E-06,-1.37E-06,-2.64E-05,5.54E-05,3.46E-06,3.24E-05
875.23,-8.29E-06,4.12E-07,-9.68E-07,-3.09E-05,7.38E-05,7.14E-06,3.31E-05
875.47,-1.05E-05,1.73E-06,-8.34E-07,-3.15E-05,9.51E-05,7.46E-06,3.30E-05
875.71,-1.03E-05,1.52E-06,1.27E-06,-1.75E-05,0.00011644,7.77E-06,3.21E-05
875.95,-8.62E-06,-8.23E-06,3.39E-06,-1.25E-05,0.00013377,3.78E-06,2.73E-05
876.19,-9.07E-06,-6.57E-06,3.15E-06,-7.06E-06,0.00014035,-1.19E-05,2.63E-05
876.43,-5.42E-06,-1.10E-06,6.18E-06,-7.99E-06,0.00014693,-2.75E-05,1.95E-05
876.67,-9.67E-06,-3.18E-06,3.64E-06,-1.41E-05,0.00015378,-4.11E-05,2.10E-05
876.91,-1.06E-05,-9.87E-07,4.37E-06,-5.48E-06,0.0001638,-2.98E-05,1.70E-05
877.15,-1.02E-05,2.72E-06,4.05E-06,-9.87E-06,0.00017383,-1.86E-05,1.93E-05
877.39,-6.07E-06,1.15E-05,3.75E-06,-8.98E-07,0.00018385,-7.29E-06,1.84E-05
877.63,-9.26E-07,1.65E-05,5.98E-07,-5.19E-06,0.00018638,-2.95E-06,1.86E-05
877.87,-6.50E-06,1.67E-05,3.42E-06,-9.98E-07,0.00018795,5.00E-07,2.03E-05
878.11,-7.19E-06,1.85E-05,2.85E-06,-4.92E-06,0.00018952,3.95E-06,2.06E-05
878.35,5.45E-07,2.32E-05,-4.48E-06,-1.90E-05,0.0001578,3.26E-06,2.77E-05
878.59,3.16E-07,2.43E-05,-6.28E-06,-2.06E-05,0.00011142,7.52E-07,3.02E-05
878.83,-2.36E-06,2.23E-05,-8.18E-06,-2.41E-05,6.50E-05,-1.75E-06,3.66E-05
879.07,1.14E-06,2.64E-05,-1.07E-05,-2.66E-05,5.15E-05,7.85E-07,3.82E-05
879.31,4.26E-07,1.89E-05,-9.68E-06,-2.46E-05,7.03E-05,8.31E-06,4.09E-05
879.55,5.20E-06,2.05E-05,-1.03E-05,-2.70E-05,8.91E-05,1.58E-05,4.04E-05
879.79,2.06E-06,1.99E-05,-7.70E-06,-2.92E-05,0.00010836,2.53E-05,3.97E-05
880.03,-8.60E-07,9.06E-06,-5.70E-06,-2.57E-05,0.00012873,3.91E-05,3.74E-05
880.27,3.93E-06,9.85E-06,-8.82E-06,-2.65E-05,0.00014911,5.29E-05,4.30E-05
880.51,6.25E-06,9.48E-06,-1.03E-05,-2.78E-05,0.00016757,6.60E-05,4.92E-05
880.75,8.90E-07,7.12E-06,-5.22E-06,-2.08E-05,0.00017227,7.41E-05,4.23E-05
880.99,1.95E-06,8.31E-06,-5.67E-06,-1.96E-05,0.00017697,8.23E-05,4.39E-05
881.23,3.84E-06,1.11E-05,-3.94E-06,-1.13E-05,0.00018168,9.04E-05,4.68E-05
881.47,6.77E-06,1.66E-05,-1.12E-06,-2.47E-06,0.00016652,8.60E-05,4.88E-05
881.71,6.67E-06,1.62E-05,-6.80E-06,-1.87E-05,0.0001499,8.07E-05,5.18E-05
881.95,3.10E-06,1.37E-05,-4.30E-06,-1.65E-05,0.00013329,7.54E-05,5.34E-05
882.19,3.41E-06,1.74E-05,-1.17E-06,-1.36E-05,0.00011388,6.31E-05,5.12E-05
882.43,7.05E-06,2.31E-05,-1.01E-05,-1.62E-05,9.35E-05,4.83E-05,5.62E-05
882.67,8.33E-06,1.63E-05,-7.95E-06,-1.54E-05,7.31E-05,3.36E-05,4.89E-05
882.91,9.62E-06,1.61E-05,-7.12E-06,-1.66E-05,7.75E-05,2.23E-05,4.41E-05
883.15,9.16E-06,9.28E-06,-6.35E-06,-1.12E-05,0.00010196,1.39E-05,4.55E-05
883.4,8.04E-06,6.92E-06,-5.64E-07,-1.14E-05,0.00012642,5.39E-06,4.22E-05
883.64,4.34E-06,-1.46E-06,-2.49E-07,-1.42E-05,0.00014644,-1.71E-06,4.04E-05
883.88,2.16E-06,7.05E-07,3.66E-06,-1.25E-05,0.00015867,-6.41E-06,3.84E-05
884.12,1.29E-06,-5.60E-07,1.10E-05,-2.02E-06,0.0001709,-1.11E-05,3.27E-05
884.36,4.20E-07,2.22E-06,1.20E-05,-6.68E-06,0.00017903,-1.52E-05,3.33E-05
884.6,-1.51E-06,-4.34E-06,8.79E-06,-6.06E-06,0.00016774,-1.65E-05,3.37E-05
884.84,-6.21E-06,-4.29E-06,2.00E-05,-5.38E-06,0.00015645,-1.77E-05,2.85E-05
885.08,-6.84E-06,-2.48E-06,1.80E-05,-1.02E-05,0.00014516,-1.90E-05,2.96E-05
885.32,-1.22E-05,-3.08E-06,1.99E-05,-5.75E-06,0.00015242,-2.98E-05,2.62E-05
885.56,-1.33E-05,6.83E-07,1.89E-05,-3.57E-06,0.00015994,-4.08E-05,2.75E-05
885.8,-1.26E-05,-4.70E-06,1.26E-05,-8.69E-06,0.00016747,-5.18E-05,2.61E-05
886.04,-9.61E-06,6.22E-07,1.09E-05,-1.54E-05,0.000178,-3.80E-05,2.61E-05
886.28,-9.19E-06,-5.49E-06,8.83E-06,-1.82E-05,0.0001893,-1.79E-05,2.50E-05
886.52,-8.75E-06,2.20E-06,5.97E-06,-2.32E-05,0.00020059,2.16E-06,2.93E-05
886.76,-9.54E-06,7.65E-07,7.40E-06,-1.39E-05,0.0002027,1.42E-05,2.71E-05
887,-8.70E-06,5.34E-06,7.01E-06,-1.50E-05,0.00019894,2.11E-05,2.74E-05
887.24,-1.00E-06,-1.17E-05,4.80E-06,-1.00E-05,0.00019517,2.80E-05,2.29E-05
887.48,1.44E-07,-1.30E-05,6.74E-06,-8.18E-06,0.00019353,2.86E-05,2.55E-05
887.72,3.86E-07,-9.72E-06,9.86E-06,-1.14E-05,0.00019478,2.04E-05,2.84E-05
887.96,7.11E-07,-3.67E-06,1.42E-05,-1.15E-05,0.00019604,1.22E-05,2.92E-05
888.2,1.30E-06,1.77E-06,2.19E-05,-4.30E-06,0.00018845,9.16E-07,3.09E-05
888.44,-8.85E-07,6.26E-07,2.18E-05,-4.70E-06,0.00015205,-2.07E-05,3.02E-05
888.68,-2.43E-06,2.63E-07,2.40E-05,1.83E-06,0.00011565,-4.24E-05,2.95E-05
888.92,-5.86E-06,1.03E-06,2.97E-05,9.94E-06,8.19E-05,-6.15E-05,2.79E-05
889.16,-4.89E-06,9.05E-07,2.56E-05,3.13E-06,0.00010171,-3.08E-05,2.93E-05
889.4,-6.50E-06,-4.00E-06,2.79E-05,2.76E-06,0.00012148,-2.65E-08,2.87E-05
889.64,-1.07E-05,1.46E-05,3.06E-05,5.98E-06,0.00014125,3.07E-05,3.72E-05
889.88,-1.49E-05,2.04E-05,3.13E-05,7.65E-06,0.00013724,4.85E-05,3.63E-05
890.12,-1.07E-05,1.07E-05,2.93E-05,6.83E-06,0.0001294,6.42E-05,3.67E-05
890.36,-8.62E-06,9.57E-06,2.51E-05,-9.47E-07,0.00012155,7.99E-05,3.54E-05
890.6,-7.35E-06,8.12E-06,2.24E-05,-1.48E-06,0.00015522,8.27E-05,2.43E-05
890.84,-7.60E-06,8.27E-06,2.75E-05,-1.26E-06,0.00020889,7.92E-05,2.41E-05
891.09,-9.01E-06,1.21E-05,2.61E-05,-4.58E-06,0.00026256,7.58E-05,2.58E-05
891.33,-3.98E-06,1.08E-05,2.01E-05,-8.63E-06,0.00027603,6.99E-05,2.75E-05
891.57,-4.77E-06,5.47E-06,2.47E-05,-3.49E-06,0.00024747,6.14E-05,2.57E-05
891.81,-2.65E-07,1.34E-05,2.37E-05,-4.99E-06,0.0002189,5.29E-05,3.10E-05
892.05,-1.59E-06,1.09E-05,1.99E-05,-1.29E-05,0.000195,4.80E-05,2.77E-05
892.29,1.27E-06,8.62E-06,1.81E-05,-1.29E-05,0.00018182,5.11E-05,2.83E-05
892.53,-2.80E-07,1.57E-05,1.83E-05,-1.22E-05,0.00016863,5.42E-05,2.71E-05
892.77,-3.56E-06,1.33E-05,2.22E-05,-5.84E-06,0.00016465,5.57E-05,2.89E-05
893.01,-3.97E-06,1.31E-05,2.88E-05,-3.42E-07,0.00022965,4.47E-05,3.58E-05
893.25,-1.70E-06,1.13E-05,2.15E-05,-2.99E-07,0.00029463,3.37E-05,3.77E-05
893.49,3.81E-07,1.34E-05,2.26E-05,1.37E-06,0.00035962,2.27E-05,4.13E-05
893.73,1.28E-06,1.11E-05,2.67E-05,4.32E-06,0.00033969,1.82E-05,4.02E-05
893.97,2.29E-06,1.20E-05,2.65E-05,-1.09E-06,0.00031362,1.41E-05,4.34E-05
894.21,-1.81E-06,4.75E-06,2.68E-05,-2.23E-06,0.00028757,1.00E-05,4.11E-05
894.45,-2.00E-06,-1.00E-06,2.55E-05,-2.79E-06,0.00027043,-9.79E-06,4.24E-05
894.69,-4.31E-06,-1.46E-06,3.17E-05,1.33E-06,0.0002563,-3.49E-05,4.08E-05
894.93,-3.00E-06,-3.42E-06,3.15E-05,-4.43E-06,0.00024216,-6.00E-05,4.03E-05
895.17,-1.55E-06,-6.22E-06,3.32E-05,-7.39E-06,0.00022201,-4.18E-05,4.03E-05
895.41,1.80E-06,-8.39E-06,2.91E-05,-1.84E-05,0.00019721,1.00E-05,4.33E-05
895.65,3.70E-06,-3.28E-06,3.53E-05,-1.76E-05,0.00017239,6.18E-05,4.34E-05
895.9,4.84E-06,-1.22E-05,3.74E-05,-1.99E-05,0.00014854,8.84E-05,3.75E-05
896.14,-4.74E-07,-9.54E-06,3.90E-05,-2.07E-05,0.00012624,7.36E-05,3.47E-05
896.38,3.23E-06,-1.24E-06,3.78E-05,-2.04E-05,0.00010394,5.89E-05,3.58E-05
896.62,3.74E-06,6.99E-06,3.39E-05,-2.31E-05,9.45E-05,4.73E-05,3.67E-05
896.86,6.32E-06,1.50E-05,3.79E-05,-2.03E-05,0.00013782,4.89E-05,3.67E-05
897.1,5.07E-06,1.24E-05,3.95E-05,-2.32E-05,0.00018118,5.04E-05,3.50E-05
897.34,-5.36E-07,1.18E-05,4.34E-05,-1.64E-05,0.00022395,5.23E-05,3.37E-05
897.58,-2.26E-06,1.48E-05,4.30E-05,-1.34E-05,0.0002205,7.46E-05,3.31E-05
897.82,-6.72E-06,1.94E-05,4.03E-05,-7.39E-06,0.00021704,9.69E-05,3.34E-05
898.06,-1.05E-05,2.15E-05,3.98E-05,-2.82E-06,0.00021359,0.00011919,3.46E-05
898.3,-9.42E-06,2.75E-05,3.47E-05,-1.04E-05,0.00017549,0.00011362,3.79E-05
898.54,-6.86E-06,2.80E-05,3.45E-05,-1.22E-05,0.00013025,0.00010231,3.84E-05
898.78,-1.01E-05,2.51E-05,3.66E-05,-7.31E-06,8.50E-05,9.10E-05,3.69E-05
899.02,-9.71E-06,1.45E-05,4.30E-05,-2.13E-06,9.54E-05,7.38E-05,3.31E-05
899.26,-9.21E-06,8.77E-06,4.22E-05,-1.88E-06,0.00013623,5.34E-05,3.36E-05
899.5,-5.57E-06,1.10E-05,3.50E-05,-5.42E-06,0.00017708,3.30E-05,3.89E-05
899.75,-3.79E-06,1.25E-05,3.54E-05,-3.63E-06,0.00018793,2.59E-05,3.96E-05
899.99,-2.57E-06,6.30E-06,3.11E-05,-1.08E-05,0.00016405,3.44E-05,4.16E-05
900.23,-4.90E-06,1.03E-05,3.22E-05,-1.33E-05,0.00014016,4.29E-05,4.37E-05
900.47,-3.44E-06,5.00E-06,3.16E-05,-1.51E-05,0.00012989,4.27E-05,3.99E-05
900.71,-4.99E-06,-6.75E-07,1.88E-05,-2.10E-05,0.0001544,2.04E-05,4.85E-05
900.95,-7.56E-06,6.38E-07,1.92E-05,-1.28E-05,0.00017892,-1.90E-06,4.84E-05
901.19,-5.95E-06,-6.91E-06,1.29E-05,-1.81E-05,0.00020131,-2.09E-05,4.66E-05
901.43,-8.30E-06,4.09E-06,8.64E-06,-1.85E-05,0.00020445,-1.03E-05,4.73E-05
901.67,-1.41E-05,3.85E-06,1.27E-05,-1.67E-05,0.0002076,4.35E-07,4.38E-05
901.91,-1.68E-05,3.24E-06,1.58E-05,-1.65E-05,0.00021074,1.11E-05,3.99E-05
902.15,-1.47E-05,1.75E-06,1.34E-05,-1.99E-05,0.00019888,2.24E-05,3.07E-05
902.39,-1.68E-05,8.59E-06,1.46E-05,-1.58E-05,0.00018568,3.37E-05,3.10E-05
902.63,-7.29E-06,1.35E-05,1.43E-05,-1.64E-05,0.00017248,4.50E-05,3.52E-05
902.88,-1.01E-05,8.42E-06,1.03E-05,-1.55E-05,0.00013219,3.02E-05,3.56E-05
903.12,-1.21E-05,1.08E-05,2.27E-05,-5.38E-06,8.22E-05,5.97E-06,2.69E-05
903.36,-3.64E-06,6.45E-06,1.88E-05,-8.73E-06,3.22E-05,-1.82E-05,2.94E-05
903.6,-4.69E-06,1.41E-05,2.11E-05,-3.78E-06,4.32E-05,-3.16E-05,3.20E-05
903.84,-1.01E-06,9.60E-06,2.11E-05,-4.03E-06,0.00010291,-3.63E-05,3.75E-05
904.08,1.29E-06,8.06E-06,1.76E-05,-6.83E-06,0.00016264,-4.11E-05,3.91E-05
904.32,3.89E-06,9.51E-06,1.70E-05,-2.58E-06,0.00019352,-3.52E-05,4.13E-05
904.56,3.54E-06,1.05E-05,1.32E-05,-5.01E-06,0.00017622,-1.16E-05,5.27E-05
904.8,8.72E-06,1.35E-05,1.19E-05,-8.17E-06,0.00015893,1.20E-05,5.13E-05
905.04,1.30E-06,4.26E-07,1.20E-05,-8.71E-06,0.00014958,3.28E-05,4.27E-05
905.28,5.10E-06,5.15E-06,1.59E-05,-1.21E-05,0.00017316,4.19E-05,4.48E-05
905.52,5.61E-06,7.40E-06,1.54E-05,-8.78E-06,0.00019675,5.10E-05,4.43E-05
905.77,6.11E-07,4.33E-06,1.50E-05,-1.26E-05,0.00021971,6.00E-05,4.24E-05
906.01,7.38E-07,-1.15E-07,9.49E-06,-1.82E-05,0.00019895,6.22E-05,4.60E-05
906.25,-8.58E-07,-2.10E-06,1.33E-05,-1.70E-05,0.00017819,6.44E-05,3.98E-05
906.49,1.96E-06,-9.70E-07,9.04E-06,-1.90E-05,0.00015744,6.66E-05,5.58E-05
906.73,-1.53E-06,5.28E-07,1.00E-05,-1.91E-05,0.00013983,6.67E-05,5.31E-05
906.97,1.10E-06,-2.34E-06,8.26E-06,-1.72E-05,0.00012285,6.64E-05,5.54E-05
907.21,-3.68E-06,-4.63E-06,1.45E-05,-8.38E-06,0.00010586,6.61E-05,5.56E-05
907.45,1.02E-06,-2.64E-06,8.46E-06,-1.20E-05,0.00010309,6.27E-05,6.29E-05
907.69,3.40E-06,-7.01E-06,4.96E-06,-1.13E-05,0.00010781,5.77E-05,6.33E-05
907.93,3.15E-06,-6.93E-06,8.76E-06,-1.06E-05,0.00011252,5.26E-05,6.44E-05
908.17,3.08E-06,-8.15E-06,1.15E-05,-9.77E-06,0.00011664,4.54E-05,6.11E-05
908.42,4.15E-06,-1.12E-05,1.48E-05,-8.70E-06,0.0001201,3.56E-05,5.54E-05
908.66,1.42E-06,-1.28E-05,1.51E-05,-1.63E-05,0.00012356,2.59E-05,5.84E-05
908.9,1.98E-06,-9.75E-06,2.08E-05,-8.84E-06,0.00011974,1.50E-05,4.45E-05
909.14,2.13E-06,-1.16E-05,1.98E-05,-1.28E-05,9.87E-05,1.46E-06,4.61E-05
909.38,-1.48E-06,-1.34E-05,2.41E-05,-1.10E-05,7.76E-05,-1.21E-05,3.95E-05
909.62,-1.41E-07,-8.18E-06,1.91E-05,-1.61E-05,6.02E-05,-2.18E-05,2.92E-05
909.86,-7.10E-06,-6.84E-06,2.24E-05,-1.50E-05,7.03E-05,-2.89E-06,2.68E-05
910.1,-1.01E-05,-4.68E-07,2.39E-05,-1.56E-05,8.03E-05,1.60E-05,2.68E-05
910.34,-9.88E-06,-1.76E-06,2.30E-05,-1.61E-05,9.04E-05,3.49E-05,2.59E-05
910.58,-1.15E-05,7.91E-06,2.08E-05,-1.68E-05,0.00010135,2.21E-05,3.48E-05
910.83,-1.47E-05,1.14E-05,2.17E-05,-2.19E-05,0.00011236,7.31E-06,3.50E-05
911.07,-1.03E-05,1.25E-05,1.92E-05,-1.41E-05,0.00012337,-7.48E-06,3.52E-05
911.31,-1.27E-05,9.79E-06,1.18E-05,-2.33E-05,0.00014446,-2.16E-05,3.83E-05
911.55,-1.21E-05,9.06E-06,1.43E-05,-2.11E-05,0.00016869,-3.54E-05,3.78E-05
911.79,-1.12E-05,1.44E-05,1.24E-05,-2.16E-05,0.00019292,-4.92E-05,4.37E-05
912.03,-1.22E-05,5.30E-06,1.64E-05,-2.43E-05,0.0001973,-4.93E-05,5.01E-05
912.27,-9.24E-06,9.75E-06,1.88E-05,-2.37E-05,0.00018754,-3.95E-05,3.85E-05
912.51,-1.07E-05,6.39E-06,2.07E-05,-2.53E-05,0.00017778,-2.98E-05,3.65E-05
912.75,-1.21E-05,9.19E-06,2.20E-05,-2.04E-05,0.00014511,-2.30E-05,3.54E-05
913,-6.88E-06,8.05E-06,2.39E-05,-1.48E-05,7.90E-05,-2.05E-05,2.98E-05
913.24,-1.85E-06,8.78E-06,1.41E-05,-9.93E-06,1.29E-05,-1.79E-05,3.81E-05
913.48,-7.75E-07,9.19E-06,1.24E-05,-1.24E-05,-2.27E-05,-1.29E-05,3.56E-05
913.72,-2.41E-06,9.72E-06,1.82E-05,-1.16E-06,4.41E-05,6.45E-07,3.27E-05
913.96,-1.72E-06,6.92E-06,1.21E-05,-3.74E-06,0.0001108,1.42E-05,3.45E-05
914.2,-3.96E-06,2.74E-06,1.60E-05,1.98E-06,0.00017278,2.72E-05,3.16E-05
914.44,-1.22E-06,1.57E-06,1.10E-05,3.65E-06,0.0001498,3.06E-05,3.40E-05
914.68,-1.92E-07,1.55E-06,2.05E-05,8.50E-06,0.00012682,3.41E-05,7.77E-05
914.92,9.61E-07,4.89E-06,1.60E-05,1.08E-05,0.00010383,3.76E-05,7.84E-05
915.17,2.78E-09,2.80E-06,1.89E-05,8.86E-06,8.66E-05,4.90E-05,7.61E-05
915.41,-3.03E-06,-2.49E-06,1.60E-05,4.96E-06,7.03E-05,6.16E-05,7.85E-05
915.65,-1.01E-05,-3.83E-06,3.16E-05,1.02E-05,5.39E-05,7.42E-05,6.72E-05
915.89,-1.24E-05,-1.37E-06,2.81E-05,9.11E-06,6.88E-05,8.26E-05,7.03E-05
916.13,-8.66E-06,2.60E-06,2.60E-05,1.79E-06,9.72E-05,8.92E-05,7.04E-05
916.37,-9.82E-06,2.33E-06,3.02E-05,6.39E-06,0.00012553,9.59E-05,6.65E-05
916.61,-4.85E-06,5.65E-06,2.74E-05,5.24E-06,0.00013982,9.44E-05,6.67E-05
916.85,-7.29E-06,6.23E-06,2.42E-05,6.27E-06,0.0001414,8.56E-05,6.60E-05
917.09,-5.94E-06,5.48E-06,7.86E-06,-9.15E-07,0.00014297,7.67E-05,3.40E-05
917.34,-3.60E-06,2.27E-06,4.95E-06,-2.19E-06,0.00014323,6.68E-05,3.67E-05
917.58,1.88E-07,-7.54E-06,-7.42E-06,-5.49E-06,0.00014102,5.49E-05,4.13E-05
917.82,4.09E-07,-7.26E-06,-1.19E-05,-1.11E-05,0.00013882,4.29E-05,4.39E-05
918.06,8.71E-06,-3.01E-06,-2.02E-05,-1.55E-05,0.00013929,2.94E-05,4.80E-05
918.3,1.12E-05,-5.62E-06,-1.97E-05,-1.98E-05,0.00015252,8.97E-06,4.56E-05
918.54,1.04E-05,-8.69E-06,-2.46E-05,-1.99E-05,0.00016575,-1.15E-05,4.78E-05
918.78,1.52E-05,-5.15E-06,-2.72E-05,-2.08E-05,0.00017898,-3.20E-05,4.99E-05
919.02,1.48E-05,-7.67E-06,-3.29E-05,-2.65E-05,0.00013496,-1.44E-05,4.95E-05
919.27,1.54E-05,-7.80E-06,-2.90E-05,-2.66E-05,9.09E-05,3.25E-06,5.04E-05
919.51,1.17E-05,-9.37E-06,-2.06E-05,-1.68E-05,4.68E-05,2.09E-05,4.90E-05
919.75,6.34E-06,-4.98E-06,-1.68E-05,-1.42E-05,4.78E-05,1.47E-05,7.22E-05
919.99,5.43E-06,6.59E-06,-1.63E-05,-1.83E-05,5.85E-05,3.32E-06,7.28E-05
920.23,5.02E-06,5.72E-06,-1.29E-05,-1.17E-05,6.92E-05,-8.03E-06,7.06E-05
920.47,-2.05E-06,1.15E-06,-9.64E-06,-4.55E-06,7.22E-05,-6.68E-06,6.85E-05
920.71,6.53E-07,4.16E-06,-1.49E-05,-3.31E-06,7.09E-05,1.51E-06,7.39E-05
920.96,-3.38E-06,1.37E-05,-8.66E-06,1.70E-06,6.97E-05,9.70E-06,7.27E-05
921.2,-9.66E-06,1.74E-05,-9.69E-06,1.76E-06,6.69E-05,2.75E-05,7.47E-05
921.44,-9.80E-06,1.68E-05,-6.67E-06,2.97E-06,6.25E-05,5.58E-05,7.42E-05
921.68,-1.33E-05,1.46E-05,-1.11E-05,-2.55E-06,5.81E-05,8.42E-05,7.16E-05
921.92,-9.84E-06,1.80E-05,-2.34E-05,-1.36E-05,6.70E-05,9.95E-05,7.65E-05
922.16,-3.65E-06,1.27E-05,-2.31E-05,-1.31E-05,0.00010668,8.47E-05,4.18E-05
922.4,-5.99E-07,1.19E-05,-2.36E-05,-1.57E-05,0.00014638,6.99E-05,4.24E-05
922.64,-1.59E-06,1.68E-05,-1.98E-05,-1.38E-05,0.0001789,5.63E-05,4.08E-05
922.89,-5.67E-06,1.93E-05,-1.65E-05,-2.07E-05,0.00016251,5.06E-05,3.75E-05
923.13,-8.37E-06,2.52E-05,-9.56E-06,-1.32E-05,0.00014612,4.49E-05,3.49E-05
923.37,-4.66E-06,2.38E-05,-9.77E-06,-1.60E-05,0.00012974,3.93E-05,3.26E-05
923.61,2.13E-06,2.02E-05,-2.05E-05,-2.08E-05,0.00014194,2.73E-05,3.15E-05
923.85,3.31E-06,2.78E-05,-1.84E-05,-1.79E-05,0.00015549,1.50E-05,3.17E-05
924.09,8.06E-06,3.00E-05,-2.04E-05,-1.74E-05,0.00016904,2.68E-06,3.77E-05
924.33,4.25E-06,2.58E-05,-9.21E-06,-7.12E-06,0.0001863,2.69E-05,3.46E-05
924.58,3.62E-06,2.82E-05,-1.14E-05,-8.09E-06,0.00020457,6.12E-05,4.77E-05
924.82,2.95E-07,1.98E-05,-3.80E-06,-8.14E-08,0.00022286,9.56E-05,4.29E-05
925.06,-7.82E-07,1.43E-05,-4.74E-06,3.53E-07,0.00024517,9.06E-05,4.03E-05
925.3,5.16E-06,8.71E-06,-8.55E-06,-7.65E-07,0.00027007,6.03E-05,4.32E-05
925.54,5.23E-06,-7.20E-07,-1.29E-05,-5.86E-06,0.00029497,3.00E-05,4.35E-05
925.78,3.32E-06,-4.06E-06,-1.39E-05,-3.96E-06,0.00030004,1.18E-05,4.48E-05
926.03,2.40E-06,-2.68E-06,-1.01E-06,4.03E-06,0.00027955,8.92E-06,4.35E-05
926.27,2.68E-06,-7.23E-06,-2.47E-06,3.44E-06,0.00025905,6.09E-06,4.71E-05
926.51,2.05E-06,-9.61E-06,2.19E-06,1.07E-05,0.00024826,3.25E-06,4.10E-05
926.75,3.45E-06,-1.72E-05,-2.18E-06,7.27E-06,0.00026434,4.10E-07,3.98E-05
926.99,2.58E-06,-1.72E-05,-1.52E-07,4.23E-06,0.00028042,-2.43E-06,3.53E-05
927.23,2.10E-06,-1.39E-05,-2.90E-06,4.50E-06,0.00029302,-6.27E-06,3.87E-05
927.47,2.90E-06,-1.01E-05,-4.33E-06,-1.25E-06,0.0002719,-1.98E-05,4.23E-05
927.72,-2.34E-06,-7.26E-06,-4.89E-06,3.06E-06,0.00025077,-3.34E-05,4.08E-05
927.96,-3.11E-06,-7.06E-06,-4.44E-07,6.01E-06,0.00022965,-4.69E-05,3.04E-05
928.2,-3.77E-06,-8.44E-06,1.64E-06,1.01E-05,0.00023178,-3.32E-05,2.74E-05
928.44,-7.59E-06,-1.13E-05,9.68E-07,2.40E-06,0.00023588,-1.71E-05,3.02E-05
928.68,-6.41E-06,8.39E-05,-1.22E-06,7.40E-07,0.00023997,-1.01E-06,2.84E-05
928.92,-7.03E-06,9.00E-05,-2.26E-06,5.17E-07,0.00022798,8.21E-06,3.02E-05
929.16,-5.52E-06,0.0001021,-1.76E-06,1.04E-06,0.00021063,1.51E-05,3.87E-05
929.41,-7.47E-06,0.00010343,1.70E-08,7.75E-06,0.00019329,2.21E-05,4.12E-05
929.65,-1.21E-05,0.00010968,4.84E-06,1.06E-05,0.00018618,3.18E-05,3.89E-05
929.89,-1.40E-05,0.00010873,6.75E-06,1.04E-05,0.0001865,4.34E-05,3.79E-05
930.13,-8.47E-06,0.00011431,8.03E-06,7.97E-06,0.00018681,5.51E-05,3.96E-05
930.37,-1.31E-05,0.00011086,7.21E-06,5.84E-06,0.00018868,6.51E-05,4.56E-05
930.61,-6.64E-06,0.00010801,1.83E-06,-1.28E-06,0.00019278,7.27E-05,5.00E-05
930.86,-7.24E-07,0.00011371,-2.06E-06,-7.85E-07,0.00019688,8.02E-05,3.38E-05
931.1,-4.48E-06,1.99E-05,-2.35E-06,1.28E-07,0.00020889,8.61E-05,3.50E-05
931.34,-3.81E-06,1.76E-05,-4.31E-06,-6.06E-06,0.00024611,8.64E-05,3.58E-05
931.58,-3.48E-06,1.33E-05,-4.53E-06,-3.01E-06,0.00028333,8.67E-05,3.16E-05
931.82,-3.68E-07,1.03E-05,-8.17E-06,-5.75E-06,0.0003153,8.78E-05,2.85E-05
932.06,3.56E-06,3.62E-06,-1.07E-05,-9.61E-06,0.00027618,9.88E-05,2.65E-05
932.31,6.81E-06,5.21E-06,-1.76E-05,-1.15E-05,0.00023706,0.00010984,2.77E-05
932.55,8.77E-06,-3.58E-06,-2.06E-05,-1.15E-05,0.00019795,0.00012089,2.73E-05
932.79,1.23E-05,1.28E-06,-2.11E-05,-1.18E-05,0.00020052,9.33E-05,2.99E-05
933.03,6.04E-06,1.10E-07,-2.54E-05,-1.89E-05,0.00020778,6.15E-05,2.92E-05
933.27,1.60E-06,-1.95E-06,-2.26E-05,-1.82E-05,0.00021504,2.96E-05,4.74E-05
933.51,2.56E-06,6.52E-07,-2.45E-05,-2.63E-05,0.00021769,2.03E-05,4.64E-05
933.76,4.01E-06,2.41E-06,-2.13E-05,-2.13E-05,0.00021863,1.94E-05,4.68E-05
934,1.65E-06,-3.47E-07,-1.77E-05,-1.82E-05,0.00021958,1.84E-05,4.16E-05
934.24,-4.29E-06,1.43E-06,-1.31E-05,-2.15E-05,0.00023574,1.76E-05,4.28E-05
934.48,-5.24E-06,8.68E-07,-1.35E-05,-2.22E-05,0.00026382,1.70E-05,4.11E-05
934.72,-8.34E-06,-5.37E-06,-6.81E-06,-1.79E-05,0.00029191,1.64E-05,3.94E-05
934.96,-1.11E-05,-1.88E-08,-4.59E-06,-1.78E-05,0.00030665,1.33E-05,4.37E-05
935.21,-1.15E-05,8.95E-06,-3.56E-06,-8.56E-06,0.00030065,6.34E-06,5.22E-05
935.45,-7.49E-06,1.22E-05,6.62E-06,5.26E-07,0.00029465,-6.06E-07,4.84E-05
935.69,-8.15E-06,7.58E-06,8.02E-06,5.35E-06,0.00028936,-5.30E-06,4.22E-05
935.93,-1.10E-05,-3.95E-06,1.38E-05,1.51E-05,0.00028652,-2.14E-06,3.87E-05
936.17,-1.15E-05,-4.51E-06,8.29E-06,9.82E-06,0.00028368,1.02E-06,3.97E-05
936.42,-1.27E-05,-1.27E-06,6.31E-06,6.79E-06,0.0002815,3.22E-06,3.92E-05
936.66,-1.10E-05,4.27E-07,1.22E-06,5.86E-06,0.00029065,-1.10E-05,4.16E-05
936.9,-1.03E-05,5.47E-06,2.50E-06,5.50E-06,0.00029981,-2.52E-05,4.54E-05
937.14,-2.08E-06,1.50E-05,-1.33E-08,8.58E-06,0.00030896,-3.94E-05,4.66E-05
937.38,-5.32E-06,1.16E-05,1.03E-06,9.53E-06,0.00028592,-1.97E-05,4.13E-05
937.62,-9.01E-06,-1.81E-06,2.37E-06,7.39E-06,0.00025877,4.27E-06,3.26E-05
937.87,-1.18E-05,-2.15E-06,4.03E-08,1.05E-05,0.00023162,2.83E-05,3.28E-05
938.11,-1.43E-05,-3.45E-06,1.55E-07,1.07E-05,0.00024806,4.25E-05,3.28E-05
938.35,-1.08E-05,-1.01E-07,7.87E-06,9.33E-06,0.00028153,5.29E-05,3.67E-05
938.59,-1.14E-05,2.14E-06,1.62E-05,1.68E-05,0.00031499,6.33E-05,3.66E-05
938.83,-1.12E-05,4.20E-06,1.51E-05,1.71E-05,0.00033644,6.49E-05,3.94E-05
939.08,-1.06E-05,-1.27E-06,1.63E-05,1.96E-05,0.00034812,5.92E-05,3.64E-05
939.32,-1.02E-05,-2.70E-06,1.55E-05,2.45E-05,0.0003598,5.35E-05,3.49E-05
939.56,-1.78E-05,-6.34E-06,1.18E-05,2.31E-05,0.0003574,4.79E-05,3.48E-05
939.8,-1.47E-05,-1.77E-06,1.43E-05,2.58E-05,0.00033246,4.26E-05,3.58E-05
940.04,-7.83E-06,5.95E-06,9.43E-06,1.72E-05,0.00030751,3.72E-05,4.02E-05
940.28,-9.52E-06,3.92E-06,1.07E-05,1.54E-05,0.00028607,3.34E-05,4.28E-05
940.53,-5.51E-06,4.48E-06,8.24E-06,1.26E-05,0.00027723,3.53E-05,4.60E-05
940.77,-9.29E-06,8.08E-06,-1.46E-06,5.70E-06,0.00026839,3.72E-05,4.65E-05
941.01,-8.95E-06,3.75E-06,-4.52E-06,1.26E-06,0.00026013,3.95E-05,4.73E-05
941.25,-9.14E-06,-2.75E-06,-3.23E-06,-3.81E-06,0.00026265,4.83E-05,4.36E-05
941.49,-9.71E-06,-2.25E-06,-4.87E-06,-3.48E-06,0.00026518,5.71E-05,4.74E-05
941.74,-7.52E-06,-5.90E-06,-8.17E-06,-1.87E-06,0.00026771,6.60E-05,4.35E-05
941.98,-5.94E-06,-6.19E-06,-7.83E-06,-8.46E-06,0.00026045,5.55E-05,4.57E-05
942.22,-2.38E-06,-7.44E-06,-1.65E-05,-1.72E-05,0.00025192,4.26E-05,4.95E-05
942.46,-3.79E-06,-5.27E-06,-1.43E-05,-1.51E-05,0.00024339,2.96E-05,4.29E-05
942.7,-7.09E-07,-6.13E-06,-1.60E-05,-1.32E-05,0.00026052,1.99E-05,4.24E-05
942.95,-2.44E-06,-1.78E-06,-1.39E-05,-1.35E-05,0.00028769,1.13E-05,4.12E-05
943.19,-1.28E-06,-2.69E-06,-1.24E-05,-8.30E-06,0.00031485,2.81E-06,3.96E-05
943.43,-2.40E-06,-2.96E-06,-1.70E-05,-1.09E-05,0.00028367,-5.37E-06,4.14E-05
943.67,-3.15E-06,9.42E-07,-1.73E-05,-7.40E-06,0.00020532,-1.33E-05,3.88E-05
943.91,-4.79E-06,-3.07E-07,-1.46E-05,-1.34E-05,0.00012699,-2.12E-05,3.42E-05
944.16,-8.27E-07,1.27E-06,-1.28E-05,-1.87E-05,8.01E-05,-1.65E-05,4.23E-05
944.4,-1.32E-06,-4.04E-06,-9.82E-06,-1.62E-05,8.29E-05,8.19E-06,3.85E-05
944.64,-5.25E-06,-5.22E-06,-4.00E-06,-6.01E-06,8.58E-05,3.28E-05,3.39E-05
944.88,-9.27E-06,-1.20E-05,-1.68E-06,-3.95E-06,8.95E-05,5.25E-05,3.41E-05
945.12,-1.17E-05,-9.70E-06,4.12E-07,-5.83E-06,9.61E-05,5.47E-05,3.38E-05
945.37,-6.88E-06,-1.42E-05,-5.71E-06,-7.67E-06,0.00010274,5.69E-05,3.62E-05
945.61,-3.11E-06,-1.02E-05,-1.04E-05,-1.25E-05,0.0001102,5.95E-05,3.94E-05
945.85,-1.41E-06,-1.23E-05,-5.57E-06,-9.84E-06,0.00013105,6.87E-05,3.40E-05
946.09,1.69E-06,-1.02E-05,-8.25E-07,-8.13E-06,0.0001519,7.79E-05,3.84E-05
946.33,4.60E-06,-7.99E-06,-7.94E-06,-3.18E-06,0.00017276,8.70E-05,4.64E-05
946.58,-2.74E-06,-5.03E-06,-7.27E-06,-4.61E-06,0.00016569,6.99E-05,4.60E-05
946.82,-2.55E-06,5.89E-06,-7.79E-06,-3.16E-08,0.00015526,4.97E-05,6.19E-05
947.06,-8.20E-07,4.75E-06,-6.73E-06,-3.10E-06,0.00014483,2.95E-05,6.20E-05
947.3,3.98E-07,5.96E-06,-5.84E-06,-3.60E-06,0.00013923,3.07E-05,6.46E-05
947.54,6.61E-07,1.11E-05,-9.03E-06,-3.32E-06,0.00013544,3.98E-05,5.70E-05
947.79,-4.50E-06,1.19E-05,-4.52E-06,2.66E-07,0.00013165,4.90E-05,5.59E-05
948.03,-6.62E-06,1.67E-05,-5.28E-07,3.17E-06,0.00013035,5.53E-05,5.47E-05
948.27,-9.42E-06,2.66E-05,2.31E-06,4.13E-06,0.00013099,5.94E-05,5.68E-05
948.51,-9.03E-06,2.48E-05,-4.79E-06,-2.40E-06,0.00013162,6.35E-05,5.93E-05
948.76,-6.75E-06,2.45E-05,-4.87E-06,-9.01E-06,0.00013871,5.95E-05,5.68E-05
949,-5.63E-06,2.84E-05,-4.50E-06,-4.94E-06,0.00015546,4.34E-05,5.09E-05
949.24,-6.20E-06,2.15E-05,-6.59E-06,-1.13E-05,0.00017221,2.73E-05,3.74E-05
949.48,-7.93E-06,2.06E-05,-8.28E-06,-1.25E-05,0.00018327,1.60E-05,3.91E-05
949.72,-9.64E-06,1.72E-05,-8.36E-06,-1.38E-05,0.000176,2.05E-05,3.70E-05
949.97,-7.34E-06,1.34E-05,-5.35E-06,-1.70E-05,0.00016873,2.49E-05,4.60E-05
950.21,-7.89E-06,1.32E-05,-4.82E-06,-1.56E-05,0.00016004,2.87E-05,4.75E-05
950.45,-9.81E-06,3.75E-06,-3.14E-06,-1.44E-05,0.00013348,2.46E-05,4.40E-05
950.69,-6.01E-06,4.86E-06,-3.55E-06,-1.25E-05,0.00010693,2.05E-05,5.42E-05
950.93,-1.09E-05,4.18E-06,-3.96E-06,-8.91E-06,8.04E-05,1.64E-05,5.36E-05
951.18,-1.40E-05,7.68E-06,3.44E-06,9.48E-08,8.00E-05,1.28E-05,5.18E-05
951.42,-1.03E-05,3.34E-06,2.61E-06,-6.00E-06,8.22E-05,9.35E-06,5.58E-05
951.66,-4.97E-06,1.07E-06,2.92E-06,-3.14E-06,8.44E-05,5.88E-06,5.51E-05
951.9,-5.53E-06,4.30E-07,7.12E-06,-2.04E-06,7.03E-05,2.69E-07,5.70E-05
952.15,-4.96E-06,6.83E-06,7.49E-06,-4.47E-07,5.07E-05,-6.06E-06,6.23E-05
952.39,-6.70E-06,9.47E-06,8.60E-06,5.51E-06,3.11E-05,-1.24E-05,6.09E-05
952.63,-4.65E-06,9.72E-06,8.61E-06,-7.47E-07,2.28E-05,-8.70E-06,6.14E-05
952.87,-5.20E-06,1.15E-05,9.18E-06,1.60E-06,2.25E-05,2.05E-06,6.33E-05
953.11,-1.05E-05,7.47E-06,1.48E-06,1.98E-06,2.22E-05,1.28E-05,5.84E-05
953.36,-8.10E-06,6.09E-06,4.47E-06,3.40E-06,1.76E-05,1.93E-05,5.69E-05
953.6,-2.99E-06,1.33E-05,-4.39E-06,-3.81E-06,7.14E-06,1.99E-05,6.50E-05
953.84,-3.91E-06,7.31E-06,-4.82E-06,-6.53E-07,-3.29E-06,2.05E-05,6.68E-05
954.08,-8.84E-06,1.15E-05,-5.53E-06,-3.27E-06,-5.62E-06,2.27E-05,7.15E-05
954.33,-6.21E-06,1.78E-05,-9.50E-06,-6.92E-06,1.49E-05,2.90E-05,7.39E-05
954.57,-5.77E-06,1.55E-05,-5.60E-06,-4.66E-06,3.55E-05,3.53E-05,6.84E-05
954.81,-5.18E-06,1.28E-05,-4.68E-06,-8.29E-06,5.35E-05,4.06E-05,7.02E-05
955.05,-2.69E-06,8.73E-06,-5.56E-06,-5.60E-06,4.88E-05,3.68E-05,6.91E-05
955.29,-3.77E-06,3.91E-06,-2.83E-06,-9.58E-06,4.40E-05,3.30E-05,6.75E-05
955.54,-3.35E-06,-8.03E-07,3.41E-06,-1.45E-05,3.93E-05,2.92E-05,6.50E-05
955.78,8.08E-07,-2.86E-08,3.09E-06,-2.12E-05,5.00E-05,3.26E-05,6.40E-05
956.02,-2.76E-07,-2.28E-06,1.12E-05,-1.52E-05,6.17E-05,3.64E-05,6.00E-05
956.26,-8.43E-07,1.63E-06,9.69E-06,-1.93E-05,7.34E-05,4.02E-05,6.50E-05
956.51,-3.06E-06,-8.04E-07,1.63E-05,-1.29E-05,6.49E-05,4.10E-05,6.29E-05
956.75,-3.76E-06,-3.08E-06,1.93E-05,-9.67E-06,5.07E-05,4.10E-05,5.11E-05
956.99,-2.52E-06,-5.38E-06,1.94E-05,-1.25E-05,3.65E-05,4.10E-05,5.43E-05
957.23,-3.45E-06,-9.25E-06,2.06E-05,-1.37E-05,4.88E-05,3.79E-05,5.66E-05
957.48,-6.23E-06,-4.06E-07,2.45E-05,-1.28E-05,7.76E-05,3.28E-05,5.98E-05
957.72,-2.44E-06,3.28E-06,2.10E-05,-1.28E-05,0.00010635,2.78E-05,6.43E-05
957.96,-2.53E-06,3.08E-06,2.27E-05,-1.18E-05,0.00011247,2.12E-05,5.49E-05
958.2,-4.04E-06,5.16E-06,2.92E-05,-5.74E-06,9.16E-05,1.30E-05,5.68E-05
958.45,-4.80E-06,-6.48E-06,2.74E-05,-9.28E-06,7.07E-05,4.79E-06,5.64E-05
958.69,-1.74E-06,1.02E-05,3.22E-05,-1.02E-05,6.68E-05,-2.41E-06,5.88E-05
958.93,-1.04E-06,1.66E-05,3.59E-05,-9.58E-06,0.00010317,-7.15E-06,5.14E-05
959.17,-3.29E-06,2.20E-05,3.69E-05,-9.95E-06,0.00013956,-1.19E-05,6.45E-05
959.42,-3.91E-06,2.42E-05,3.50E-05,-1.01E-05,0.00016496,-1.57E-05,6.54E-05
959.66,-9.45E-06,2.57E-05,3.89E-05,-5.41E-06,0.00012065,-1.31E-05,6.75E-05
959.9,-8.86E-06,1.81E-05,3.75E-05,-3.89E-06,7.63E-05,-1.06E-05,7.00E-05
960.14,-4.42E-06,1.88E-05,4.14E-05,6.28E-06,3.20E-05,-8.06E-06,7.28E-05
960.38,2.73E-07,1.78E-05,4.08E-05,1.04E-07,3.69E-05,3.75E-06,8.98E-05
960.63,-1.91E-07,2.19E-05,3.90E-05,-1.62E-06,4.29E-05,1.58E-05,9.43E-05
960.87,-3.52E-06,2.38E-05,4.47E-05,5.60E-07,4.89E-05,2.78E-05,9.29E-05
961.11,-6.35E-06,9.88E-06,5.07E-05,6.85E-06,4.84E-05,2.17E-05,9.20E-05
961.35,-4.69E-07,5.67E-06,4.44E-05,3.66E-07,4.65E-05,1.16E-05,0.00010365
961.6,1.40E-06,1.34E-06,4.55E-05,-3.07E-06,4.46E-05,1.47E-06,0.00010373
961.84,1.57E-06,1.58E-06,5.30E-05,-2.67E-06,5.25E-05,-5.75E-06,0.00010398
962.08,8.55E-06,3.79E-06,5.10E-05,-5.83E-06,6.55E-05,-1.14E-05,0.00010368
962.32,9.25E-06,1.20E-05,5.48E-05,-1.13E-05,7.85E-05,-1.71E-05,0.00010247
962.57,2.70E-06,1.34E-05,5.01E-05,-2.10E-05,6.48E-05,-1.34E-05,0.00010522
962.81,-2.78E-06,1.36E-05,5.46E-05,-1.39E-05,2.43E-05,-6.87E-08,9.73E-05
963.05,-4.57E-06,7.15E-06,5.78E-05,-1.51E-05,-1.63E-05,1.32E-05,9.81E-05
963.29,-5.41E-06,1.54E-05,6.11E-05,-1.65E-05,-3.63E-05,2.40E-05,0.00010116
963.54,-6.40E-06,1.25E-05,6.09E-05,-2.20E-05,-1.67E-05,3.01E-05,9.74E-05
963.78,-9.29E-06,2.65E-05,6.33E-05,-2.62E-05,2.94E-06,3.61E-05,8.56E-05
964.02,-9.62E-06,2.47E-05,6.67E-05,-1.87E-05,2.11E-05,4.04E-05,8.45E-05
964.26,-6.21E-06,3.04E-05,6.15E-05,-2.47E-05,3.25E-05,3.73E-05,8.71E-05
964.51,-7.52E-06,3.25E-05,6.40E-05,-2.53E-05,4.39E-05,3.41E-05,9.08E-05
964.75,-7.00E-06,2.70E-05,7.07E-05,-1.40E-05,5.42E-05,3.13E-05,8.48E-05
964.99,-1.22E-06,3.97E-05,7.37E-05,-2.62E-05,2.29E-05,4.33E-05,9.18E-05
965.23,4.02E-08,4.36E-05,8.04E-05,-2.14E-05,-8.46E-06,5.54E-05,9.69E-05
965.48,1.68E-06,5.48E-05,8.43E-05,-2.19E-05,-3.98E-05,6.74E-05,0.00010176
965.72,2.95E-06,5.01E-05,8.97E-05,-1.56E-05,-1.99E-05,5.80E-05,0.00010431
965.96,4.38E-06,5.50E-05,9.30E-05,-8.30E-06,8.01E-06,4.54E-05,0.00010926
966.21,2.39E-06,4.01E-05,0.00010101,-4.40E-06,3.59E-05,3.27E-05,0.00012027
966.45,2.70E-06,4.53E-05,9.70E-05,-1.89E-05,4.96E-05,2.54E-05,0.00013226
966.69,1.55E-06,4.22E-05,0.00010275,-1.95E-05,5.75E-05,2.03E-05,0.00013723
966.93,2.29E-06,4.03E-05,0.00010258,-2.20E-05,6.54E-05,1.53E-05,0.00013881
967.18,-3.03E-06,4.34E-05,0.00010321,-2.60E-05,7.53E-05,9.68E-06,0.00014698
967.42,-9.34E-06,3.19E-05,0.00010855,-1.27E-05,8.67E-05,3.66E-06,0.00014176
967.66,-8.60E-06,3.05E-05,0.00011,-9.83E-06,9.81E-05,-2.35E-06,0.00014257
967.9,-6.28E-06,2.40E-05,0.00010985,-2.95E-06,0.00010412,-4.38E-06,0.0001443
968.15,-7.05E-06,2.40E-05,0.00010552,-1.70E-05,0.00010191,-2.59E-07,0.000143
968.39,-8.79E-06,2.51E-05,0.00010233,-2.88E-05,9.97E-05,3.86E-06,0.00014358
968.63,-3.88E-06,2.58E-05,9.66E-05,-2.66E-05,9.54E-05,4.06E-06,0.00015058
968.87,-4.33E-07,3.11E-05,0.00010005,-1.59E-05,8.47E-05,-8.29E-06,0.00014842
969.12,-1.46E-07,2.85E-05,9.72E-05,-1.60E-05,7.39E-05,-2.06E-05,0.00014594
969.36,-2.26E-06,3.60E-05,9.67E-05,-1.91E-05,6.37E-05,-2.97E-05,0.00014713
969.6,-1.21E-06,4.21E-05,9.77E-05,-1.78E-05,6.02E-05,-1.52E-06,0.00015025
969.85,1.30E-06,4.91E-05,9.79E-05,-2.02E-05,5.67E-05,2.67E-05,0.00015263
970.09,-1.13E-06,5.82E-05,9.34E-05,-2.93E-05,5.33E-05,5.49E-05,0.00015653
970.33,-3.14E-06,5.72E-05,8.91E-05,-3.75E-05,5.30E-05,5.26E-05,0.00015572
970.57,-7.93E-08,6.84E-05,9.04E-05,-2.73E-05,5.30E-05,4.79E-05,0.00016345
970.82,-1.16E-06,7.19E-05,9.32E-05,-1.22E-05,5.30E-05,4.31E-05,0.00016183
971.06,-1.73E-06,7.57E-05,9.39E-05,-6.07E-06,2.33E-05,3.40E-05,0.00016237
971.3,-3.89E-06,7.06E-05,9.54E-05,-9.22E-06,-1.54E-05,2.35E-05,0.00015994
971.54,-5.58E-06,7.48E-05,9.54E-05,-5.33E-06,-5.40E-05,1.30E-05,0.00016422
971.79,-2.49E-06,7.56E-05,9.52E-05,-3.44E-06,-5.75E-05,-9.07E-07,0.00016547
972.03,-2.85E-06,7.75E-05,9.17E-05,-8.85E-06,-3.88E-05,-1.71E-05,0.00016859
972.27,-2.22E-06,7.82E-05,8.65E-05,-1.53E-05,-2.01E-05,-3.32E-05,0.00017265
972.52,3.05E-06,7.47E-05,8.87E-05,-1.07E-05,-1.36E-05,-3.23E-05,0.00016941
972.76,7.02E-06,8.37E-05,8.68E-05,-1.04E-05,-2.15E-05,-1.10E-05,0.00017499
973,3.86E-06,7.79E-05,8.43E-05,-1.10E-05,-2.95E-05,1.02E-05,0.00017538
973.24,6.40E-06,7.89E-05,8.07E-05,-2.11E-05,-3.01E-05,2.89E-05,0.00018477
973.49,4.35E-06,8.66E-05,7.78E-05,-2.95E-05,-1.39E-05,4.19E-05,0.0001918
973.73,3.91E-06,8.34E-05,6.80E-05,-3.38E-05,2.22E-06,5.49E-05,0.00020243
973.97,6.87E-06,7.94E-05,6.49E-05,-3.38E-05,1.73E-05,6.37E-05,0.00020792
974.21,5.30E-06,8.50E-05,5.97E-05,-3.09E-05,2.58E-05,4.78E-05,0.00020334
974.46,6.05E-06,8.38E-05,5.77E-05,-2.47E-05,3.44E-05,3.20E-05,0.00020948
974.7,2.82E-06,8.12E-05,5.94E-05,-1.26E-05,4.29E-05,1.61E-05,0.00021427
974.94,-1.82E-06,8.04E-05,4.90E-05,-1.68E-05,5.31E-05,2.46E-06,0.00022525
975.19,-6.96E-06,7.73E-05,5.01E-05,-1.19E-05,6.32E-05,-1.12E-05,0.00022917
975.43,-3.29E-06,8.57E-05,4.43E-05,-1.16E-05,7.34E-05,-2.48E-05,0.00023987
975.67,-3.01E-06,9.33E-05,4.04E-05,-5.70E-06,6.70E-05,-2.83E-05,0.00025021
975.91,-2.53E-06,9.09E-05,4.01E-05,-2.87E-06,5.75E-05,-2.99E-05,0.00025785
976.16,-3.03E-06,0.00010093,4.49E-05,3.69E-06,4.80E-05,-3.15E-05,0.00026326
976.4,-2.41E-06,0.00010672,4.36E-05,1.09E-05,6.69E-05,-2.55E-05,0.00027047
976.64,-3.69E-06,0.00010781,4.15E-05,1.29E-05,9.89E-05,-1.60E-05,0.00029181
976.89,2.88E-06,0.0001124,3.59E-05,6.06E-06,0.00013096,-6.47E-06,0.0002952
977.13,4.49E-06,0.0001197,3.07E-05,6.81E-06,0.00014095,-1.16E-06,0.00029961
977.37,1.29E-05,0.00012955,2.91E-05,5.99E-06,0.00013144,4.26E-07,0.00030845
977.61,1.58E-05,0.00012976,2.51E-05,3.27E-06,0.00012193,2.01E-06,0.00031102
977.86,1.26E-05,0.00013255,2.93E-05,4.36E-06,0.00011337,-2.50E-06,0.00031021
978.1,1.03E-05,0.00013127,2.69E-05,-6.80E-07,0.00010639,-1.71E-05,0.00030896
978.34,9.17E-06,0.00013454,2.83E-05,2.44E-06,9.94E-05,-3.17E-05,0.00030767
978.59,1.00E-05,0.00013862,2.83E-05,2.31E-06,8.49E-05,-4.18E-05,0.00030322
978.83,6.91E-06,0.00014814,2.60E-05,-3.30E-06,4.43E-05,-3.64E-05,0.00030196
979.07,8.45E-06,0.00014503,3.01E-05,-4.84E-06,3.74E-06,-3.10E-05,0.00029891
979.32,6.13E-06,0.00014775,2.73E-05,-7.77E-06,-3.36E-05,-2.55E-05,0.00029952
979.56,9.95E-06,0.00014369,2.66E-05,-9.89E-06,-2.72E-05,-1.89E-05,0.00030231
979.8,3.77E-06,0.00013945,2.69E-05,-6.37E-06,-2.09E-05,-1.22E-05,0.00029658
980.04,3.92E-06,0.00014461,2.87E-05,-1.75E-06,-1.45E-05,-5.55E-06,0.00029678
980.29,1.12E-05,0.00014364,2.09E-05,-1.48E-06,-1.66E-05,-3.54E-06,0.00029759
980.53,1.07E-05,0.00014247,2.17E-05,5.68E-06,-1.95E-05,-1.96E-06,0.0002902
980.77,8.89E-06,0.00013969,1.94E-05,3.94E-06,-2.23E-05,-3.73E-07,0.00028501
981.02,5.25E-06,0.00013028,1.86E-05,6.27E-06,-3.35E-06,1.80E-05,0.00028301
981.26,5.48E-06,0.00012351,1.68E-05,5.80E-06,2.23E-05,4.14E-05,0.00028083
981.5,5.87E-06,0.00011498,4.48E-06,-3.33E-06,4.80E-05,6.49E-05,0.00027814
981.74,3.71E-06,0.00010828,7.51E-06,2.88E-06,3.06E-05,5.71E-05,0.00027355
981.99,-1.20E-06,0.00010523,1.14E-05,2.43E-06,-1.41E-05,2.95E-05,0.00026515
982.23,2.67E-06,0.0001024,5.38E-06,-3.27E-06,-5.89E-05,1.89E-06,0.00026024
982.47,2.00E-06,0.00010027,3.17E-06,-9.07E-06,-7.34E-05,-3.65E-06,0.0002584
982.72,-2.95E-06,9.18E-05,5.64E-06,-1.07E-05,-5.24E-05,1.67E-05,0.00025035
982.96,-5.09E-06,8.49E-05,7.76E-06,-1.10E-05,-3.15E-05,3.70E-05,0.00024793
983.2,-5.95E-06,7.58E-05,7.63E-06,-1.55E-05,-1.31E-05,4.90E-05,0.00024327
983.45,1.24E-06,7.32E-05,5.83E-06,-1.80E-05,-3.92E-07,4.27E-05,0.0002378
983.69,5.96E-07,6.79E-05,7.35E-06,-1.56E-05,1.23E-05,3.64E-05,0.00023545
983.93,2.90E-07,7.29E-05,1.50E-05,-1.12E-05,2.55E-05,2.97E-05,0.00022981
984.18,5.84E-06,7.47E-05,1.46E-05,-1.22E-05,4.14E-05,2.11E-05,0.00021766
984.42,1.28E-05,7.29E-05,1.04E-05,-1.21E-05,5.72E-05,1.25E-05,0.00021566
984.66,7.63E-06,6.92E-05,2.12E-05,-4.32E-06,7.31E-05,4.09E-06,0.0002138
984.9,7.25E-06,6.31E-05,1.97E-05,-4.49E-06,9.02E-05,2.03E-05,0.00021069
985.15,3.56E-06,5.59E-05,2.05E-05,-5.85E-06,0.00010737,3.65E-05,0.00020591
985.39,4.22E-06,5.69E-05,1.81E-05,-5.84E-06,0.00012451,5.26E-05,0.00020878
985.63,8.05E-06,6.24E-05,1.30E-05,-5.91E-06,8.14E-05,3.30E-05,0.00021095
985.88,1.10E-06,6.47E-05,9.71E-06,-7.43E-06,2.81E-05,7.32E-06,0.00020986
986.12,5.90E-06,6.88E-05,6.72E-06,-8.14E-06,-2.52E-05,-1.84E-05,0.000208
986.36,8.90E-06,6.64E-05,4.58E-06,-3.71E-06,-3.21E-05,-7.68E-06,0.00020969
986.61,2.94E-06,5.31E-05,7.20E-06,-1.79E-06,-1.94E-05,1.83E-05,0.00021713
986.85,-5.11E-06,5.59E-05,7.75E-06,-5.24E-06,-6.67E-06,4.44E-05,0.0002159
987.09,1.55E-07,5.27E-05,8.60E-07,-1.39E-05,-3.81E-06,5.55E-05,0.00021526
987.34,5.20E-06,4.42E-05,-3.69E-06,-1.73E-05,-8.89E-06,5.45E-05,0.00021231
987.58,8.28E-06,5.30E-05,-4.96E-06,-1.90E-05,-1.40E-05,5.36E-05,0.00021514
987.82,9.92E-06,5.20E-05,-5.33E-06,-2.01E-05,-1.10E-05,5.07E-05,0.00021121
988.07,1.29E-05,4.92E-05,-3.47E-07,-1.79E-05,3.93E-06,4.50E-05,0.00020662
988.31,1.41E-05,4.94E-05,3.54E-06,-1.25E-05,1.89E-05,3.93E-05,0.0002067
988.55,1.22E-05,4.91E-05,5.22E-06,-1.31E-05,3.14E-05,3.39E-05,0.00020638
988.79,8.58E-06,4.44E-05,8.61E-06,-1.15E-05,3.72E-05,2.94E-05,0.00019891
989.04,8.49E-06,5.07E-05,3.36E-06,-1.44E-05,4.29E-05,2.50E-05,0.00019955
989.28,9.56E-06,4.81E-05,-5.40E-07,-1.15E-05,4.65E-05,2.19E-05,0.00019766
989.52,6.10E-06,4.93E-05,-4.78E-07,-1.17E-05,3.19E-05,3.05E-05,0.00019625
989.77,-1.31E-06,5.42E-05,2.04E-06,-9.23E-06,1.73E-05,3.90E-05,0.00019459
990.01,-3.16E-06,5.97E-05,4.68E-06,-5.45E-06,2.68E-06,4.76E-05,0.00019602
990.25,-4.05E-06,5.91E-05,7.11E-06,-5.79E-06,-8.60E-06,5.89E-05,0.00019312
990.5,-1.03E-05,6.43E-05,1.53E-06,-1.30E-05,-1.97E-05,7.03E-05,0.00019283
990.74,-8.92E-06,6.02E-05,1.24E-06,-1.82E-05,-3.08E-05,8.18E-05,0.00018964
990.98,-1.19E-05,5.71E-05,-1.89E-06,-2.03E-05,-2.25E-05,6.23E-05,0.0001852
991.23,-1.10E-05,6.09E-05,-3.46E-07,-2.22E-05,-9.51E-06,3.53E-05,0.00018656
991.47,-4.77E-06,5.38E-05,-5.75E-06,-2.45E-05,3.51E-06,8.31E-06,0.00019105
991.71,-7.51E-06,5.00E-05,-2.74E-07,-2.63E-05,6.75E-06,1.34E-05,0.00019074
991.96,-9.61E-06,5.17E-05,3.39E-06,-1.71E-05,4.85E-06,3.53E-05,0.00018993
992.2,-6.96E-06,5.25E-05,7.67E-06,-9.21E-06,2.94E-06,5.72E-05,0.00018924
992.44,-3.58E-06,4.10E-05,2.15E-06,-7.29E-06,6.98E-06,5.85E-05,0.00018808
992.69,-4.37E-06,3.84E-05,2.95E-06,-7.29E-06,1.68E-05,3.98E-05,0.00019023
992.93,-5.45E-06,3.21E-05,8.34E-06,-1.89E-07,2.67E-05,2.10E-05,0.00018839
993.17,-6.71E-07,3.12E-05,1.33E-06,-6.52E-06,3.22E-05,8.89E-06,0.00019295
993.42,7.85E-08,2.39E-05,1.01E-06,-5.01E-06,3.00E-05,8.57E-06,0.00019516
993.66,3.11E-06,2.10E-05,-2.68E-06,-5.41E-06,2.78E-05,8.25E-06,0.0001952